{
  "type": "FeatureCollection",
  "features": [
    {
      "type": "Feature",
      "id": 27,
      "geometry": {
        "type": "Polygon",
        "coordinates": [
          [
            [
              -124.26258264330536,
              40.69163083420307
            ],
            [
              -124.26283433129277,
              40.691850988217034
            ],
            [
              -124.2635037909634,
              40.69215995614419
            ],
            [
              -124.2641796112515,
              40.692644506771536
            ],
            [
              -124.26476893862242,
              40.69311823054008
            ],
            [
              -124.26500522142467,
              40.6934594898446
            ],
            [
              -124.2650541365866,
              40.693811137049806
            ],
            [
              -124.2649013576425,
              40.69407473652754
            ],
            [
              -124.26479150208284,
              40.69447577595989
            ],
            [
              -124.26471748232926,
              40.69483838263714
            ],
            [
              -124.2647234087967,
              40.69515149141546
            ],
            [
              -124.26483665573294,
              40.69555839839088
            ],
            [
              -124.26517399479744,
              40.69594383117053
            ],
            [
              -124.26548357473507,
              40.6960980385033
            ],
            [
              -124.26597385294836,
              40.69619787434217
            ],
            [
              -124.26642755674342,
              40.69638011699882
            ],
            [
              -124.26717730746866,
              40.69647472378707
            ],
            [
              -124.26771061943867,
              40.69660744137064
            ],
            [
              -124.26807774487965,
              40.696739967155125
            ],
            [
              -124.26855377695107,
              40.696773789510665
            ],
            [
              -124.26959148153274,
              40.697000781236454
            ],
            [
              -124.2709245522668,
              40.69736020692485
            ],
            [
              -124.27119840508972,
              40.69740461272932
            ],
            [
              -124.27172510894945,
              40.69739443975378
            ],
            [
              -124.27286497732153,
              40.69744039063688
            ],
            [
              -124.27323251923647,
              40.69747961761207
            ],
            [
              -124.27371659406984,
              40.69734296846265
            ],
            [
              -124.27439523455321,
              40.69726162167456
            ],
            [
              -124.27536387859041,
              40.69682909063025
            ],
            [
              -124.27675082095516,
              40.69665470031296
            ],
            [
              -124.27683257499665,
              40.6964347609587
            ],
            [
              -124.27742854191716,
              40.69569870046881
            ],
            [
              -124.27768626939994,
              40.69517711394415
            ],
            [
              -124.27796658890855,
              40.69490788008452
            ],
            [
              -124.27836824821449,
              40.694298291937095
            ],
            [
              -124.27901484123308,
              40.693606051353484
            ],
            [
              -124.27969066648366,
              40.69301797742213
            ],
            [
              -124.28012129129289,
              40.69244127293125
            ],
            [
              -124.28019256846181,
              40.69221622507561
            ],
            [
              -124.28047898059033,
              40.69166169042648
            ],
            [
              -124.28050733718823,
              40.69152996157333
            ],
            [
              -124.2809957202539,
              40.690975106462815
            ],
            [
              -124.28125372938062,
              40.690535829942846
            ],
            [
              -124.28148369520697,
              40.690310523044744
            ],
            [
              -124.28175646286745,
              40.689964481483024
            ],
            [
              -124.28221519841293,
              40.689206679017985
            ],
            [
              -124.28248829555736,
              40.68894838993124
            ],
            [
              -124.28344330004607,
              40.68782223447074
            ],
            [
              -124.28358633741944,
              40.687509310825355
            ],
            [
              -124.28404521201651,
              40.68678990131725
            ],
            [
              -124.28427415304229,
              40.686312253750785
            ],
            [
              -124.28499889996183,
              40.68534005413452
            ],
            [
              -124.28571597744799,
              40.68426362314759
            ],
            [
              -124.2861387455644,
              40.68354975526277
            ],
            [
              -124.28702863480505,
              40.68240722625522
            ],
            [
              -124.28713582329536,
              40.682149214403545
            ],
            [
              -124.28738732263038,
              40.681912908737196
            ],
            [
              -124.28760957270039,
              40.6815723986809
            ],
            [
              -124.28780343812024,
              40.681347171597764
            ],
            [
              -124.28788907050539,
              40.68111661888968
            ],
            [
              -124.28816147163631,
              40.68068826011042
            ],
            [
              -124.28850610742374,
              40.68029269980289
            ],
            [
              -124.28871406641383,
              40.679990642758426
            ],
            [
              -124.28902949785538,
              40.67950734209973
            ],
            [
              -124.28908654584099,
              40.67933718136704
            ],
            [
              -124.28933050356572,
              40.679024077878466
            ],
            [
              -124.28946566730342,
              40.67854656409423
            ],
            [
              -124.28947941384322,
              40.67837098823074
            ],
            [
              -124.28957946005858,
              40.6781404211491
            ],
            [
              -124.28990967266317,
              40.677744889662776
            ],
            [
              -124.29001690316007,
              40.67750881673848
            ],
            [
              -124.2901460381337,
              40.67733852661234
            ],
            [
              -124.29157418160521,
              40.67556419811645
            ],
            [
              -124.29208188180793,
              40.67447163842072
            ],
            [
              -124.29249125376995,
              40.67404853515711
            ],
            [
              -124.29261991155893,
              40.67375755783527
            ],
            [
              -124.2934879704825,
              40.67262051754736
            ],
            [
              -124.2941324149439,
              40.671472861099446
            ],
            [
              -124.29498622352715,
              40.67039616529962
            ],
            [
              -124.29522955505452,
              40.66993493446208
            ],
            [
              -124.29548775003036,
              40.669583403212904
            ],
            [
              -124.29559469878978,
              40.669281481332845
            ],
            [
              -124.2958808864383,
              40.66872143794068
            ],
            [
              -124.29641164488062,
              40.66801285550384
            ],
            [
              -124.29661169914641,
              40.66755169473384
            ],
            [
              -124.29707021844948,
              40.66681029769071
            ],
            [
              -124.29724976932643,
              40.66663444222398
            ],
            [
              -124.29758674693777,
              40.66615659746622
            ],
            [
              -124.2978739712202,
              40.66585986241309
            ],
            [
              -124.29845386711372,
              40.66482750720592
            ],
            [
              -124.29866117054546,
              40.66438278226585
            ],
            [
              -124.2988039216938,
              40.664025946319626
            ],
            [
              -124.29889619876234,
              40.66366372831106
            ],
            [
              -124.29904623079595,
              40.66332333427688
            ],
            [
              -124.29966293934737,
              40.662488408623304
            ],
            [
              -124.29990631367173,
              40.662049119983564
            ],
            [
              -124.30053774028195,
              40.66129645249278
            ],
            [
              -124.30063734748776,
              40.66096712583254
            ],
            [
              -124.30087349519877,
              40.660533324565584
            ],
            [
              -124.3015761118402,
              40.65956110278378
            ],
            [
              -124.30223638506331,
              40.65881933938969
            ],
            [
              -124.30361752304313,
              40.656298895129474
            ],
            [
              -124.30433458876867,
              40.65535405589226
            ],
            [
              -124.30456350266395,
              40.65492026637923
            ],
            [
              -124.30479994703417,
              40.65456326865909
            ],
            [
              -124.30540963107265,
              40.65380514273233
            ],
            [
              -124.30545215593635,
              40.6536295102948
            ],
            [
              -124.30573837627236,
              40.6531133396605
            ],
            [
              -124.30646966538268,
              40.65213553425436
            ],
            [
              -124.30663394474898,
              40.65176769981951
            ],
            [
              -124.30670440457915,
              40.65137259089664
            ],
            [
              -124.30701240865206,
              40.65089477308039
            ],
            [
              -124.30737089787729,
              40.65042234631724
            ],
            [
              -124.30808711325987,
              40.64929645782203
            ],
            [
              -124.30870434200455,
              40.6486425306073
            ],
            [
              -124.30974180593824,
              40.646780943174846
            ],
            [
              -124.31009345712462,
              40.646407275497424
            ],
            [
              -124.31044425284965,
              40.64583061789765
            ],
            [
              -124.31078134536423,
              40.645424065941775
            ],
            [
              -124.31097463918104,
              40.64510553850148
            ],
            [
              -124.31176906741943,
              40.64405107036223
            ],
            [
              -124.31240907159527,
              40.64311277829385
            ],
            [
              -124.31306914030675,
              40.64198092180515
            ],
            [
              -124.31366998768745,
              40.64109117565595
            ],
            [
              -124.31415035306793,
              40.640379859016434
            ],
            [
              -124.3150161629008,
              40.6394696677291
            ],
            [
              -124.31584013468714,
              40.63831063238875
            ],
            [
              -124.31594063200825,
              40.638217187073124
            ],
            [
              -124.31639894517811,
              40.63751963934245
            ],
            [
              -124.31673517632173,
              40.63693203992045
            ],
            [
              -124.31720851623507,
              40.63637709152818
            ],
            [
              -124.31742309728708,
              40.6359981730394
            ],
            [
              -124.31756556873499,
              40.63560292191005
            ],
            [
              -124.31831043122274,
              40.634509845264525
            ],
            [
              -124.31860317179287,
              40.63387293721579
            ],
            [
              -124.31883925299788,
              40.63346106839957
            ],
            [
              -124.31900397752055,
              40.63321939311053
            ],
            [
              -124.31932678101685,
              40.63286769555803
            ],
            [
              -124.31955591031539,
              40.6325216505516
            ],
            [
              -124.32018415210437,
              40.631143537752884
            ],
            [
              -124.32039724160286,
              40.63041899154771
            ],
            [
              -124.32049732687184,
              40.630232290700086
            ],
            [
              -124.32080595958088,
              40.62994096151591
            ],
            [
              -124.32132830798989,
              40.62907871019234
            ],
            [
              -124.32198488232737,
              40.627601779076336
            ],
            [
              -124.32230707762994,
              40.62711840344402
            ],
            [
              -124.32326799474508,
              40.62602491876308
            ],
            [
              -124.3234468921952,
              40.625739312814524
            ],
            [
              -124.32377565597362,
              40.625113312159
            ],
            [
              -124.32387487792946,
              40.624694889612734
            ],
            [
              -124.32413971646628,
              40.624274313636555
            ],
            [
              -124.32438702885786,
              40.62404613624396
            ],
            [
              -124.3248368199005,
              40.623178488502724
            ],
            [
              -124.32498693966367,
              40.62278677231037
            ],
            [
              -124.32555305408167,
              40.62230208429275
            ],
            [
              -124.32625057982744,
              40.62122822981506
            ],
            [
              -124.32638925115043,
              40.62097392941169
            ],
            [
              -124.32676446264936,
              40.61999187896512
            ],
            [
              -124.3272667672777,
              40.61922243915263
            ],
            [
              -124.32737646403649,
              40.618963001019715
            ],
            [
              -124.32796391072362,
              40.617996276908954
            ],
            [
              -124.32816985346183,
              40.61765731916705
            ],
            [
              -124.32845765770797,
              40.617302354879364
            ],
            [
              -124.3292554921432,
              40.61654022503434
            ],
            [
              -124.32968392742312,
              40.61602427730211
            ],
            [
              -124.33001717761033,
              40.61577305505109
            ],
            [
              -124.33030213227104,
              40.61528632278452
            ],
            [
              -124.33053322194655,
              40.6149759807593
            ],
            [
              -124.3304555110064,
              40.614713358537394
            ],
            [
              -124.33059531943177,
              40.61451396577231
            ],
            [
              -124.33062400612165,
              40.6141731471364
            ],
            [
              -124.33082650949349,
              40.613874139235314
            ],
            [
              -124.33079780737418,
              40.613545017346205
            ],
            [
              -124.3309965302766,
              40.613070339420084
            ],
            [
              -124.33095968023412,
              40.612697390957635
            ],
            [
              -124.33099203322917,
              40.61252676102652
            ],
            [
              -124.33108105541527,
              40.61231152859706
            ],
            [
              -124.33126372697855,
              40.61209511063449
            ],
            [
              -124.33147460539118,
              40.61151594481369
            ],
            [
              -124.33184123440164,
              40.6111435086726
            ],
            [
              -124.33193109849532,
              40.61096668115217
            ],
            [
              -124.33205340418527,
              40.61062472906518
            ],
            [
              -124.33207500903472,
              40.61028951302679
            ],
            [
              -124.33221964630721,
              40.6099802200035
            ],
            [
              -124.33249249969354,
              40.609603454873366
            ],
            [
              -124.33299243371889,
              40.60906463877436
            ],
            [
              -124.33321569623605,
              40.60872691536078
            ],
            [
              -124.33333176633212,
              40.60842897893431
            ],
            [
              -124.33328000685177,
              40.608034248200106
            ],
            [
              -124.33354588977447,
              40.607668564542585
            ],
            [
              -124.33377067163127,
              40.60706725341106
            ],
            [
              -124.33392415747582,
              40.60683471477896
            ],
            [
              -124.33419215699944,
              40.60656783644022
            ],
            [
              -124.33440692241726,
              40.60616983160112
            ],
            [
              -124.33523854819938,
              40.60497894984306
            ],
            [
              -124.33607365195752,
              40.60361781692514
            ],
            [
              -124.33667260946666,
              40.60233098540411
            ],
            [
              -124.33706190586732,
              40.601678209861156
            ],
            [
              -124.33715503908483,
              40.60132013761035
            ],
            [
              -124.33776147135097,
              40.60071408659694
            ],
            [
              -124.33796155053003,
              40.600305265087165
            ],
            [
              -124.33826626844507,
              40.599406455904955
            ],
            [
              -124.3384956131472,
              40.59901923211086
            ],
            [
              -124.33899209795177,
              40.5983266872112
            ],
            [
              -124.33928177445766,
              40.59806501936853
            ],
            [
              -124.33943178784315,
              40.597673289077385
            ],
            [
              -124.34000768656695,
              40.59699075071502
            ],
            [
              -124.34025757108846,
              40.59655385708182
            ],
            [
              -124.34055586942233,
              40.595693539643754
            ],
            [
              -124.34095358268574,
              40.59476612408965
            ],
            [
              -124.34104640480054,
              40.594397053212305
            ],
            [
              -124.34105015519476,
              40.59423778320593
            ],
            [
              -124.34126595775764,
              40.59355970261741
            ],
            [
              -124.34151521604053,
              40.59309536529022
            ],
            [
              -124.34217826635381,
              40.59211521204765
            ],
            [
              -124.34253206070443,
              40.59149032175326
            ],
            [
              -124.34306232304321,
              40.59069850176109
            ],
            [
              -124.34341563642288,
              40.590051656979895
            ],
            [
              -124.3439821945876,
              40.58861145859755
            ],
            [
              -124.34449299927786,
              40.5875892575273
            ],
            [
              -124.34484866933383,
              40.587052204707284
            ],
            [
              -124.34523197074833,
              40.586130438207626
            ],
            [
              -124.3455038359084,
              40.58571521957273
            ],
            [
              -124.34578435656667,
              40.58536580451824
            ],
            [
              -124.34586753263832,
              40.58521651277251
            ],
            [
              -124.34598196184977,
              40.5848471863138
            ],
            [
              -124.34648028281302,
              40.58424793454914
            ],
            [
              -124.34656156810502,
              40.584010823326686
            ],
            [
              -124.34658465666341,
              40.58341751345435
            ],
            [
              -124.3466443332364,
              40.58318065622757
            ],
            [
              -124.34757678441609,
              40.58168096882685
            ],
            [
              -124.34822055449138,
              40.58081634045357
            ],
            [
              -124.3485172458518,
              40.58021960069609
            ],
            [
              -124.34907140064861,
              40.578878382134626
            ],
            [
              -124.349345620157,
              40.578572955314286
            ],
            [
              -124.3496992865731,
              40.577948056777785
            ],
            [
              -124.34997254476094,
              40.577598719840104
            ],
            [
              -124.35064171604165,
              40.57592109983793
            ],
            [
              -124.35128951659236,
              40.57392526435167
            ],
            [
              -124.35134006466309,
              40.57360067383572
            ],
            [
              -124.35150480556558,
              40.573230725723484
            ],
            [
              -124.35196103047352,
              40.57235743495563
            ],
            [
              -124.35361089342345,
              40.57008549438487
            ],
            [
              -124.35410416189816,
              40.56926117639615
            ],
            [
              -124.35480940052159,
              40.56759407852414
            ],
            [
              -124.35501826577205,
              40.56693803201637
            ],
            [
              -124.35539090550324,
              40.56619759544944
            ],
            [
              -124.35571339698991,
              40.565798195110034
            ],
            [
              -124.35584008900882,
              40.5653353798102
            ],
            [
              -124.35669761024137,
              40.56306236051486
            ],
            [
              -124.35713860333018,
              40.56248576565168
            ],
            [
              -124.35732753600684,
              40.561906855584255
            ],
            [
              -124.35780893058448,
              40.5608740119819
            ],
            [
              -124.35796759335548,
              40.55990012371255
            ],
            [
              -124.35818446902505,
              40.55961188647578
            ],
            [
              -124.35822378827892,
              40.559106227900415
            ],
            [
              -124.35841322478593,
              40.558684501150275
            ],
            [
              -124.35766005721183,
              40.55926864062533
            ],
            [
              -124.35697984776179,
              40.55968719470208
            ],
            [
              -124.35507912667099,
              40.56060580531392
            ],
            [
              -124.35439694676955,
              40.5608570786751
            ],
            [
              -124.35321854767152,
              40.56105080272863
            ],
            [
              -124.35212221962188,
              40.56100074761095
            ],
            [
              -124.35015477522958,
              40.56077582196183
            ],
            [
              -124.34926091191296,
              40.56071416033119
            ],
            [
              -124.34841129014112,
              40.56077376466085
            ],
            [
              -124.34744598557751,
              40.56073993440526
            ],
            [
              -124.3465897558967,
              40.5608310368602
            ],
            [
              -124.3461579231162,
              40.56090390001771
            ],
            [
              -124.34514534048198,
              40.56114048811507
            ],
            [
              -124.34431994662867,
              40.56152912088782
            ],
            [
              -124.343574992674,
              40.561996910285394
            ],
            [
              -124.34272868069522,
              40.56230851851806
            ],
            [
              -124.34208934182415,
              40.562486936380964
            ],
            [
              -124.34138469499212,
              40.56258087974741
            ],
            [
              -124.3408226771725,
              40.56261403952815
            ],
            [
              -124.33983420769076,
              40.56250884778694
            ],
            [
              -124.33824788304433,
              40.56227041202636
            ],
            [
              -124.33723035214928,
              40.56205634475627
            ],
            [
              -124.33620565596986,
              40.56180248269971
            ],
            [
              -124.33544027977753,
              40.561690597845086
            ],
            [
              -124.33476294868969,
              40.56151307271019
            ],
            [
              -124.33272805372422,
              40.560396885892565
            ],
            [
              -124.33227151752314,
              40.560015013706085
            ],
            [
              -124.3319726462387,
              40.55964424544881
            ],
            [
              -124.33145856606131,
              40.55921395660145
            ],
            [
              -124.33072575414192,
              40.55867717002557
            ],
            [
              -124.32997250179679,
              40.55816336279413
            ],
            [
              -124.3289095251628,
              40.557657543902096
            ],
            [
              -124.3272844534987,
              40.55720761003212
            ],
            [
              -124.32587031004462,
              40.55689992220156
            ],
            [
              -124.32376093483704,
              40.55607720763186
            ],
            [
              -124.32296661773171,
              40.55583806414784
            ],
            [
              -124.32229554830522,
              40.55568365688455
            ],
            [
              -124.32149976696208,
              40.555395812662816
            ],
            [
              -124.32087115704137,
              40.555024673732596
            ],
            [
              -124.31987387408007,
              40.55467086450483
            ],
            [
              -124.31827795691034,
              40.55495992406651
            ],
            [
              -124.31774001729089,
              40.55517243475756
            ],
            [
              -124.3172212744245,
              40.555255270064684
            ],
            [
              -124.31659530801458,
              40.55528068072129
            ],
            [
              -124.31573778116814,
              40.55523216573438
            ],
            [
              -124.31531182434996,
              40.555106107342205
            ],
            [
              -124.31494319283902,
              40.55488903087709
            ],
            [
              -124.31363490487205,
              40.5543729985637
            ],
            [
              -124.31298909888228,
              40.55384915410375
            ],
            [
              -124.31254477518235,
              40.55325493552731
            ],
            [
              -124.31224522331374,
              40.55277148856871
            ],
            [
              -124.31217507089194,
              40.552029331792575
            ],
            [
              -124.31228306809837,
              40.551190552124375
            ],
            [
              -124.312296025176,
              40.55029424039494
            ],
            [
              -124.312506120027,
              40.547800482083034
            ],
            [
              -124.31251509248389,
              40.547133900445466
            ],
            [
              -124.31248228119945,
              40.54668342892531
            ],
            [
              -124.31190527792842,
              40.54487960585985
            ],
            [
              -124.31166640105779,
              40.54475633449264
            ],
            [
              -124.31111704872406,
              40.544541871809585
            ],
            [
              -124.30967038867028,
              40.542891062784356
            ],
            [
              -124.30870659940832,
              40.54212301798821
            ],
            [
              -124.3082456767823,
              40.54127271528345
            ],
            [
              -124.3079440712822,
              40.54055577993797
            ],
            [
              -124.30752082029687,
              40.53979855250328
            ],
            [
              -124.3069029526723,
              40.53912133132285
            ],
            [
              -124.30598716624455,
              40.53896490635218
            ],
            [
              -124.30493591271032,
              40.538927262774195
            ],
            [
              -124.30338000657918,
              40.53879187494683
            ],
            [
              -124.30191080123195,
              40.538903340215604
            ],
            [
              -124.30101583609566,
              40.539412991019425
            ],
            [
              -124.30049106429665,
              40.53958525566985
            ],
            [
              -124.29955006571213,
              40.53978095730289
            ],
            [
              -124.29868612890421,
              40.53989396906661
            ],
            [
              -124.29745508281759,
              40.539794876954424
            ],
            [
              -124.29627764354571,
              40.539447979647676
            ],
            [
              -124.29566455069919,
              40.53931508237834
            ],
            [
              -124.2950996355456,
              40.538911773338945
            ],
            [
              -124.29418197470123,
              40.538400081392346
            ],
            [
              -124.29331506623488,
              40.53815228412823
            ],
            [
              -124.29230993482244,
              40.53764162825049
            ],
            [
              -124.29159582525466,
              40.53739219591734
            ],
            [
              -124.2907320372274,
              40.537370776810555
            ],
            [
              -124.28957542137273,
              40.53775329277725
            ],
            [
              -124.28861999412607,
              40.5379981507755
            ],
            [
              -124.28779999199084,
              40.53817323141029
            ],
            [
              -124.28568582348578,
              40.53848510224137
            ],
            [
              -124.28521976942618,
              40.53863923369531
            ],
            [
              -124.28445721236787,
              40.538787250916094
            ],
            [
              -124.28367982602157,
              40.53880956672795
            ],
            [
              -124.28207326517186,
              40.538678463884054
            ],
            [
              -124.28155634799245,
              40.53884672273694
            ],
            [
              -124.2802465003412,
              40.538955833777486
            ],
            [
              -124.27948332260536,
              40.538919033597
            ],
            [
              -124.27911598658609,
              40.53881984294741
            ],
            [
              -124.277016426819,
              40.537464456057236
            ],
            [
              -124.2756796449852,
              40.53689380864564
            ],
            [
              -124.27494945120762,
              40.53641497965119
            ],
            [
              -124.2744510179255,
              40.53617802256345
            ],
            [
              -124.27361978485557,
              40.53588915416446
            ],
            [
              -124.27274756026934,
              40.53570561489516
            ],
            [
              -124.27166409221043,
              40.53530285954705
            ],
            [
              -124.27057283466893,
              40.53479247000547
            ],
            [
              -124.27008960350048,
              40.53463133380542
            ],
            [
              -124.26942375785461,
              40.53419728321044
            ],
            [
              -124.26846732826118,
              40.53345039076769
            ],
            [
              -124.26758626458543,
              40.53299190857623
            ],
            [
              -124.26740448853064,
              40.5327333509433
            ],
            [
              -124.26740723171137,
              40.532241956665835
            ],
            [
              -124.26781440525428,
              40.530872088608085
            ],
            [
              -124.26784568572528,
              40.53034533645769
            ],
            [
              -124.26828791817708,
              40.52983180296685
            ],
            [
              -124.26852179146134,
              40.52932878722124
            ],
            [
              -124.2686394798199,
              40.52868386065891
            ],
            [
              -124.26845283939524,
              40.52792401843452
            ],
            [
              -124.26766449264133,
              40.527333614528054
            ],
            [
              -124.26705600808172,
              40.52697590602282
            ],
            [
              -124.26702552087214,
              40.526678339679876
            ],
            [
              -124.26707869801436,
              40.52601590224159
            ],
            [
              -124.2670612032284,
              40.52570099835981
            ],
            [
              -124.26688448707434,
              40.525252680934706
            ],
            [
              -124.26669994717768,
              40.52462798539671
            ],
            [
              -124.2666381259249,
              40.52415600231165
            ],
            [
              -124.26661500799032,
              40.52298940051831
            ],
            [
              -124.26615372785076,
              40.522035322728286
            ],
            [
              -124.26528522653894,
              40.52137356859325
            ],
            [
              -124.26473724148848,
              40.520294583707745
            ],
            [
              -124.26418354072699,
              40.51949411253994
            ],
            [
              -124.26366335378982,
              40.51914859155881
            ],
            [
              -124.264234270379,
              40.518633161799016
            ],
            [
              -124.26494283372112,
              40.51811134585563
            ],
            [
              -124.26567333451086,
              40.517617473882304
            ],
            [
              -124.26638246331407,
              40.517186607013365
            ],
            [
              -124.26720310296297,
              40.51710065344234
            ],
            [
              -124.26815245633604,
              40.51709421355633
            ],
            [
              -124.26869737766144,
              40.51684560594214
            ],
            [
              -124.27023694584454,
              40.51583345848503
            ],
            [
              -124.27068849907651,
              40.51561677874499
            ],
            [
              -124.27118399846687,
              40.51542591603644
            ],
            [
              -124.27216928320797,
              40.515334259254956
            ],
            [
              -124.27381868898843,
              40.51543778802524
            ],
            [
              -124.27561725988312,
              40.51537331144375
            ],
            [
              -124.27681058524085,
              40.5150986748417
            ],
            [
              -124.27749102352746,
              40.51482113734815
            ],
            [
              -124.27907606423571,
              40.514086753231716
            ],
            [
              -124.28005595615721,
              40.51333715941946
            ],
            [
              -124.28042749611532,
              40.512873613002505
            ],
            [
              -124.28102030021026,
              40.51231313563126
            ],
            [
              -124.28165124482639,
              40.51197332363756
            ],
            [
              -124.28241891641919,
              40.51171697053662
            ],
            [
              -124.28411638482581,
              40.51159867459803
            ],
            [
              -124.28388056451581,
              40.5108893046373
            ],
            [
              -124.28380923218593,
              40.5100841224591
            ],
            [
              -124.28397443359964,
              40.50912286147708
            ],
            [
              -124.28393736296843,
              40.508123514198495
            ],
            [
              -124.28366711423863,
              40.50685192195604
            ],
            [
              -124.2833206544144,
              40.505707194602905
            ],
            [
              -124.2827362301419,
              40.504695191416836
            ],
            [
              -124.28267517301902,
              40.50421868642295
            ],
            [
              -124.28276114283454,
              40.50332157139508
            ],
            [
              -124.28287855356677,
              40.50273044161143
            ],
            [
              -124.28292438002244,
              40.50208996556806
            ],
            [
              -124.28240812878705,
              40.501424356325764
            ],
            [
              -124.28218267652244,
              40.50118790289713
            ],
            [
              -124.28195225476709,
              40.50110485301345
            ],
            [
              -124.2813612936965,
              40.501021578820115
            ],
            [
              -124.2800665293329,
              40.50104989262314
            ],
            [
              -124.27733351340167,
              40.5012821519976
            ],
            [
              -124.27577302370605,
              40.501353936439905
            ],
            [
              -124.27439089816667,
              40.50134632415865
            ],
            [
              -124.2729636874147,
              40.50101967369768
            ],
            [
              -124.27194599954652,
              40.50068427171091
            ],
            [
              -124.2709727380032,
              40.50042029311823
            ],
            [
              -124.27031050838707,
              40.50034194334619
            ],
            [
              -124.26890655446114,
              40.500308249146634
            ],
            [
              -124.26744505525491,
              40.500193722564184
            ],
            [
              -124.26667781165027,
              40.49991811887946
            ],
            [
              -124.26573406866497,
              40.499797304207945
            ],
            [
              -124.26501861159514,
              40.49951709413973
            ],
            [
              -124.26429711542582,
              40.49932272260683
            ],
            [
              -124.26282765108401,
              40.499072332111304
            ],
            [
              -124.26188865385735,
              40.49866822080356
            ],
            [
              -124.2609332654424,
              40.49804832463832
            ],
            [
              -124.26036933666542,
              40.497753024065325
            ],
            [
              -124.25943810501718,
              40.497461315046564
            ],
            [
              -124.25819263295845,
              40.49742939725515
            ],
            [
              -124.2570867010376,
              40.497598893250235
            ],
            [
              -124.25608155657038,
              40.49787591688246
            ],
            [
              -124.25518273059248,
              40.49797152029888
            ],
            [
              -124.25426920349297,
              40.49791804438098
            ],
            [
              -124.25236756262662,
              40.49770938793624
            ],
            [
              -124.25104365188227,
              40.497768276542
            ],
            [
              -124.24944544864535,
              40.497655132544246
            ],
            [
              -124.24844939039683,
              40.49734585028362
            ],
            [
              -124.2469263941,
              40.4965650046393
            ],
            [
              -124.2457209098924,
              40.49622681374157
            ],
            [
              -124.24467560963278,
              40.49618426937852
            ],
            [
              -124.24382396100745,
              40.49597706892597
            ],
            [
              -124.24331094897471,
              40.49554136077159
            ],
            [
              -124.2431301858689,
              40.49525908019746
            ],
            [
              -124.2418158415705,
              40.49437273891476
            ],
            [
              -124.24082660570413,
              40.49347356139524
            ],
            [
              -124.24008997256054,
              40.49259027449221
            ],
            [
              -124.23949744022039,
              40.49172261964502
            ],
            [
              -124.23910741114915,
              40.49129423240199
            ],
            [
              -124.23723049545367,
              40.49023776045274
            ],
            [
              -124.23650143688113,
              40.48974067694115
            ],
            [
              -124.23616990151965,
              40.4893212868664
            ],
            [
              -124.23551124641611,
              40.48831869227992
            ],
            [
              -124.23467480654942,
              40.48778300158318
            ],
            [
              -124.23395988730746,
              40.48748910316194
            ],
            [
              -124.23308653369392,
              40.48695296583792
            ],
            [
              -124.23190263747435,
              40.48612799233007
            ],
            [
              -124.23129685573991,
              40.485441046776806
            ],
            [
              -124.23017115140088,
              40.48494844792155
            ],
            [
              -124.22979441025078,
              40.48417790495428
            ],
            [
              -124.22930217362452,
              40.482624521149724
            ],
            [
              -124.22891173082918,
              40.481745429175454
            ],
            [
              -124.22827658953844,
              40.48105410599089
            ],
            [
              -124.22741697807422,
              40.480346775153855
            ],
            [
              -124.2268548803797,
              40.480001704543376
            ],
            [
              -124.2262486533656,
              40.47972856354869
            ],
            [
              -124.2244594335388,
              40.4790089420414
            ],
            [
              -124.22265646051805,
              40.47837540078356
            ],
            [
              -124.221567317176,
              40.47791838751532
            ],
            [
              -124.22077357120966,
              40.47754792230179
            ],
            [
              -124.21989397265041,
              40.47719757850587
            ],
            [
              -124.21919332262182,
              40.47680395212978
            ],
            [
              -124.21886812630856,
              40.47643360511775
            ],
            [
              -124.21777785316525,
              40.474899678379984
            ],
            [
              -124.2174817708746,
              40.474421025950264
            ],
            [
              -124.21696865140997,
              40.4733136748536
            ],
            [
              -124.21662911513573,
              40.47201986177084
            ],
            [
              -124.21610096101088,
              40.47075529393876
            ],
            [
              -124.21568182874235,
              40.4700889746218
            ],
            [
              -124.21463535383451,
              40.469063416450574
            ],
            [
              -124.2136532717443,
              40.468452290861805
            ],
            [
              -124.21260104689613,
              40.46801760376705
            ],
            [
              -124.21220495240902,
              40.46803107109475
            ],
            [
              -124.21179923270012,
              40.4670623072618
            ],
            [
              -124.21166227412576,
              40.46643315977993
            ],
            [
              -124.21125779602909,
              40.46592860459838
            ],
            [
              -124.21007354968943,
              40.46403531405211
            ],
            [
              -124.2094453120388,
              40.46315888302377
            ],
            [
              -124.20893964498678,
              40.46248029159442
            ],
            [
              -124.2076265578332,
              40.46084908918294
            ],
            [
              -124.20590181722565,
              40.45899383430149
            ],
            [
              -124.2048410760414,
              40.45797798781338
            ],
            [
              -124.2033481815407,
              40.4569432638459
            ],
            [
              -124.20278584847257,
              40.45672881191118
            ],
            [
              -124.20155368076095,
              40.45652550700941
            ],
            [
              -124.20022760647493,
              40.45636845404284
            ],
            [
              -124.1990091523603,
              40.456362963268155
            ],
            [
              -124.19706979401127,
              40.45651763654513
            ],
            [
              -124.19373257641466,
              40.456358429629056
            ],
            [
              -124.19300436567879,
              40.45638024412124
            ],
            [
              -124.19209603849619,
              40.45630391252327
            ],
            [
              -124.19139674418909,
              40.45594614512987
            ],
            [
              -124.1907688619128,
              40.45537610511592
            ],
            [
              -124.18955041309775,
              40.453956199165866
            ],
            [
              -124.18834010227248,
              40.453351478778806
            ],
            [
              -124.18714905125503,
              40.45288157197344
            ],
            [
              -124.18686126412122,
              40.452700314063584
            ],
            [
              -124.18519630224836,
              40.45194245197597
            ],
            [
              -124.18433717448153,
              40.45137033805858
            ],
            [
              -124.18381142916732,
              40.45113653277018
            ],
            [
              -124.1821675277461,
              40.450626934024086
            ],
            [
              -124.1800764431433,
              40.44980594064027
            ],
            [
              -124.17809434831321,
              40.44969048415363
            ],
            [
              -124.1758461864854,
              40.44985296755027
            ],
            [
              -124.17495287487881,
              40.4498306694064
            ],
            [
              -124.17383578190953,
              40.45005840326615
            ],
            [
              -124.17207118375767,
              40.4508687540568
            ],
            [
              -124.17069418561283,
              40.451405469118484
            ],
            [
              -124.16892246874653,
              40.452234598942724
            ],
            [
              -124.16844578447731,
              40.452320193831284
            ],
            [
              -124.16812264695415,
              40.45230571379691
            ],
            [
              -124.1679990188336,
              40.452041435846354
            ],
            [
              -124.16775471714611,
              40.45080911880678
            ],
            [
              -124.16744412090713,
              40.45023113997489
            ],
            [
              -124.16626060047984,
              40.44929291352726
            ],
            [
              -124.16545321673912,
              40.44838628211627
            ],
            [
              -124.1645671998967,
              40.4475036845389
            ],
            [
              -124.16277248630938,
              40.447156644984595
            ],
            [
              -124.16066796646999,
              40.447083913499824
            ],
            [
              -124.15952165325825,
              40.44711785767245
            ],
            [
              -124.15854170997018,
              40.4472490362221
            ],
            [
              -124.15752626059381,
              40.44723718760697
            ],
            [
              -124.1566681943476,
              40.44717299985124
            ],
            [
              -124.15587521269062,
              40.44729786822046
            ],
            [
              -124.1541826888507,
              40.447490637950544
            ],
            [
              -124.1521707794996,
              40.44741213692069
            ],
            [
              -124.15011655971595,
              40.447432171618644
            ],
            [
              -124.14929617805628,
              40.44754890733552
            ],
            [
              -124.14804934203673,
              40.447578797276314
            ],
            [
              -124.14549100041789,
              40.44741113537325
            ],
            [
              -124.14453974945204,
              40.44757363218753
            ],
            [
              -124.14366008721105,
              40.447911177859766
            ],
            [
              -124.14335348058317,
              40.44791438398825
            ],
            [
              -124.14182922096931,
              40.446969310902
            ],
            [
              -124.14122434590101,
              40.446502771763434
            ],
            [
              -124.14066201330047,
              40.446161008918786
            ],
            [
              -124.13997654460199,
              40.44569069958949
            ],
            [
              -124.13943667777208,
              40.44547069999476
            ],
            [
              -124.13869423184602,
              40.44532534910031
            ],
            [
              -124.13798093556369,
              40.44498044678658
            ],
            [
              -124.13742554654196,
              40.44449508165592
            ],
            [
              -124.13677065231887,
              40.443726551373494
            ],
            [
              -124.13548796985812,
              40.4418700164212
            ],
            [
              -124.13502017025432,
              40.44109074262432
            ],
            [
              -124.13439957538856,
              40.43977293502494
            ],
            [
              -124.1341406669391,
              40.439100197237615
            ],
            [
              -124.13303012098312,
              40.43742099820855
            ],
            [
              -124.13258364782922,
              40.43654270583236
            ],
            [
              -124.13239700674552,
              40.435734046405365
            ],
            [
              -124.13229632985902,
              40.43463578351669
            ],
            [
              -124.13223088442695,
              40.43294710532703
            ],
            [
              -124.13226054441455,
              40.43253684775151
            ],
            [
              -124.13248354804006,
              40.4315480687952
            ],
            [
              -124.13249774451329,
              40.4298727979026
            ],
            [
              -124.13247716461555,
              40.42920198327216
            ],
            [
              -124.13237550563673,
              40.428293319308914
            ],
            [
              -124.13228245583227,
              40.42798715144489
            ],
            [
              -124.13204459703836,
              40.42726865958233
            ],
            [
              -124.13101336381553,
              40.42672983171454
            ],
            [
              -124.13049503865494,
              40.42640628348641
            ],
            [
              -124.12943671778167,
              40.42514643810721
            ],
            [
              -124.12891071337559,
              40.42461048331728
            ],
            [
              -124.12844958134521,
              40.424196857298256
            ],
            [
              -124.12790284170018,
              40.42376889368722
            ],
            [
              -124.12756379111872,
              40.423407838832944
            ],
            [
              -124.12726817014784,
              40.42281998007929
            ],
            [
              -124.12656333395958,
              40.42183590903928
            ],
            [
              -124.12632269089737,
              40.42175294922521
            ],
            [
              -124.12503929754075,
              40.42090052095858
            ],
            [
              -124.12461146141152,
              40.42049480564417
            ],
            [
              -124.12411122981852,
              40.41995064860312
            ],
            [
              -124.12384979928517,
              40.41960612818605
            ],
            [
              -124.12314127868925,
              40.41920326542328
            ],
            [
              -124.12234044052329,
              40.41886853178188
            ],
            [
              -124.12174838318751,
              40.41858175250518
            ],
            [
              -124.12124907402847,
              40.418221782062105
            ],
            [
              -124.12096565635764,
              40.4179047518086
            ],
            [
              -124.1207695106509,
              40.41752820623066
            ],
            [
              -124.12026290789389,
              40.41718198486043
            ],
            [
              -124.11945866494885,
              40.41726616866481
            ],
            [
              -124.1187795949004,
              40.41774954845865
            ],
            [
              -124.1177969525947,
              40.418844627983226
            ],
            [
              -124.1173822823807,
              40.419064863174405
            ],
            [
              -124.11639342963284,
              40.419448387439836
            ],
            [
              -124.11436751982205,
              40.42037359516633
            ],
            [
              -124.11274662060096,
              40.421655164382415
            ],
            [
              -124.1122091245307,
              40.421867628123394
            ],
            [
              -124.11082446140234,
              40.422240842666255
            ],
            [
              -124.11001413900287,
              40.42249193124016
            ],
            [
              -124.10917698076842,
              40.422874016202364
            ],
            [
              -124.10816755956124,
              40.42339700876388
            ],
            [
              -124.10745727509229,
              40.42362502834512
            ],
            [
              -124.10692831365147,
              40.42355325937114
            ],
            [
              -124.10590968050693,
              40.42341406497713
            ],
            [
              -124.10497239012186,
              40.423044866893555
            ],
            [
              -124.10433019758894,
              40.42274447682708
            ],
            [
              -124.10377387425463,
              40.422443769935654
            ],
            [
              -124.10317610654428,
              40.42223736544117
            ],
            [
              -124.1022979117581,
              40.42203913953864
            ],
            [
              -124.10089527215736,
              40.42199822272806
            ],
            [
              -124.09957409964827,
              40.422159112517676
            ],
            [
              -124.09777885502356,
              40.42232577113572
            ],
            [
              -124.09735478439129,
              40.422400925510274
            ],
            [
              -124.09669062610823,
              40.42212824279419
            ],
            [
              -124.09567282638204,
              40.421566174467124
            ],
            [
              -124.09500143884058,
              40.42112670619219
            ],
            [
              -124.09416339636697,
              40.420738086333685
            ],
            [
              -124.09306733075209,
              40.420356013199026
            ],
            [
              -124.09170639112295,
              40.420008878226
            ],
            [
              -124.09036029861909,
              40.41983248352726
            ],
            [
              -124.08982162029821,
              40.419797022424774
            ],
            [
              -124.08857615944785,
              40.4195291297461
            ],
            [
              -124.08838816260891,
              40.41939195442928
            ],
            [
              -124.0877623147102,
              40.41937908662153
            ],
            [
              -124.08650469705304,
              40.419418008875084
            ],
            [
              -124.08585874104158,
              40.41950606454783
            ],
            [
              -124.08444639900752,
              40.4199779094549
            ],
            [
              -124.08360417797054,
              40.4198732857644
            ],
            [
              -124.08249618774924,
              40.418820876367384
            ],
            [
              -124.08177990572544,
              40.41821072516956
            ],
            [
              -124.08097777751212,
              40.41765945642069
            ],
            [
              -124.07953774186286,
              40.41732576793387
            ],
            [
              -124.07728692487822,
              40.41732040655279
            ],
            [
              -124.07614601634043,
              40.417461567840014
            ],
            [
              -124.07559880957346,
              40.41739844720399
            ],
            [
              -124.0749255711505,
              40.41683755106263
            ],
            [
              -124.07453796665928,
              40.415962492663944
            ],
            [
              -124.0743179506632,
              40.41532078723593
            ],
            [
              -124.07388837119368,
              40.41473441569466
            ],
            [
              -124.0733371889115,
              40.41409570890228
            ],
            [
              -124.07239039348703,
              40.41246474747383
            ],
            [
              -124.07216110385492,
              40.41172335076019
            ],
            [
              -124.07183195456044,
              40.41094270701807
            ],
            [
              -124.07112868185449,
              40.41016083492759
            ],
            [
              -124.07007357287057,
              40.40947274389256
            ],
            [
              -124.06908580238739,
              40.40904468282555
            ],
            [
              -124.06811278624,
              40.40874764226581
            ],
            [
              -124.06748528570682,
              40.40838885032828
            ],
            [
              -124.0670849079467,
              40.40778910486398
            ],
            [
              -124.06694649588708,
              40.40747000820238
            ],
            [
              -124.06676922739196,
              40.40687279983889
            ],
            [
              -124.0662980068326,
              40.40633678996792
            ],
            [
              -124.0638935078372,
              40.40587206477094
            ],
            [
              -124.06170135995637,
              40.404928278591754
            ],
            [
              -124.06063447115916,
              40.4045331450336
            ],
            [
              -124.05964842871681,
              40.40425815745647
            ],
            [
              -124.05851271117848,
              40.40414664340496
            ],
            [
              -124.05636943768151,
              40.40405373185116
            ],
            [
              -124.0543703123137,
              40.40379723306238
            ],
            [
              -124.05382852145203,
              40.40353216560273
            ],
            [
              -124.05242620352699,
              40.40240972397329
            ],
            [
              -124.04817777087777,
              40.4002593038483
            ],
            [
              -124.04638914428796,
              40.400054654097794
            ],
            [
              -124.04595439369969,
              40.39982465541278
            ],
            [
              -124.04545981855689,
              40.3991439987774
            ],
            [
              -124.04512556934614,
              40.39860259806873
            ],
            [
              -124.04453235898707,
              40.3980090803801
            ],
            [
              -124.04232095329203,
              40.396374982748725
            ],
            [
              -124.04171831578431,
              40.39567812590766
            ],
            [
              -124.04137920739862,
              40.39536557075865
            ],
            [
              -124.04084238001273,
              40.39474513397032
            ],
            [
              -124.04078780761932,
              40.39415008814473
            ],
            [
              -124.04096218190992,
              40.39340535390048
            ],
            [
              -124.04100772012394,
              40.39270284745405
            ],
            [
              -124.04081546990284,
              40.39202414943438
            ],
            [
              -124.04057456892129,
              40.39149010342994
            ],
            [
              -124.04057689572326,
              40.39083209029151
            ],
            [
              -124.04132534338423,
              40.390068641475914
            ],
            [
              -124.04172371100395,
              40.38960163443515
            ],
            [
              -124.0418553831524,
              40.3888120920596
            ],
            [
              -124.04231236377431,
              40.38842513273735
            ],
            [
              -124.04296308906228,
              40.388004527001236
            ],
            [
              -124.04332512674817,
              40.38747446778
            ],
            [
              -124.04342608996464,
              40.386478084930395
            ],
            [
              -124.04333310870562,
              40.385591386021446
            ],
            [
              -124.0433287858169,
              40.38500570564472
            ],
            [
              -124.04284558355394,
              40.384843178536684
            ],
            [
              -124.04213922080856,
              40.38445783702305
            ],
            [
              -124.04102966661611,
              40.38399016463199
            ],
            [
              -124.04020080121289,
              40.38377300700793
            ],
            [
              -124.03950892565203,
              40.383482086576365
            ],
            [
              -124.03764674425612,
              40.382260158540625
            ],
            [
              -124.03713477117701,
              40.381957732547995
            ],
            [
              -124.03637733910496,
              40.38161374305233
            ],
            [
              -124.03554937148581,
              40.381305551399116
            ],
            [
              -124.03403014571943,
              40.38086919516611
            ],
            [
              -124.03257072240679,
              40.380678711595
            ],
            [
              -124.03196595050834,
              40.38048208258878
            ],
            [
              -124.03092592159453,
              40.37973914726779
            ],
            [
              -124.02915910580482,
              40.378763830636736
            ],
            [
              -124.02827911935732,
              40.3783344773416
            ],
            [
              -124.02745854033674,
              40.37807191195402
            ],
            [
              -124.02687529256588,
              40.37795032531833
            ],
            [
              -124.02613309615958,
              40.37765984573389
            ],
            [
              -124.02532519267766,
              40.37720759116965
            ],
            [
              -124.02479246128286,
              40.37700042911509
            ],
            [
              -124.02419486936509,
              40.376826064680415
            ],
            [
              -124.02378526240453,
              40.37666728144889
            ],
            [
              -124.0235024645013,
              40.37637707952986
            ],
            [
              -124.02300799476298,
              40.37566508069897
            ],
            [
              -124.0224449634458,
              40.37522372190572
            ],
            [
              -124.02196977527898,
              40.37509748131877
            ],
            [
              -124.02119426564644,
              40.375055057842715
            ],
            [
              -124.02004575367833,
              40.375128386374534
            ],
            [
              -124.01830947054151,
              40.375535361892894
            ],
            [
              -124.01748413499455,
              40.375677613213185
            ],
            [
              -124.01684693982881,
              40.37587767554413
            ],
            [
              -124.01603889302032,
              40.37631196419425
            ],
            [
              -124.0152503203521,
              40.37665213277882
            ],
            [
              -124.01469079255088,
              40.376851344785784
            ],
            [
              -124.01431201722845,
              40.37694924525397
            ],
            [
              -124.01395255174931,
              40.376996935637855
            ],
            [
              -124.01373552409366,
              40.3769093521386
            ],
            [
              -124.01327993847462,
              40.376471777821564
            ],
            [
              -124.01280431054067,
              40.37609766918347
            ],
            [
              -124.01179655378894,
              40.375799664160525
            ],
            [
              -124.0098323043948,
              40.37542981332087
            ],
            [
              -124.00895627000959,
              40.37542831351153
            ],
            [
              -124.00833808335179,
              40.37539337856917
            ],
            [
              -124.0073096886807,
              40.37528076947772
            ],
            [
              -124.00633815002887,
              40.37503730922744
            ],
            [
              -124.00564772862501,
              40.374961340064885
            ],
            [
              -124.00513149273048,
              40.375024778867704
            ],
            [
              -124.00452792672476,
              40.37502091944299
            ],
            [
              -124.00393013397907,
              40.37486814897653
            ],
            [
              -124.00330380565069,
              40.37458562953952
            ],
            [
              -124.00251845169119,
              40.37447131018731
            ],
            [
              -124.00176348905048,
              40.374267554275114
            ],
            [
              -124.00095583845669,
              40.374202673277026
            ],
            [
              -123.99954538898326,
              40.373975013398685
            ],
            [
              -123.9970647190775,
              40.37323575758951
            ],
            [
              -123.99629171852327,
              40.37323815075501
            ],
            [
              -123.99584930412821,
              40.373297492724184
            ],
            [
              -123.99502703677841,
              40.374029782289874
            ],
            [
              -123.99444201535958,
              40.37466233538269
            ],
            [
              -123.99423345210135,
              40.37483495393365
            ],
            [
              -123.99274898186633,
              40.375622664773736
            ],
            [
              -123.99183541699814,
              40.37602244818347
            ],
            [
              -123.98974146936396,
              40.37644586862823
            ],
            [
              -123.98867022578679,
              40.37659864489551
            ],
            [
              -123.98794319427536,
              40.3768346730838
            ],
            [
              -123.9871444582303,
              40.3772065105448
            ],
            [
              -123.98614300844525,
              40.37790452633799
            ],
            [
              -123.98519174416386,
              40.37841728211851
            ],
            [
              -123.98396091271177,
              40.378796807563376
            ],
            [
              -123.98283126483942,
              40.37922064875447
            ],
            [
              -123.98175183712505,
              40.37922547312238
            ],
            [
              -123.98138654842778,
              40.3790803376078
            ],
            [
              -123.98029515509143,
              40.378652388369616
            ],
            [
              -123.9796054611815,
              40.37822109938024
            ],
            [
              -123.9792149969346,
              40.37780554833756
            ],
            [
              -123.97803198177165,
              40.37770749873215
            ],
            [
              -123.97729906505451,
              40.37773635752172
            ],
            [
              -123.97675984735402,
              40.37783112599607
            ],
            [
              -123.97571639017627,
              40.378168486112536
            ],
            [
              -123.97456439206884,
              40.378656058801305
            ],
            [
              -123.97406610093103,
              40.37911449984972
            ],
            [
              -123.97378551989186,
              40.37941892964492
            ],
            [
              -123.97348186447003,
              40.37963791677562
            ],
            [
              -123.97292752103439,
              40.37986749096692
            ],
            [
              -123.97159693935639,
              40.38013544941057
            ],
            [
              -123.96991274259217,
              40.380672420677
            ],
            [
              -123.96871169226544,
              40.38087142946824
            ],
            [
              -123.96771851865721,
              40.380816476536985
            ],
            [
              -123.96583003452622,
              40.38030125316069
            ],
            [
              -123.96462199920853,
              40.380063046175195
            ],
            [
              -123.96268360958935,
              40.379408562640094
            ],
            [
              -123.96174279759245,
              40.37914574276077
            ],
            [
              -123.9598105600189,
              40.37845495523465
            ],
            [
              -123.9590708369956,
              40.37824510109847
            ],
            [
              -123.95825881341403,
              40.37808010353474
            ],
            [
              -123.95761185707173,
              40.377842212755574
            ],
            [
              -123.95605547495778,
              40.37701771112331
            ],
            [
              -123.95511436072998,
              40.3767278127096
            ],
            [
              -123.95373414510375,
              40.37657246635885
            ],
            [
              -123.95227567960421,
              40.37648125506416
            ],
            [
              -123.95102385867291,
              40.37647780257747
            ],
            [
              -123.95044962710917,
              40.37636993252297
            ],
            [
              -123.94977435199165,
              40.3761320780722
            ],
            [
              -123.94933659566081,
              40.37582496858439
            ],
            [
              -123.94890634665636,
              40.37539171193299
            ],
            [
              -123.9487666503084,
              40.37514016336136
            ],
            [
              -123.94868124765426,
              40.37487082985221
            ],
            [
              -123.94731647666674,
              40.373963507583056
            ],
            [
              -123.94637495239655,
              40.37308324252498
            ],
            [
              -123.9460079199941,
              40.37257305294782
            ],
            [
              -123.94600867703406,
              40.37237025933866
            ],
            [
              -123.9459365140948,
              40.372019397469145
            ],
            [
              -123.94564914112317,
              40.37117941294549
            ],
            [
              -123.9453986331557,
              40.36978513339791
            ],
            [
              -123.94507568337987,
              40.369198065865376
            ],
            [
              -123.94460842545773,
              40.36876035893896
            ],
            [
              -123.9441774308184,
              40.368461467866865
            ],
            [
              -123.94354576321142,
              40.367831849341044
            ],
            [
              -123.94272635156659,
              40.36724397334421
            ],
            [
              -123.9420212591189,
              40.36695660350281
            ],
            [
              -123.94110181933145,
              40.36664873362533
            ],
            [
              -123.94011749566134,
              40.36638714408655
            ],
            [
              -123.93934087809505,
              40.36625327361266
            ],
            [
              -123.93808334850175,
              40.36612820118069
            ],
            [
              -123.93724881806386,
              40.365972794292816
            ],
            [
              -123.93661654257976,
              40.36581150479353
            ],
            [
              -123.93618589001788,
              40.36558551811438
            ],
            [
              -123.93586908721556,
              40.36554348157698
            ],
            [
              -123.93454805719263,
              40.36513032442247
            ],
            [
              -123.93336526016166,
              40.36456941250806
            ],
            [
              -123.93282812421708,
              40.36428792040362
            ],
            [
              -123.9321381539591,
              40.36387076705921
            ],
            [
              -123.93104641731362,
              40.362904195188676
            ],
            [
              -123.93080929136897,
              40.36258560291758
            ],
            [
              -123.92972464280389,
              40.36135520431965
            ],
            [
              -123.92915739108304,
              40.36038861022194
            ],
            [
              -123.9287908608043,
              40.359965691415745
            ],
            [
              -123.92793620390559,
              40.35866939808065
            ],
            [
              -123.92780700795392,
              40.358175013786976
            ],
            [
              -123.92713160469528,
              40.35743349745389
            ],
            [
              -123.92676546897475,
              40.35675229145208
            ],
            [
              -123.9264783428234,
              40.356400636977874
            ],
            [
              -123.92603304211742,
              40.35566475588918
            ],
            [
              -123.92578864504817,
              40.35534074196052
            ],
            [
              -123.92570260486188,
              40.35492864044992
            ],
            [
              -123.92560238415336,
              40.35361575993296
            ],
            [
              -123.92586090770729,
              40.353154163732974
            ],
            [
              -123.92594703590531,
              40.35281347345864
            ],
            [
              -123.92607639722075,
              40.352203868739025
            ],
            [
              -123.92602618244217,
              40.35186863774566
            ],
            [
              -123.92604063243736,
              40.35151698994886
            ],
            [
              -123.9261917647101,
              40.35047327778578
            ],
            [
              -123.9263641928292,
              40.35012169311964
            ],
            [
              -123.92635694328727,
              40.3496823018357
            ],
            [
              -123.92650801185928,
              40.34909989949601
            ],
            [
              -123.9267233041329,
              40.34867682315944
            ],
            [
              -123.92689420671263,
              40.3476789617296
            ],
            [
              -123.92558850597766,
              40.34833654832416
            ],
            [
              -123.92507881253964,
              40.34842985233573
            ],
            [
              -123.92445387038676,
              40.3486113055506
            ],
            [
              -123.92397955228951,
              40.3486170277072
            ],
            [
              -123.92316808985305,
              40.34869933878059
            ],
            [
              -123.92265068923777,
              40.348792890668
            ],
            [
              -123.9221336356239,
              40.34877096346959
            ],
            [
              -123.92163798516296,
              40.34891957824039
            ],
            [
              -123.91946140623872,
              40.3498153172612
            ],
            [
              -123.91832639019721,
              40.3510239139753
            ],
            [
              -123.9175573951269,
              40.352430442032315
            ],
            [
              -123.91736334963764,
              40.3531116515154
            ],
            [
              -123.91716912028011,
              40.353408147051866
            ],
            [
              -123.91713326539765,
              40.35358950798086
            ],
            [
              -123.91696080738159,
              40.353798300578696
            ],
            [
              -123.91671656591613,
              40.3540344220298
            ],
            [
              -123.91632865177772,
              40.35418833987411
            ],
            [
              -123.91622075691994,
              40.35430383841518
            ],
            [
              -123.91545940021572,
              40.35483117366226
            ],
            [
              -123.91512165766555,
              40.35514994721219
            ],
            [
              -123.91468338103051,
              40.35535305213461
            ],
            [
              -123.91436010518164,
              40.35560602439194
            ],
            [
              -123.91319622589486,
              40.356050864905185
            ],
            [
              -123.91296534198987,
              40.35618039345783
            ],
            [
              -123.91199991897187,
              40.356121031613476
            ],
            [
              -123.91007459211589,
              40.35614491388393
            ],
            [
              -123.90921201768184,
              40.356080040179116
            ],
            [
              -123.90832749411342,
              40.35595670970673
            ],
            [
              -123.90728612859571,
              40.35600476420294
            ],
            [
              -123.90625829183448,
              40.3561120887818
            ],
            [
              -123.90472680102293,
              40.35659745175019
            ],
            [
              -123.90285073391256,
              40.357057591846576
            ],
            [
              -123.90136905601551,
              40.357483612706666
            ],
            [
              -123.90059986095784,
              40.357840432021185
            ],
            [
              -123.89974487745476,
              40.35830696462709
            ],
            [
              -123.89896048980074,
              40.35879943324506
            ],
            [
              -123.89818275454547,
              40.359435865065166
            ],
            [
              -123.8977866811081,
              40.36034954279555
            ],
            [
              -123.89767839066612,
              40.36114318071708
            ],
            [
              -123.89787136882227,
              40.36203295681582
            ],
            [
              -123.89788439443053,
              40.36241189927964
            ],
            [
              -123.8980925428257,
              40.363036197179625
            ],
            [
              -123.89827958245428,
              40.363336730679066
            ],
            [
              -123.89838667418009,
              40.363862533354045
            ],
            [
              -123.89837767281095,
              40.365029884964244
            ],
            [
              -123.89861501424929,
              40.365450477836745
            ],
            [
              -123.89932542292321,
              40.36630568519733
            ],
            [
              -123.89959046221595,
              40.36654263111159
            ],
            [
              -123.8997914147511,
              40.36679315456198
            ],
            [
              -123.89973429243632,
              40.367087008261436
            ],
            [
              -123.8997126145952,
              40.36755970031594
            ],
            [
              -123.89974717457906,
              40.36801033971403
            ],
            [
              -123.89973307285739,
              40.368487296375235
            ],
            [
              -123.89963139759668,
              40.368767329791595
            ],
            [
              -123.89893981810508,
              40.369822664436946
            ],
            [
              -123.8985592286883,
              40.37017625725874
            ],
            [
              -123.8981349873046,
              40.37039604389518
            ],
            [
              -123.8975016417422,
              40.370631411306704
            ],
            [
              -123.89693362925904,
              40.37073939845871
            ],
            [
              -123.89642308117361,
              40.37073826911769
            ],
            [
              -123.89543216224251,
              40.37054327100795
            ],
            [
              -123.89385140465555,
              40.37011868887233
            ],
            [
              -123.8930821892272,
              40.36984095962262
            ],
            [
              -123.8924428040481,
              40.36972417139426
            ],
            [
              -123.89186738011617,
              40.36974224491399
            ],
            [
              -123.89083974789325,
              40.369610606888784
            ],
            [
              -123.88974677961885,
              40.369668301863086
            ],
            [
              -123.8889982843528,
              40.37001622353277
            ],
            [
              -123.88762418533771,
              40.371135435264684
            ],
            [
              -123.8873071622539,
              40.37142560999394
            ],
            [
              -123.88714230883025,
              40.37164789905751
            ],
            [
              -123.8868174395991,
              40.372114062170205
            ],
            [
              -123.88669560537083,
              40.372390213687616
            ],
            [
              -123.8866798551322,
              40.37297535804114
            ],
            [
              -123.88684474944264,
              40.373460503810804
            ],
            [
              -123.88666412730245,
              40.37397985490882
            ],
            [
              -123.88613904270376,
              40.3744973458605
            ],
            [
              -123.88601667232106,
              40.37470141988534
            ],
            [
              -123.88590875091337,
              40.37501740325157
            ],
            [
              -123.88614862132752,
              40.374854146452215
            ],
            [
              -123.88571390226453,
              40.37555973601818
            ],
            [
              -123.88524535759699,
              40.37592336766024
            ],
            [
              -123.88460343012636,
              40.37626144332096
            ],
            [
              -123.88386958164608,
              40.37650609287218
            ],
            [
              -123.8831577605454,
              40.37648895741291
            ],
            [
              -123.88217999979764,
              40.37638891510475
            ],
            [
              -123.88102944534482,
              40.37673474881758
            ],
            [
              -123.88032186061571,
              40.37719511968992
            ],
            [
              -123.87844538434483,
              40.37866424163109
            ],
            [
              -123.87745017595499,
              40.379257519983916
            ],
            [
              -123.87596716353725,
              40.37971058124304
            ],
            [
              -123.87470391796144,
              40.3804718900591
            ],
            [
              -123.87225243460686,
              40.38144154795806
            ],
            [
              -123.87157825584144,
              40.38177803410449
            ],
            [
              -123.8712256222736,
              40.38144490352385
            ],
            [
              -123.86789973206402,
              40.38021748804299
            ],
            [
              -123.86715815456546,
              40.38010545681422
            ],
            [
              -123.86561323770495,
              40.3800626798354
            ],
            [
              -123.86424201451372,
              40.38010008363787
            ],
            [
              -123.86329291536904,
              40.37998548978817
            ],
            [
              -123.86261213980724,
              40.37957667544759
            ],
            [
              -123.86197568832267,
              40.37860348770213
            ],
            [
              -123.86128980770798,
              40.37829873557765
            ],
            [
              -123.85998779789792,
              40.37812750304855
            ],
            [
              -123.85880040634521,
              40.377902011592155
            ],
            [
              -123.85763176696382,
              40.37744724359525
            ],
            [
              -123.85717756810486,
              40.37732901531743
            ],
            [
              -123.85504274279536,
              40.3771909815897
            ],
            [
              -123.85395904178176,
              40.37720384635368
            ],
            [
              -123.85254482371292,
              40.377318209247
            ],
            [
              -123.84959656418151,
              40.37717721630718
            ],
            [
              -123.8494291169788,
              40.377395039498886
            ],
            [
              -123.84892511988048,
              40.37729550689978
            ],
            [
              -123.84823276009362,
              40.37711057021646
            ],
            [
              -123.84774247279712,
              40.37686699760561
            ],
            [
              -123.8470583626813,
              40.37676769661091
            ],
            [
              -123.84515995008756,
              40.37715554432009
            ],
            [
              -123.84434947905284,
              40.37722913831142
            ],
            [
              -123.8438949079044,
              40.37712437218886
            ],
            [
              -123.84302253354195,
              40.37616294536764
            ],
            [
              -123.8424457276135,
              40.375982553520586
            ],
            [
              -123.84135338049913,
              40.375873086532735
            ],
            [
              -123.84063146306318,
              40.37555384942344
            ],
            [
              -123.84011513829691,
              40.37506150736215
            ],
            [
              -123.8397764795356,
              40.37496134111919
            ],
            [
              -123.83768462777451,
              40.37407535750923
            ],
            [
              -123.83510274076795,
              40.372836731574296
            ],
            [
              -123.83275823359489,
              40.37147553416248
            ],
            [
              -123.83214607565132,
              40.37104302939233
            ],
            [
              -123.83179191194174,
              40.370739410495005
            ],
            [
              -123.83132809208756,
              40.370485930538834
            ],
            [
              -123.83045676469929,
              40.370208435341056
            ],
            [
              -123.82863219109507,
              40.36976185422836
            ],
            [
              -123.82788780822999,
              40.36952349349041
            ],
            [
              -123.82614613925423,
              40.36886085195883
            ],
            [
              -123.82486339414272,
              40.36864444341077
            ],
            [
              -123.82370425453932,
              40.368369308557156
            ],
            [
              -123.82285715786104,
              40.36834786323454
            ],
            [
              -123.82147622282548,
              40.368601388304796
            ],
            [
              -123.82031248171228,
              40.36860910799368
            ],
            [
              -123.81879415859213,
              40.36786399720127
            ],
            [
              -123.81804067989263,
              40.36731946983544
            ],
            [
              -123.81607124808107,
              40.36637784443196
            ],
            [
              -123.8152750222651,
              40.36582476776082
            ],
            [
              -123.81450508531945,
              40.364924769912065
            ],
            [
              -123.81383413075245,
              40.36406507427134
            ],
            [
              -123.81356324567243,
              40.36344512937272
            ],
            [
              -123.81334052343061,
              40.362411126868544
            ],
            [
              -123.81291558253297,
              40.36199896230231
            ],
            [
              -123.81245906694427,
              40.36180490047811
            ],
            [
              -123.81190836083519,
              40.36166863819001
            ],
            [
              -123.81027205699054,
              40.36111236264021
            ],
            [
              -123.8095096053927,
              40.36066719535209
            ],
            [
              -123.80897756559972,
              40.3602067816872
            ],
            [
              -123.80834171233617,
              40.35947299637877
            ],
            [
              -123.80792009969996,
              40.35878670067993
            ],
            [
              -123.8071570203018,
              40.357404335267724
            ],
            [
              -123.80662791900161,
              40.35673204539396
            ],
            [
              -123.8057121207618,
              40.356009373969826
            ],
            [
              -123.80492831226991,
              40.35557751913687
            ],
            [
              -123.80427808711578,
              40.35482079705501
            ],
            [
              -123.80365359757073,
              40.35434348867319
            ],
            [
              -123.80314651801943,
              40.354139104429606
            ],
            [
              -123.80278185501453,
              40.354038512557985
            ],
            [
              -123.80256697644299,
              40.35387302521725
            ],
            [
              -123.80223447278928,
              40.35424455425664
            ],
            [
              -123.80098363014837,
              40.35589319230859
            ],
            [
              -123.80033474581053,
              40.35660079574003
            ],
            [
              -123.7998087662146,
              40.35730717288981
            ],
            [
              -123.79912530490381,
              40.35899161720292
            ],
            [
              -123.79882266854456,
              40.35962468356166
            ],
            [
              -123.79857274020974,
              40.35996379443311
            ],
            [
              -123.79802908389868,
              40.36038260974651
            ],
            [
              -123.79624093466923,
              40.36149346355064
            ],
            [
              -123.79571683800778,
              40.36196995490817
            ],
            [
              -123.7949082946718,
              40.36282295892642
            ],
            [
              -123.7940296871276,
              40.363576154071296
            ],
            [
              -123.7938326073738,
              40.363820985940286
            ],
            [
              -123.79336581434447,
              40.36383810197851
            ],
            [
              -123.79233532035471,
              40.36407493154765
            ],
            [
              -123.79119574865608,
              40.36450096830708
            ],
            [
              -123.79048657013352,
              40.36488960265966
            ],
            [
              -123.79009063974077,
              40.36502225288413
            ],
            [
              -123.78872977082062,
              40.36525226634836
            ],
            [
              -123.7877318720573,
              40.36528193700699
            ],
            [
              -123.7870244851974,
              40.36509262557827
            ],
            [
              -123.78605979947173,
              40.364743614882194
            ],
            [
              -123.78504938564772,
              40.36459707064133
            ],
            [
              -123.78380825217549,
              40.36452484950155
            ],
            [
              -123.783104084035,
              40.36460155008973
            ],
            [
              -123.78175377315372,
              40.36514629792113
            ],
            [
              -123.7813339084935,
              40.36545565428789
            ],
            [
              -123.78102006039079,
              40.365764585506106
            ],
            [
              -123.78070092732273,
              40.3660004578569
            ],
            [
              -123.78003559337746,
              40.36584756712046
            ],
            [
              -123.77941296025094,
              40.36579277273692
            ],
            [
              -123.77878154750758,
              40.36577513604441
            ],
            [
              -123.77790167053153,
              40.36599206127815
            ],
            [
              -123.7769824762766,
              40.36650754856204
            ],
            [
              -123.77675014432076,
              40.36668499297401
            ],
            [
              -123.77644766634634,
              40.36678152351133
            ],
            [
              -123.7761606089728,
              40.36679223220196
            ],
            [
              -123.77497773747409,
              40.36666523678998
            ],
            [
              -123.77433146047044,
              40.3666514033826
            ],
            [
              -123.77386663948457,
              40.36655122908692
            ],
            [
              -123.77323804815327,
              40.366361121827566
            ],
            [
              -123.77125921998577,
              40.36565817856805
            ],
            [
              -123.77077628327753,
              40.3652521659171
            ],
            [
              -123.77032161245673,
              40.36500719757224
            ],
            [
              -123.76992048763364,
              40.364842817755495
            ],
            [
              -123.76891887607789,
              40.364638142969426
            ],
            [
              -123.7681621949481,
              40.364363782369836
            ],
            [
              -123.76747155558024,
              40.36393588403161
            ],
            [
              -123.76678514921859,
              40.36378750009978
            ],
            [
              -123.76608756538322,
              40.36387713194799
            ],
            [
              -123.76566980717634,
              40.36400163561487
            ],
            [
              -123.7650728168668,
              40.363533140163895
            ],
            [
              -123.76447656886016,
              40.36258252352166
            ],
            [
              -123.76392266333724,
              40.36214875712894
            ],
            [
              -123.76332554704203,
              40.36176927500419
            ],
            [
              -123.76280216844405,
              40.361178847309134
            ],
            [
              -123.76246417217259,
              40.36072585716516
            ],
            [
              -123.76167312961618,
              40.3603344978905
            ],
            [
              -123.76120891394481,
              40.360202445964205
            ],
            [
              -123.76067434370174,
              40.359913396987295
            ],
            [
              -123.7601009105793,
              40.35937210018864
            ],
            [
              -123.75952300754015,
              40.358659683889165
            ],
            [
              -123.75930624438055,
              40.35825060637371
            ],
            [
              -123.7588840631273,
              40.35763627923375
            ],
            [
              -123.75850314722999,
              40.3571927466341
            ],
            [
              -123.75807032982055,
              40.35684907283112
            ],
            [
              -123.75706592793169,
              40.3557928093123
            ],
            [
              -123.75611464868452,
              40.354560043352066
            ],
            [
              -123.75577627839543,
              40.353665490472785
            ],
            [
              -123.75577026655951,
              40.35311596771748
            ],
            [
              -123.7555142916455,
              40.352496590319724
            ],
            [
              -123.75517105639311,
              40.35187702803316
            ],
            [
              -123.75462610699213,
              40.351322164647776
            ],
            [
              -123.75419769586561,
              40.35112619476142
            ],
            [
              -123.75343810471146,
              40.35056430984754
            ],
            [
              -123.75286663686538,
              40.349923783756374
            ],
            [
              -123.75251517618993,
              40.34937206097362
            ],
            [
              -123.7523774993897,
              40.34896705800102
            ],
            [
              -123.75212550708132,
              40.34855847339654
            ],
            [
              -123.75188774228735,
              40.348425149541825
            ],
            [
              -123.75108715019245,
              40.34837194211331
            ],
            [
              -123.74970648501458,
              40.34775929387211
            ],
            [
              -123.74917653334496,
              40.347307863032626
            ],
            [
              -123.74915589492394,
              40.346880456310934
            ],
            [
              -123.74943900034974,
              40.34643201367297
            ],
            [
              -123.74982057683877,
              40.346001438079206
            ],
            [
              -123.75006717125171,
              40.3455090435897
            ],
            [
              -123.7498452358936,
              40.34515446620784
            ],
            [
              -123.74936347249296,
              40.345157492336426
            ],
            [
              -123.74875893152613,
              40.34522085694015
            ],
            [
              -123.74764142344311,
              40.34541687181634
            ],
            [
              -123.7468719705382,
              40.34548070882877
            ],
            [
              -123.74503643171221,
              40.345361332025185
            ],
            [
              -123.74448166759751,
              40.34545470553449
            ],
            [
              -123.74346037499048,
              40.34552529203083
            ],
            [
              -123.7426087532447,
              40.34534544579393
            ],
            [
              -123.74207494442356,
              40.34509657238741
            ],
            [
              -123.74144717599376,
              40.34452445988149
            ],
            [
              -123.74089138579397,
              40.34394198906108
            ],
            [
              -123.7397497371721,
              40.34362051292861
            ],
            [
              -123.73755058571894,
              40.343666066048975
            ],
            [
              -123.73698187702901,
              40.34374630124715
            ],
            [
              -123.7365920746332,
              40.34386168607263
            ],
            [
              -123.73593894324998,
              40.34382477835656
            ],
            [
              -123.73460076970889,
              40.34326137108145
            ],
            [
              -123.73398393375827,
              40.34212118078426
            ],
            [
              -123.73339550024525,
              40.34174693065625
            ],
            [
              -123.73300766062219,
              40.34107825617581
            ],
            [
              -123.73258774822364,
              40.340495035702695
            ],
            [
              -123.73221355853869,
              40.34022697477312
            ],
            [
              -123.73154298075126,
              40.33967241622525
            ],
            [
              -123.73021521978656,
              40.33818585459869
            ],
            [
              -123.72924952853637,
              40.33731746948253
            ],
            [
              -123.72868337444234,
              40.33686677207842
            ],
            [
              -123.72694926142316,
              40.33562951703327
            ],
            [
              -123.72588255778648,
              40.33477118333278
            ],
            [
              -123.7251785423171,
              40.334086958058755
            ],
            [
              -123.72293660280701,
              40.33208264563128
            ],
            [
              -123.72116171218757,
              40.3307778285255
            ],
            [
              -123.72056998203198,
              40.33017834272057
            ],
            [
              -123.72029220598735,
              40.329743445004624
            ],
            [
              -123.72015044972406,
              40.32891052172949
            ],
            [
              -123.72015667877426,
              40.32829306005437
            ],
            [
              -123.72001415100836,
              40.32717292211526
            ],
            [
              -123.71982262274575,
              40.3266965826447
            ],
            [
              -123.7187388117342,
              40.32568018503201
            ],
            [
              -123.71835443410278,
              40.32514653892337
            ],
            [
              -123.71812203546557,
              40.32456244827772
            ],
            [
              -123.71830510038521,
              40.32407034571165
            ],
            [
              -123.71762925662193,
              40.32446264217698
            ],
            [
              -123.716662601384,
              40.324653003105105
            ],
            [
              -123.7152546124887,
              40.324684556405515
            ],
            [
              -123.71252535720015,
              40.32543491569031
            ],
            [
              -123.71148956718834,
              40.32554087002158
            ],
            [
              -123.71023961235083,
              40.32523761055236
            ],
            [
              -123.70902689136956,
              40.324848718870136
            ],
            [
              -123.70826807459348,
              40.32474979436228
            ],
            [
              -123.7076052734087,
              40.32450634266404
            ],
            [
              -123.70700249945239,
              40.32414058745689
            ],
            [
              -123.70584419021617,
              40.323872543308404
            ],
            [
              -123.70449669018986,
              40.323776847949624
            ],
            [
              -123.7034378475091,
              40.32363983491601
            ],
            [
              -123.70273236933764,
              40.3236843126203
            ],
            [
              -123.70209311884386,
              40.32410272408186
            ],
            [
              -123.70161786791617,
              40.32446104811269
            ],
            [
              -123.70117671228269,
              40.324658114042876
            ],
            [
              -123.70002043986338,
              40.32466027392136
            ],
            [
              -123.69884606465061,
              40.32447375294495
            ],
            [
              -123.69736987459605,
              40.324005056217544
            ],
            [
              -123.69630400106921,
              40.32379526620224
            ],
            [
              -123.69467219242938,
              40.32326922628013
            ],
            [
              -123.69377392626785,
              40.322931914479206
            ],
            [
              -123.69300906015874,
              40.32275648646926
            ],
            [
              -123.69248303162568,
              40.322516209532026
            ],
            [
              -123.69159127762056,
              40.321886831418205
            ],
            [
              -123.68929137166447,
              40.32167519240439
            ],
            [
              -123.6884176592962,
              40.321284034600104
            ],
            [
              -123.68725341716282,
              40.32057881459234
            ],
            [
              -123.68642983205557,
              40.31980501994897
            ],
            [
              -123.68613636102967,
              40.319432633204805
            ],
            [
              -123.68583334101281,
              40.31919103057415
            ],
            [
              -123.68554653631458,
              40.319043697838744
            ],
            [
              -123.68551846545176,
              40.31809388044271
            ],
            [
              -123.68513090783208,
              40.317398060194236
            ],
            [
              -123.68403059065722,
              40.316485647331184
            ],
            [
              -123.68298422474523,
              40.31570747388495
            ],
            [
              -123.68209943384727,
              40.31511837993009
            ],
            [
              -123.68147471583313,
              40.314482805231584
            ],
            [
              -123.68136290977188,
              40.314041938571926
            ],
            [
              -123.68136361164167,
              40.31324443819325
            ],
            [
              -123.68158040465536,
              40.311810620045094
            ],
            [
              -123.68194558681483,
              40.31016878533938
            ],
            [
              -123.68197734906997,
              40.309700119477974
            ],
            [
              -123.68168551442344,
              40.309264589260586
            ],
            [
              -123.68095026192702,
              40.308719760673846
            ],
            [
              -123.68018820852416,
              40.3080891173307
            ],
            [
              -123.67951967156137,
              40.30746641430279
            ],
            [
              -123.67797745837859,
              40.30566499818293
            ],
            [
              -123.67756311106415,
              40.30492406722731
            ],
            [
              -123.67725236345724,
              40.30402052728234
            ],
            [
              -123.67673761375552,
              40.30322217349106
            ],
            [
              -123.67604859083707,
              40.30254965040408
            ],
            [
              -123.6753122179558,
              40.30174787371862
            ],
            [
              -123.6750870317383,
              40.30118152438406
            ],
            [
              -123.67521646133962,
              40.30048300214741
            ],
            [
              -123.67551559740396,
              40.29993165110036
            ],
            [
              -123.6758205660763,
              40.299096267495955
            ],
            [
              -123.67621081086484,
              40.29859360453182
            ],
            [
              -123.67684373136206,
              40.29821169481984
            ],
            [
              -123.67740178034587,
              40.2979563241878
            ],
            [
              -123.67847396644704,
              40.297530671059285
            ],
            [
              -123.67908966881437,
              40.29723036228561
            ],
            [
              -123.67990491097785,
              40.29670786077879
            ],
            [
              -123.68038339416327,
              40.29609611642806
            ],
            [
              -123.68119673140156,
              40.293978750954295
            ],
            [
              -123.681300558045,
              40.29345122043189
            ],
            [
              -123.68088489931651,
              40.29324196877766
            ],
            [
              -123.68011437797608,
              40.292999067308436
            ],
            [
              -123.67913140796091,
              40.29262196081914
            ],
            [
              -123.67871318717518,
              40.29234054688432
            ],
            [
              -123.67844317536489,
              40.291869180288614
            ],
            [
              -123.6778886699744,
              40.291286440316334
            ],
            [
              -123.67621774499851,
              40.290530596310695
            ],
            [
              -123.67559400909481,
              40.29012012349104
            ],
            [
              -123.67505976374659,
              40.289609848098515
            ],
            [
              -123.6744731155802,
              40.28913971123133
            ],
            [
              -123.67362569948033,
              40.28879373909852
            ],
            [
              -123.6725479806584,
              40.28849766227128
            ],
            [
              -123.67021786873755,
              40.28767388245197
            ],
            [
              -123.66927079497438,
              40.2872694586093
            ],
            [
              -123.6687568090603,
              40.286853025237605
            ],
            [
              -123.66843569105963,
              40.28637330186812
            ],
            [
              -123.66783768193618,
              40.285786311400145
            ],
            [
              -123.66657084337332,
              40.28492010701475
            ],
            [
              -123.6643883833957,
              40.28389177825856
            ],
            [
              -123.66374942119229,
              40.28357097899302
            ],
            [
              -123.66340944546023,
              40.283343246971306
            ],
            [
              -123.66205951520276,
              40.281689189220536
            ],
            [
              -123.66160161779516,
              40.28093951805242
            ],
            [
              -123.66141740430818,
              40.280161062417804
            ],
            [
              -123.66162176184636,
              40.27931336888105
            ],
            [
              -123.66163787225106,
              40.27888938288034
            ],
            [
              -123.66131088241994,
              40.27842249426542
            ],
            [
              -123.66080037354197,
              40.27812390054349
            ],
            [
              -123.66034062867944,
              40.277788908184355
            ],
            [
              -123.66013703257842,
              40.27757319722575
            ],
            [
              -123.65830359231312,
              40.27602083505487
            ],
            [
              -123.65763658992313,
              40.275695485730374
            ],
            [
              -123.65631009014987,
              40.274946257233914
            ],
            [
              -123.65527999398222,
              40.274100845353
            ],
            [
              -123.65394315573697,
              40.27316718305464
            ],
            [
              -123.65353830232519,
              40.27293501106988
            ],
            [
              -123.65327307426695,
              40.2726706926651
            ],
            [
              -123.65304397372698,
              40.27292909961683
            ],
            [
              -123.6524442047128,
              40.27343219859737
            ],
            [
              -123.6503845843122,
              40.27441261927943
            ],
            [
              -123.6496369554445,
              40.27445285978367
            ],
            [
              -123.64864098195098,
              40.27435034052128
            ],
            [
              -123.64792965133472,
              40.2743813657312
            ],
            [
              -123.64703067417223,
              40.274467478408035
            ],
            [
              -123.64632633016473,
              40.27449845110003
            ],
            [
              -123.64587225366995,
              40.274600089778076
            ],
            [
              -123.64489423671999,
              40.27468663803235
            ],
            [
              -123.64176703329909,
              40.274546138741655
            ],
            [
              -123.64086241263531,
              40.27457809926744
            ],
            [
              -123.6398438234019,
              40.27484082969197
            ],
            [
              -123.6389314566049,
              40.275224264576806
            ],
            [
              -123.63830063191648,
              40.27584038490454
            ],
            [
              -123.63752443943409,
              40.27722309342414
            ],
            [
              -123.637082010183,
              40.27771678531682
            ],
            [
              -123.63684745519882,
              40.27828994068881
            ],
            [
              -123.63673625916692,
              40.279110061332666
            ],
            [
              -123.63652984062811,
              40.28001245708626
            ],
            [
              -123.63618893065549,
              40.2805458826507
            ],
            [
              -123.63579809451241,
              40.28100751271321
            ],
            [
              -123.63542770164356,
              40.28120288901135
            ],
            [
              -123.63422508345649,
              40.28170492436727
            ],
            [
              -123.63336489588873,
              40.28261552936545
            ],
            [
              -123.6330604362551,
              40.283405231222325
            ],
            [
              -123.63256739945247,
              40.283953146795355
            ],
            [
              -123.63174759074114,
              40.28437218134164
            ],
            [
              -123.63107448169146,
              40.2846100984564
            ],
            [
              -123.6305337949837,
              40.28505451765884
            ],
            [
              -123.63036122269278,
              40.28535276737569
            ],
            [
              -123.62961717799145,
              40.28558683309347
            ],
            [
              -123.62871489897202,
              40.28578533170922
            ],
            [
              -123.62819869833578,
              40.28612117748394
            ],
            [
              -123.62796567782537,
              40.286573195223916
            ],
            [
              -123.62763113630194,
              40.28710644775327
            ],
            [
              -123.6271276380735,
              40.28778485388732
            ],
            [
              -123.62669040742324,
              40.288266955418585
            ],
            [
              -123.62619617299951,
              40.28855952769208
            ],
            [
              -123.6259235723239,
              40.28853741147825
            ],
            [
              -123.62485484308156,
              40.288190932577514
            ],
            [
              -123.62294681256337,
              40.28788237184947
            ],
            [
              -123.6225450929257,
              40.28788763275702
            ],
            [
              -123.62225815025293,
              40.287942367135315
            ],
            [
              -123.62123942187883,
              40.28824920993981
            ],
            [
              -123.61975451030831,
              40.28825928876908
            ],
            [
              -123.61906584972367,
              40.28833572647083
            ],
            [
              -123.61884341990154,
              40.28842342494389
            ],
            [
              -123.61869992656455,
              40.28852765007692
            ],
            [
              -123.618656836675,
              40.288642915068266
            ],
            [
              -123.61865674982263,
              40.28884605443398
            ],
            [
              -123.61871406472993,
              40.289021768424895
            ],
            [
              -123.6188574568867,
              40.28926343273838
            ],
            [
              -123.61902222785972,
              40.28980158610613
            ],
            [
              -123.61907227508527,
              40.2902847455564
            ],
            [
              -123.61903633712821,
              40.290454925299414
            ],
            [
              -123.61885689248652,
              40.29071284717527
            ],
            [
              -123.61868464189294,
              40.2908994112664
            ],
            [
              -123.61836893449353,
              40.29110784104074
            ],
            [
              -123.6178092857866,
              40.2913490674174
            ],
            [
              -123.61735727926634,
              40.29148054133075
            ],
            [
              -123.6161017960126,
              40.2916334590834
            ],
            [
              -123.61585785903266,
              40.291710174772426
            ],
            [
              -123.61528391349125,
              40.291814107394
            ],
            [
              -123.61487497562825,
              40.291923649449025
            ],
            [
              -123.61446602513602,
              40.29197827140051
            ],
            [
              -123.6132104857056,
              40.29222999779833
            ],
            [
              -123.61267234025398,
              40.292471200044666
            ],
            [
              -123.61254314356061,
              40.29258641100647
            ],
            [
              -123.61225600375074,
              40.29299247758415
            ],
            [
              -123.61183256645097,
              40.29337651682411
            ],
            [
              -123.6111795553539,
              40.29371645285673
            ],
            [
              -123.61076340140247,
              40.29383694672748
            ],
            [
              -123.61011050485168,
              40.2939627770018
            ],
            [
              -123.60893372292183,
              40.29442311841867
            ],
            [
              -123.60868976216052,
              40.29449431497712
            ],
            [
              -123.60788617303918,
              40.29463100657278
            ],
            [
              -123.6072260566966,
              40.294828164970056
            ],
            [
              -123.60584107445041,
              40.29547501642796
            ],
            [
              -123.60532444409546,
              40.29565031247548
            ],
            [
              -123.60439155082426,
              40.29604491812289
            ],
            [
              -123.60408302412553,
              40.29610506948967
            ],
            [
              -123.60391078895856,
              40.296198271354655
            ],
            [
              -123.60373128575476,
              40.296412259265686
            ],
            [
              -123.60346551484929,
              40.29693364423936
            ],
            [
              -123.60335041064565,
              40.29744414431983
            ],
            [
              -123.60339319106222,
              40.297905342112855
            ],
            [
              -123.6033639650125,
              40.298728864530474
            ],
            [
              -123.60330651237791,
              40.29883861405368
            ],
            [
              -123.60244520028995,
              40.29941991662997
            ],
            [
              -123.601734540618,
              40.299979376149054
            ],
            [
              -123.60163403309849,
              40.30009460510284
            ],
            [
              -123.60103067670084,
              40.3011647153368
            ],
            [
              -123.60059993128687,
              40.301559692629546
            ],
            [
              -123.60033436031058,
              40.3017077119796
            ],
            [
              -123.59977463028461,
              40.301844528763084
            ],
            [
              -123.59939434235059,
              40.30187167298369
            ],
            [
              -123.5987125491581,
              40.3021236880916
            ],
            [
              -123.59788016434611,
              40.30227125898645
            ],
            [
              -123.5974568258684,
              40.30229835655033
            ],
            [
              -123.59720564576726,
              40.30236952587388
            ],
            [
              -123.59662447971714,
              40.30236906069283
            ],
            [
              -123.5954694596063,
              40.30217594145899
            ],
            [
              -123.5952900564034,
              40.30219227774038
            ],
            [
              -123.5949384097135,
              40.30229628376171
            ],
            [
              -123.59470155405032,
              40.30243335217928
            ],
            [
              -123.59453641066025,
              40.30257047544132
            ],
            [
              -123.59397631964698,
              40.30317391901045
            ],
            [
              -123.59315806855336,
              40.303557546700155
            ],
            [
              -123.59200954355919,
              40.30423186411082
            ],
            [
              -123.59149272558464,
              40.304489464128615
            ],
            [
              -123.59105067948235,
              40.304553547642655
            ],
            [
              -123.591449503201,
              40.304843745482636
            ],
            [
              -123.59154868329561,
              40.30498896139853
            ],
            [
              -123.5918653554112,
              40.3052227470604
            ],
            [
              -123.5918906138359,
              40.30527737954882
            ],
            [
              -123.59237954569038,
              40.30571033580773
            ],
            [
              -123.59238042599046,
              40.30574698037052
            ],
            [
              -123.59277280779966,
              40.30614463072876
            ],
            [
              -123.59287199815321,
              40.306289840919504
            ],
            [
              -123.5929994560621,
              40.306617902078166
            ],
            [
              -123.59300163234143,
              40.30670949336886
            ],
            [
              -123.59307646895331,
              40.306836715017305
            ],
            [
              -123.5931090947601,
              40.30720273463096
            ],
            [
              -123.59318610277049,
              40.30742155241838
            ],
            [
              -123.59319567642305,
              40.307824539613556
            ],
            [
              -123.5933053126938,
              40.30840937736648
            ],
            [
              -123.59331183657574,
              40.3086841471686
            ],
            [
              -123.59349631506993,
              40.30939620686942
            ],
            [
              -123.59364466303397,
              40.309595699666566
            ],
            [
              -123.59408231039876,
              40.309882776161686
            ],
            [
              -123.5941562711596,
              40.309973357442395
            ],
            [
              -123.59442426801253,
              40.310171188611925
            ],
            [
              -123.59452391430295,
              40.3103347270667
            ],
            [
              -123.59484237625118,
              40.31064179102267
            ],
            [
              -123.59494156385048,
              40.310786981868425
            ],
            [
              -123.59535880364415,
              40.31122094716408
            ],
            [
              -123.5958791642941,
              40.31196495980242
            ],
            [
              -123.59588222651516,
              40.312093196152496
            ],
            [
              -123.59595530982241,
              40.31214713643249
            ],
            [
              -123.596006198948,
              40.31227470411312
            ],
            [
              -123.59603799612489,
              40.31260407873893
            ],
            [
              -123.59594145761248,
              40.313576595609575
            ],
            [
              -123.59585229297896,
              40.31385268638413
            ],
            [
              -123.5957779283724,
              40.314751595613394
            ],
            [
              -123.59583326467437,
              40.31607013842679
            ],
            [
              -123.59588372701938,
              40.316179376823
            ],
            [
              -123.59594162939577,
              40.3166000075413
            ],
            [
              -123.59599254587255,
              40.31672757497432
            ],
            [
              -123.59646291687987,
              40.317380661141186
            ],
            [
              -123.59662000797258,
              40.31794651996001
            ],
            [
              -123.59698987755651,
              40.31839943969203
            ],
            [
              -123.5976477918356,
              40.31888499671605
            ],
            [
              -123.59782053087409,
              40.31910247371558
            ],
            [
              -123.59784882731778,
              40.3192853251249
            ],
            [
              -123.5979994079482,
              40.31957639196787
            ],
            [
              -123.59812821845762,
              40.319959403002436
            ],
            [
              -123.59825181708355,
              40.32012259292971
            ],
            [
              -123.59825355249986,
              40.3201958604952
            ],
            [
              -123.59835363742152,
              40.32037769483348
            ],
            [
              -123.59857602939027,
              40.32066777600219
            ],
            [
              -123.59870178941972,
              40.320922549224576
            ],
            [
              -123.59870790457644,
              40.32117898703798
            ],
            [
              -123.59866616389743,
              40.32143611854087
            ],
            [
              -123.59869927180578,
              40.32182045164239
            ],
            [
              -123.59897563135938,
              40.32236630501832
            ],
            [
              -123.59924804990588,
              40.322747303295614
            ],
            [
              -123.59947436179229,
              40.32320223457508
            ],
            [
              -123.59957797049117,
              40.32353061188641
            ],
            [
              -123.59958452463555,
              40.32380536592524
            ],
            [
              -123.59963457445397,
              40.32389628737623
            ],
            [
              -123.59966548589297,
              40.32418904296732
            ],
            [
              -123.59982045438196,
              40.324663284407855
            ],
            [
              -123.60016733025826,
              40.325153184636505
            ],
            [
              -123.60053200927011,
              40.32538630317956
            ],
            [
              -123.60089448446725,
              40.32552780549737
            ],
            [
              -123.6012113020057,
              40.325761598211976
            ],
            [
              -123.60136015897957,
              40.32597939959839
            ],
            [
              -123.60141284828063,
              40.326180228459606
            ],
            [
              -123.60137065906208,
              40.32641902810238
            ],
            [
              -123.60132367078869,
              40.32645632646949
            ],
            [
              -123.60127931849783,
              40.32660354210831
            ],
            [
              -123.60104916938768,
              40.32699156765383
            ],
            [
              -123.60065104586533,
              40.32736359688846
            ],
            [
              -123.60058230409133,
              40.32749283513311
            ],
            [
              -123.6003020945029,
              40.32778992893078
            ],
            [
              -123.60016330581367,
              40.32799342969735
            ],
            [
              -123.59985697353171,
              40.32819927242243
            ],
            [
              -123.59978516649383,
              40.3282002861441
            ],
            [
              -123.59959632868956,
              40.32831286444895
            ],
            [
              -123.59926647734089,
              40.32853736454275
            ],
            [
              -123.59884615694135,
              40.32898299835276
            ],
            [
              -123.59851675968228,
              40.329225807044786
            ],
            [
              -123.59828267468698,
              40.32944897639853
            ],
            [
              -123.59788583001084,
              40.329875958883996
            ],
            [
              -123.59781750383213,
              40.3300235074
            ],
            [
              -123.59760820605624,
              40.3302829562651
            ],
            [
              -123.5971056602134,
              40.331297780191505
            ],
            [
              -123.59699078523086,
              40.33150095474211
            ],
            [
              -123.59689722091747,
              40.3315938739309
            ],
            [
              -123.59687677314861,
              40.331740751839305
            ],
            [
              -123.59678496078547,
              40.33190693870225
            ],
            [
              -123.59679107078169,
              40.332163392776216
            ],
            [
              -123.59686987428012,
              40.33245546630023
            ],
            [
              -123.59721543739384,
              40.33289042163062
            ],
            [
              -123.59828912822704,
              40.33373664100095
            ],
            [
              -123.59891976363211,
              40.334075998527254
            ],
            [
              -123.59937850097828,
              40.334234493374964
            ],
            [
              -123.59969359510272,
              40.33439500054436
            ],
            [
              -123.59983809419316,
              40.33442962813278
            ],
            [
              -123.60070896215119,
              40.334802253315296
            ],
            [
              -123.60097709917413,
              40.335000077980574
            ],
            [
              -123.60129787760695,
              40.33539871087744
            ],
            [
              -123.60130008365357,
              40.33549030823127
            ],
            [
              -123.6015020682929,
              40.33592723500604
            ],
            [
              -123.60153170165043,
              40.33616504004654
            ],
            [
              -123.60158219239378,
              40.3362742730576
            ],
            [
              -123.60178697463249,
              40.337828936056056
            ],
            [
              -123.6020416628523,
              40.33846669823996
            ],
            [
              -123.60241430868707,
              40.33902951828838
            ],
            [
              -123.60241607371178,
              40.33910280011502
            ],
            [
              -123.60258844405446,
              40.33930194393254
            ],
            [
              -123.60276433936339,
              40.33964763750371
            ],
            [
              -123.60298680176928,
              40.339937710760644
            ],
            [
              -123.60298853614793,
              40.3400109749572
            ],
            [
              -123.60321187930947,
              40.34033766573231
            ],
            [
              -123.60333856363367,
              40.34062907947247
            ],
            [
              -123.60348746334665,
              40.34084687607943
            ],
            [
              -123.60353928343395,
              40.34101107019064
            ],
            [
              -123.60391196609493,
              40.341573886532565
            ],
            [
              -123.60421237209351,
              40.34211939374583
            ],
            [
              -123.60503130568821,
              40.34331727995737
            ],
            [
              -123.6050574366873,
              40.34340853021583
            ],
            [
              -123.60515583381816,
              40.343517093418015
            ],
            [
              -123.6051571456379,
              40.343572046074776
            ],
            [
              -123.60527948863887,
              40.343680284049036
            ],
            [
              -123.60552896683576,
              40.344098217758614
            ],
            [
              -123.60562737190422,
              40.34420678510944
            ],
            [
              -123.60598094865074,
              40.344971435458916
            ],
            [
              -123.60599193395642,
              40.34542936256469
            ],
            [
              -123.60607078355461,
              40.34572144743995
            ],
            [
              -123.60606702440734,
              40.346564392381865
            ],
            [
              -123.60617377147591,
              40.34702099625743
            ],
            [
              -123.60622339549901,
              40.34709359175767
            ],
            [
              -123.60625260441748,
              40.34731306336344
            ],
            [
              -123.60639609600125,
              40.34761875234962
            ],
            [
              -123.60655350127382,
              40.34787687849359
            ],
            [
              -123.60674944371067,
              40.34805738020273
            ],
            [
              -123.60718785481261,
              40.3483627247761
            ],
            [
              -123.60779516776927,
              40.34872067756214
            ],
            [
              -123.60803939781334,
              40.348918811053025
            ],
            [
              -123.6080402853969,
              40.34895543357128
            ],
            [
              -123.60821226289914,
              40.34913625952923
            ],
            [
              -123.60838866488669,
              40.34950025876509
            ],
            [
              -123.60846707767084,
              40.34977401342228
            ],
            [
              -123.60849981868007,
              40.35014004100096
            ],
            [
              -123.60870498547374,
              40.35070518690523
            ],
            [
              -123.60867645100018,
              40.351511837663885
            ],
            [
              -123.6086099031256,
              40.35173265844063
            ],
            [
              -123.6086173770441,
              40.35204406419331
            ],
            [
              -123.60869270148875,
              40.35218959320332
            ],
            [
              -123.60891260787048,
              40.3523697384549
            ],
            [
              -123.60927437638529,
              40.3524745958224
            ],
            [
              -123.61059385545758,
              40.3525659965333
            ],
            [
              -123.61076322732094,
              40.352636908477365
            ],
            [
              -123.61189336449382,
              40.352822558644085
            ],
            [
              -123.61242494762728,
              40.353016647260304
            ],
            [
              -123.6126200263067,
              40.35316047143118
            ],
            [
              -123.61271888808336,
              40.35328736416225
            ],
            [
              -123.61275074767646,
              40.353616722991696
            ],
            [
              -123.6127316559195,
              40.35381856342914
            ],
            [
              -123.61259903150312,
              40.354278525946306
            ],
            [
              -123.61252939443493,
              40.35437112776717
            ],
            [
              -123.61242776138405,
              40.35512383549726
            ],
            [
              -123.61238252962107,
              40.35523442172965
            ],
            [
              -123.61238781740362,
              40.35545422433126
            ],
            [
              -123.61244010089635,
              40.35563672834836
            ],
            [
              -123.61245155628684,
              40.35611298925597
            ],
            [
              -123.61225634262648,
              40.35695863066098
            ],
            [
              -123.61218670861288,
              40.35705123231307
            ],
            [
              -123.61205187364838,
              40.35741961469042
            ],
            [
              -123.61201103629955,
              40.357713367348495
            ],
            [
              -123.6120477497764,
              40.35824423747437
            ],
            [
              -123.61220510378224,
              40.35881005636477
            ],
            [
              -123.6122086177286,
              40.35895661386111
            ],
            [
              -123.61240988602204,
              40.35935690707672
            ],
            [
              -123.61265505454845,
              40.35959165597631
            ],
            [
              -123.61294254121499,
              40.359953060290934
            ],
            [
              -123.61334449449224,
              40.360369867485154
            ],
            [
              -123.61354223243919,
              40.360623611627425
            ],
            [
              -123.61356880837289,
              40.36073319186735
            ],
            [
              -123.61386676439966,
              40.36116875778618
            ],
            [
              -123.61389334709028,
              40.36127833782797
            ],
            [
              -123.6139926661478,
              40.36142351396245
            ],
            [
              -123.61404539753555,
              40.361624334425585
            ],
            [
              -123.61409417244117,
              40.36166029479188
            ],
            [
              -123.61427106190676,
              40.36204260594085
            ],
            [
              -123.61432427007831,
              40.36226173229575
            ],
            [
              -123.61433133583247,
              40.3625548192836
            ],
            [
              -123.6146345636111,
              40.36321020751745
            ],
            [
              -123.6148336513036,
              40.3635188984547
            ],
            [
              -123.61517772227641,
              40.36388053520999
            ],
            [
              -123.61525265588918,
              40.364007730727515
            ],
            [
              -123.61557102500947,
              40.36429642370287
            ],
            [
              -123.61591114182677,
              40.36449318893326
            ],
            [
              -123.61624949391792,
              40.36461668832394
            ],
            [
              -123.61651424853383,
              40.364667926401104
            ],
            [
              -123.61704549593253,
              40.36484366668697
            ],
            [
              -123.61711733249106,
              40.36484263383173
            ],
            [
              -123.61784238306683,
              40.36510725398265
            ],
            [
              -123.61827563784357,
              40.36519276404461
            ],
            [
              -123.61856343517141,
              40.36520700593543
            ],
            [
              -123.61890135431152,
              40.36531218187989
            ],
            [
              -123.61912086610899,
              40.365473981265126
            ],
            [
              -123.61936785402408,
              40.36578200603443
            ],
            [
              -123.61975987410837,
              40.366142932832076
            ],
            [
              -123.62009868739824,
              40.36628473335699
            ],
            [
              -123.62055500859175,
              40.36633324279668
            ],
            [
              -123.62094083453444,
              40.366437734004435
            ],
            [
              -123.62120868324347,
              40.36661718562088
            ],
            [
              -123.62145438266795,
              40.36687023372951
            ],
            [
              -123.62174749377725,
              40.36710430536677
            ],
            [
              -123.62196925585526,
              40.367357685190775
            ],
            [
              -123.62223755869609,
              40.367555460121466
            ],
            [
              -123.62248014812327,
              40.36768028369647
            ],
            [
              -123.6227484526239,
              40.367878039015764
            ],
            [
              -123.62303847172267,
              40.36798387062979
            ],
            [
              -123.62325713567243,
              40.368109039176574
            ],
            [
              -123.62410109132637,
              40.368335283462166
            ],
            [
              -123.62453437207915,
              40.36842075795841
            ],
            [
              -123.62508649818066,
              40.368467903433434
            ],
            [
              -123.62515923631102,
              40.368503521366186
            ],
            [
              -123.6253991731023,
              40.36851844167117
            ],
            [
              -123.62570916825558,
              40.368459068099156
            ],
            [
              -123.62602464237233,
              40.368443505044546
            ],
            [
              -123.62705907739617,
              40.368593496694906
            ],
            [
              -123.62737260668148,
              40.36903769629736
            ],
            [
              -123.62763326043651,
              40.36925702434115
            ],
            [
              -123.62790982636565,
              40.36944097915996
            ],
            [
              -123.6286352732935,
              40.36975652020616
            ],
            [
              -123.62890975240248,
              40.37001628125139
            ],
            [
              -123.62930789674964,
              40.37053177178834
            ],
            [
              -123.62974177743288,
              40.370768556992914
            ],
            [
              -123.63039245241667,
              40.371215550357135
            ],
            [
              -123.63086947504866,
              40.37140149301805
            ],
            [
              -123.63125560028114,
              40.37150817984536
            ],
            [
              -123.6316463038842,
              40.371712980332575
            ],
            [
              -123.632679146916,
              40.37209919716676
            ],
            [
              -123.63471453784241,
              40.37299357565153
            ],
            [
              -123.63506426747817,
              40.3731086178128
            ],
            [
              -123.63556756243933,
              40.373105688612284
            ],
            [
              -123.63622987348826,
              40.37305724682563
            ],
            [
              -123.63667413915934,
              40.37310391057041
            ],
            [
              -123.63749318667826,
              40.373455517422535
            ],
            [
              -123.63830387145755,
              40.373523516557356
            ],
            [
              -123.63866736375702,
              40.3736336519018
            ],
            [
              -123.63902626488489,
              40.37397454659264
            ],
            [
              -123.63924354332644,
              40.3742385129
            ],
            [
              -123.63961583028555,
              40.374398785256474
            ],
            [
              -123.64019108097436,
              40.37496310351479
            ],
            [
              -123.6406144416242,
              40.375956265579504
            ],
            [
              -123.64055012013205,
              40.376830554486354
            ],
            [
              -123.64097285037865,
              40.377832744922685
            ],
            [
              -123.64151181069055,
              40.37819453117
            ],
            [
              -123.64241018276982,
              40.37869442929284
            ],
            [
              -123.64327201277268,
              40.3795141856297
            ],
            [
              -123.64386722626271,
              40.37963184810092
            ],
            [
              -123.6445711931517,
              40.37940755464608
            ],
            [
              -123.64548395588095,
              40.378969850335416
            ],
            [
              -123.64649698493207,
              40.37879756272027
            ],
            [
              -123.64725079016806,
              40.378978127571195
            ],
            [
              -123.64814838306603,
              40.37929329127053
            ],
            [
              -123.64876656664843,
              40.379654416433354
            ],
            [
              -123.64926163916678,
              40.38007969543309
            ],
            [
              -123.64992236995252,
              40.380539513668346
            ],
            [
              -123.65056957652783,
              40.380891891354175
            ],
            [
              -123.65092081522127,
              40.38119609509896
            ],
            [
              -123.65130178890597,
              40.381644442223156
            ],
            [
              -123.65171926865563,
              40.382020471255295
            ],
            [
              -123.6522284358551,
              40.38235155333096
            ],
            [
              -123.65332875562318,
              40.383668849918145
            ],
            [
              -123.65477185570742,
              40.38475553258726
            ],
            [
              -123.65611544959903,
              40.38598650010613
            ],
            [
              -123.65684074678616,
              40.3871177183151
            ],
            [
              -123.6571359166216,
              40.38813432014745
            ],
            [
              -123.65776813617677,
              40.38921590391409
            ],
            [
              -123.65880964447983,
              40.38999899618953
            ],
            [
              -123.6592624639796,
              40.39118947911658
            ],
            [
              -123.65960751168917,
              40.39193090035055
            ],
            [
              -123.66032591857778,
              40.39180071392958
            ],
            [
              -123.66105831546406,
              40.391269938447095
            ],
            [
              -123.66161892007219,
              40.3907442378392
            ],
            [
              -123.66247395536408,
              40.3902205270926
            ],
            [
              -123.66341508259818,
              40.39016117772399
            ],
            [
              -123.66432661571119,
              40.390164924599624
            ],
            [
              -123.66464296635291,
              40.390105173630694
            ],
            [
              -123.66620222407121,
              40.38951470927581
            ],
            [
              -123.66737281571768,
              40.389120463516825
            ],
            [
              -123.66824994026312,
              40.389354139097506
            ],
            [
              -123.66840712998459,
              40.38987581284101
            ],
            [
              -123.66858766778206,
              40.39020390200314
            ],
            [
              -123.66907597738542,
              40.390331660631624
            ],
            [
              -123.6700744346196,
              40.39016777217145
            ],
            [
              -123.67079970428311,
              40.39010122710548
            ],
            [
              -123.67159781529435,
              40.390105751631104
            ],
            [
              -123.67209244580582,
              40.38995846473561
            ],
            [
              -123.67280318007573,
              40.3888867347922
            ],
            [
              -123.67351486675138,
              40.38862513124494
            ],
            [
              -123.67502342063607,
              40.38889581525727
            ],
            [
              -123.67612999005839,
              40.38884497520755
            ],
            [
              -123.67720056123581,
              40.38901401404469
            ],
            [
              -123.67804759259693,
              40.38925669154583
            ],
            [
              -123.67877407218855,
              40.38896027698707
            ],
            [
              -123.67926198223161,
              40.38858702133022
            ],
            [
              -123.67953457710259,
              40.38810865636111
            ],
            [
              -123.67976261639792,
              40.38791347649094
            ],
            [
              -123.68075500479452,
              40.38781277394811
            ],
            [
              -123.68186872271274,
              40.387837405802216
            ],
            [
              -123.682774139476,
              40.38793131908684
            ],
            [
              -123.68338470598526,
              40.387833765992234
            ],
            [
              -123.68416766322466,
              40.387634766707905
            ],
            [
              -123.68538896357708,
              40.3877544774657
            ],
            [
              -123.68609970259968,
              40.38793862581635
            ],
            [
              -123.68674656870279,
              40.38797543268346
            ],
            [
              -123.6886714129505,
              40.38765317477923
            ],
            [
              -123.69058280348644,
              40.38729071020719
            ],
            [
              -123.69135775776337,
              40.38730367642344
            ],
            [
              -123.69162443270113,
              40.38765788842146
            ],
            [
              -123.69211979324514,
              40.38791628685938
            ],
            [
              -123.69236460258796,
              40.38797828178332
            ],
            [
              -123.69286055158175,
              40.38838535867948
            ],
            [
              -123.6932421040604,
              40.388932688221466
            ],
            [
              -123.69468614127865,
              40.38969899875544
            ],
            [
              -123.69489447432775,
              40.39010731378087
            ],
            [
              -123.69493090864012,
              40.39103075230688
            ],
            [
              -123.69514903603303,
              40.393645774110205
            ],
            [
              -123.69517048052914,
              40.39426776522978
            ],
            [
              -123.69552268574608,
              40.394679974923854
            ],
            [
              -123.69616969134252,
              40.394977762473346
            ],
            [
              -123.69718241190208,
              40.39534576239386
            ],
            [
              -123.69816740123528,
              40.39600689385133
            ],
            [
              -123.69848422693481,
              40.39664879402451
            ],
            [
              -123.69856402774462,
              40.39746844351747
            ],
            [
              -123.69916098930729,
              40.39814902573838
            ],
            [
              -123.69997318475863,
              40.39867984383493
            ],
            [
              -123.70050470851314,
              40.398951511081805
            ],
            [
              -123.70159735049671,
              40.39970626632876
            ],
            [
              -123.70291236899897,
              40.39994635472783
            ],
            [
              -123.704824236297,
              40.40000637726301
            ],
            [
              -123.7058944248713,
              40.40032866586802
            ],
            [
              -123.70689422709742,
              40.40108897317128
            ],
            [
              -123.70708860845026,
              40.401798746325426
            ],
            [
              -123.70668820200208,
              40.402563187905685
            ],
            [
              -123.70607720324826,
              40.403273672863556
            ],
            [
              -123.70594885235657,
              40.4037387891628
            ],
            [
              -123.70604158400043,
              40.40412549022362
            ],
            [
              -123.7071216703703,
              40.40543847433157
            ],
            [
              -123.70737424936809,
              40.40617634966243
            ],
            [
              -123.70776213511644,
              40.406498169120304
            ],
            [
              -123.7090771881497,
              40.40772835730897
            ],
            [
              -123.71028636731829,
              40.40847367005679
            ],
            [
              -123.71170291219661,
              40.409289060495425
            ],
            [
              -123.71295358859346,
              40.40978611707389
            ],
            [
              -123.71324046042005,
              40.41002704897177
            ],
            [
              -123.71300341289353,
              40.41050641574878
            ],
            [
              -123.71262313024725,
              40.41081518057788
            ],
            [
              -123.71148123547201,
              40.41159199271334
            ],
            [
              -123.7114172134019,
              40.412111243934596
            ],
            [
              -123.71151968538665,
              40.413168746812055
            ],
            [
              -123.71125457132811,
              40.4139995736622
            ],
            [
              -123.71094566186646,
              40.41469454530281
            ],
            [
              -123.71126287949862,
              40.4157284592926
            ],
            [
              -123.71214905482171,
              40.4176963371933
            ],
            [
              -123.71314112312585,
              40.41857315362273
            ],
            [
              -123.71359476009792,
              40.419025655886514
            ],
            [
              -123.71421441668504,
              40.41999838973644
            ],
            [
              -123.71420020392964,
              40.42098560624598
            ],
            [
              -123.71380686914628,
              40.42203261855819
            ],
            [
              -123.713225369724,
              40.4227664771891
            ],
            [
              -123.71303921585272,
              40.42332628947847
            ],
            [
              -123.71341337500301,
              40.42362964988276
            ],
            [
              -123.71458567376675,
              40.42413159227567
            ],
            [
              -123.71538246632942,
              40.42451887111197
            ],
            [
              -123.71613897079045,
              40.42498285019104
            ],
            [
              -123.71687224633,
              40.42548242650433
            ],
            [
              -123.71707303481197,
              40.425746774883216
            ],
            [
              -123.7171967015618,
              40.426173946548765
            ],
            [
              -123.71742707484384,
              40.42664101227205
            ],
            [
              -123.7179086534581,
              40.42720530470894
            ],
            [
              -123.71874334739837,
              40.427655082028664
            ],
            [
              -123.71949758113793,
              40.42791633843465
            ],
            [
              -123.72018832124344,
              40.4280245912463
            ],
            [
              -123.72225704944876,
              40.42813826203547
            ],
            [
              -123.7226538383651,
              40.42822097582053
            ],
            [
              -123.72300621474237,
              40.42842216270639
            ],
            [
              -123.72337431047575,
              40.42887860777607
            ],
            [
              -123.72365442293027,
              40.42960213273271
            ],
            [
              -123.72387864961273,
              40.43061458982875
            ],
            [
              -123.72416710741983,
              40.431450233795026
            ],
            [
              -123.72468622893075,
              40.4325774736125
            ],
            [
              -123.72524282275312,
              40.43470475200315
            ],
            [
              -123.72563901221992,
              40.43567064939791
            ],
            [
              -123.72648910186123,
              40.43719685060745
            ],
            [
              -123.72728793940483,
              40.43814248828909
            ],
            [
              -123.72769819851678,
              40.438915333110856
            ],
            [
              -123.72827505811276,
              40.439673016830355
            ],
            [
              -123.72916026987393,
              40.44045551654217
            ],
            [
              -123.72996555709308,
              40.44090978965008
            ],
            [
              -123.73083624684475,
              40.441345176951955
            ],
            [
              -123.73152022565043,
              40.44191292312679
            ],
            [
              -123.73178644332121,
              40.442479151127095
            ],
            [
              -123.73225534124053,
              40.44333639453455
            ],
            [
              -123.73281597516946,
              40.44363494648603
            ],
            [
              -123.73412526875966,
              40.44406782423215
            ],
            [
              -123.73547080043551,
              40.444402142326936
            ],
            [
              -123.7364489872307,
              40.444683601237074
            ],
            [
              -123.73720419104895,
              40.44516552918792
            ],
            [
              -123.73762958010373,
              40.4458429666869
            ],
            [
              -123.73776757386284,
              40.44654457414727
            ],
            [
              -123.73802082838019,
              40.448592547368705
            ],
            [
              -123.7383103327998,
              40.4494509573247
            ],
            [
              -123.73865594349601,
              40.45024600518253
            ],
            [
              -123.73916051893337,
              40.45087797995763
            ],
            [
              -123.73990191701468,
              40.45131974198207
            ],
            [
              -123.74086564740941,
              40.45207474694611
            ],
            [
              -123.74176581444341,
              40.452663241520355
            ],
            [
              -123.74257844878272,
              40.452955831559834
            ],
            [
              -123.74339977740593,
              40.45332394265877
            ],
            [
              -123.74409822155317,
              40.453981593027265
            ],
            [
              -123.7446378977899,
              40.454563769172644
            ],
            [
              -123.74505577028663,
              40.45490797515297
            ],
            [
              -123.74540796077541,
              40.45487396046958
            ],
            [
              -123.74595408003316,
              40.45448346354469
            ],
            [
              -123.74700127035028,
              40.45349457489191
            ],
            [
              -123.74803594085644,
              40.45269924906493
            ],
            [
              -123.7490130792895,
              40.45215237715399
            ],
            [
              -123.75029963367643,
              40.45209911326722
            ],
            [
              -123.7510839252007,
              40.45220692289661
            ],
            [
              -123.75132837329878,
              40.452299510935184
            ],
            [
              -123.75234572863238,
              40.45248672254762
            ],
            [
              -123.75375588332511,
              40.45262626569535
            ],
            [
              -123.75500923704129,
              40.45282068715697
            ],
            [
              -123.75601988507445,
              40.45316972879818
            ],
            [
              -123.75668474292246,
              40.453476563025546
            ],
            [
              -123.75750689815543,
              40.453724011561185
            ],
            [
              -123.75814680283068,
              40.4537775734183
            ],
            [
              -123.75851302606989,
              40.45374394184326
            ],
            [
              -123.76087175949571,
              40.45299370282566
            ],
            [
              -123.76231591664492,
              40.45285811189153
            ],
            [
              -123.7636907816487,
              40.45312000589634
            ],
            [
              -123.7644189962341,
              40.45330435373795
            ],
            [
              -123.76467853281663,
              40.45332519518774
            ],
            [
              -123.7650735733174,
              40.45325012171812
            ],
            [
              -123.76613589298653,
              40.45242309857509
            ],
            [
              -123.76642674479321,
              40.45207463001872
            ],
            [
              -123.76695565997325,
              40.45176002834648
            ],
            [
              -123.7675785516724,
              40.451557485351984
            ],
            [
              -123.76814702189012,
              40.451549224853345
            ],
            [
              -123.76877491912015,
              40.45171209597015
            ],
            [
              -123.76957629575644,
              40.45206259506294
            ],
            [
              -123.77087870638712,
              40.4528512858664
            ],
            [
              -123.77166632611612,
              40.453453698859
            ],
            [
              -123.7706682513361,
              40.45125351124303
            ],
            [
              -123.77063987451558,
              40.45059563066548
            ],
            [
              -123.77105659164458,
              40.44990423031661
            ],
            [
              -123.77204884919972,
              40.44856924927583
            ],
            [
              -123.77262689721385,
              40.44813710789244
            ],
            [
              -123.77353507949114,
              40.447743359604935
            ],
            [
              -123.7747689068222,
              40.44740137230781
            ],
            [
              -123.77582128550657,
              40.44706546723585
            ],
            [
              -123.7765986240912,
              40.44647516049657
            ],
            [
              -123.77724377284117,
              40.44554245638052
            ],
            [
              -123.77878721191331,
              40.44464914291306
            ],
            [
              -123.779192313611,
              40.44424560269139
            ],
            [
              -123.77952040613884,
              40.44325693381134
            ],
            [
              -123.77993675250062,
              40.44257481818553
            ],
            [
              -123.78096282142404,
              40.44171610349037
            ],
            [
              -123.78169605096038,
              40.441003462968254
            ],
            [
              -123.78202812887388,
              40.44045176110989
            ],
            [
              -123.78257787556699,
              40.43814675613832
            ],
            [
              -123.78300872418298,
              40.43739094679623
            ],
            [
              -123.78328201776213,
              40.436772597893764
            ],
            [
              -123.78327894952795,
              40.4357903666056
            ],
            [
              -123.78354908105969,
              40.43481584281561
            ],
            [
              -123.78423977783477,
              40.43424333095039
            ],
            [
              -123.78478474851342,
              40.433428282804755
            ],
            [
              -123.7852330922902,
              40.43233117327319
            ],
            [
              -123.78631902226547,
              40.43171139199805
            ],
            [
              -123.78937044085924,
              40.430721470714154
            ],
            [
              -123.79046532825387,
              40.43029514328647
            ],
            [
              -123.79140882190273,
              40.42973008211693
            ],
            [
              -123.79281497889185,
              40.42881542529823
            ],
            [
              -123.79347191832251,
              40.42847287579884
            ],
            [
              -123.7943623231925,
              40.4277328158355
            ],
            [
              -123.79512626706084,
              40.4271822430538
            ],
            [
              -123.79589128124258,
              40.42688395106273
            ],
            [
              -123.79700278337343,
              40.42664263763941
            ],
            [
              -123.79850416578127,
              40.42653357530034
            ],
            [
              -123.7993076401472,
              40.426427843992805
            ],
            [
              -123.80027661084006,
              40.426259323331266
            ],
            [
              -123.80087701729386,
              40.426034486121175
            ],
            [
              -123.80186852711105,
              40.425333519976675
            ],
            [
              -123.80252231877947,
              40.42464488118809
            ],
            [
              -123.80269606520397,
              40.424107844325576
            ],
            [
              -123.80268983958057,
              40.42354026756619
            ],
            [
              -123.80309340834337,
              40.42296463602221
            ],
            [
              -123.80416802918177,
              40.4226334276269
            ],
            [
              -123.8052051547117,
              40.42223378453245
            ],
            [
              -123.80571423053554,
              40.42215875345429
            ],
            [
              -123.8062540088469,
              40.42212780487505
            ],
            [
              -123.8082918982424,
              40.42190639672137
            ],
            [
              -123.80927798381151,
              40.421994401792325
            ],
            [
              -123.8106217453764,
              40.422029708416666
            ],
            [
              -123.81110292413959,
              40.42196338854099
            ],
            [
              -123.81189178981849,
              40.42177775952596
            ],
            [
              -123.81341477114357,
              40.42113612528726
            ],
            [
              -123.81436795573264,
              40.4208724959612
            ],
            [
              -123.81502064087799,
              40.420746239000884
            ],
            [
              -123.81545873263762,
              40.42071642208133
            ],
            [
              -123.81575620675281,
              40.421011167032816
            ],
            [
              -123.81599084238266,
              40.42139314120072
            ],
            [
              -123.81613294087148,
              40.421914289777895
            ],
            [
              -123.81621142241141,
              40.42250838033948
            ],
            [
              -123.81664178215264,
              40.42302319006759
            ],
            [
              -123.81740356970178,
              40.42369368188968
            ],
            [
              -123.81843848776879,
              40.424371243072436
            ],
            [
              -123.81888410083099,
              40.42493064614317
            ],
            [
              -123.81917027386554,
              40.425478625026045
            ],
            [
              -123.81932783604047,
              40.426027177171484
            ],
            [
              -123.8194126692428,
              40.42660782505985
            ],
            [
              -123.81940956182807,
              40.4270168571751
            ],
            [
              -123.81947970800837,
              40.42743123083381
            ],
            [
              -123.819678172751,
              40.42783967754758
            ],
            [
              -123.82016255836511,
              40.42812018229615
            ],
            [
              -123.82116441837246,
              40.428288701833004
            ],
            [
              -123.8220827854767,
              40.4282367632921
            ],
            [
              -123.82272025394849,
              40.42800279056703
            ],
            [
              -123.82312268021606,
              40.4279596744693
            ],
            [
              -123.82472363520604,
              40.42841669580328
            ],
            [
              -123.82577182366352,
              40.42835929483957
            ],
            [
              -123.82717595427542,
              40.42799321668403
            ],
            [
              -123.82811028424483,
              40.427887762331295
            ],
            [
              -123.82908894767095,
              40.42799357500526
            ],
            [
              -123.82976826811554,
              40.42841167625449
            ],
            [
              -123.83102757104673,
              40.42911881429002
            ],
            [
              -123.831813930135,
              40.42937953785643
            ],
            [
              -123.83238713895716,
              40.429825965033885
            ],
            [
              -123.8333018351721,
              40.4306789259066
            ],
            [
              -123.83417915068844,
              40.43129900814301
            ],
            [
              -123.83436872625605,
              40.43149591198333
            ],
            [
              -123.83510833284677,
              40.4320490007303
            ],
            [
              -123.83712930815054,
              40.43279110529518
            ],
            [
              -123.83861736113235,
              40.43349224374538
            ],
            [
              -123.83998199852647,
              40.434027636793445
            ],
            [
              -123.84123043683917,
              40.434387487216554
            ],
            [
              -123.8424009374263,
              40.43491083322672
            ],
            [
              -123.84319876517836,
              40.43551698202846
            ],
            [
              -123.84375007257245,
              40.436013604926046
            ],
            [
              -123.84479595587518,
              40.43633436400526
            ],
            [
              -123.84659399036698,
              40.43636618768097
            ],
            [
              -123.84802682178727,
              40.436531566893265
            ],
            [
              -123.84975284750425,
              40.43667176986766
            ],
            [
              -123.85160058102724,
              40.43668114666067
            ],
            [
              -123.85306115237987,
              40.43675125160453
            ],
            [
              -123.85393957253443,
              40.43687519269802
            ],
            [
              -123.85455375616728,
              40.43713182582495
            ],
            [
              -123.85524881771572,
              40.43753662272253
            ],
            [
              -123.85586170874058,
              40.43774823359231
            ],
            [
              -123.85862490178286,
              40.437980543394666
            ],
            [
              -123.85998748567904,
              40.43833470376366
            ],
            [
              -123.8607621001714,
              40.438744031114965
            ],
            [
              -123.86238686030052,
              40.44001095646441
            ],
            [
              -123.8634549504284,
              40.44090344423239
            ],
            [
              -123.86465056485419,
              40.441733069602144
            ],
            [
              -123.86598206291147,
              40.44240723342055
            ],
            [
              -123.86725338296716,
              40.442996785241114
            ],
            [
              -123.86840459859933,
              40.44358726400157
            ],
            [
              -123.86968586736678,
              40.444361793996194
            ],
            [
              -123.87059204181345,
              40.44516099157582
            ],
            [
              -123.87156778601772,
              40.44423462839351
            ],
            [
              -123.87255423013104,
              40.44374955694523
            ],
            [
              -123.8747367727841,
              40.44289559497129
            ],
            [
              -123.875243602563,
              40.44263924355762
            ],
            [
              -123.87708263705662,
              40.442152541995846
            ],
            [
              -123.87755205993345,
              40.44195507943361
            ],
            [
              -123.87870079127272,
              40.44088806555909
            ],
            [
              -123.8793442276184,
              40.44021622428191
            ],
            [
              -123.88026220145699,
              40.43942594624622
            ],
            [
              -123.88126379962733,
              40.43901270137769
            ],
            [
              -123.8820438453117,
              40.438552022681655
            ],
            [
              -123.88263689778387,
              40.43773218318963
            ],
            [
              -123.88312180378938,
              40.437233151540006
            ],
            [
              -123.88412989433706,
              40.437044694744834
            ],
            [
              -123.88542493283865,
              40.436976263588996
            ],
            [
              -123.88669342344895,
              40.436543334211855
            ],
            [
              -123.88862736587714,
              40.435343746794864
            ],
            [
              -123.88944249816808,
              40.43499542229814
            ],
            [
              -123.89066996733034,
              40.434102424127374
            ],
            [
              -123.89122566980575,
              40.433756017488044
            ],
            [
              -123.89209017334208,
              40.43338022386882
            ],
            [
              -123.8930778276661,
              40.43316982402098
            ],
            [
              -123.89369089882899,
              40.432917086354834
            ],
            [
              -123.89409424813508,
              40.43263065558062
            ],
            [
              -123.89472284276785,
              40.43225577235228
            ],
            [
              -123.89537030208969,
              40.43221092954695
            ],
            [
              -123.89606651944091,
              40.43263350038797
            ],
            [
              -123.89818839920537,
              40.4344901512305
            ],
            [
              -123.89887598937095,
              40.435169558053616
            ],
            [
              -123.89939972326538,
              40.43575608549335
            ],
            [
              -123.90020246196828,
              40.43640312905598
            ],
            [
              -123.90247933015186,
              40.437520316880004
            ],
            [
              -123.90426626599391,
              40.438677128402
            ],
            [
              -123.9057603096529,
              40.43925561856626
            ],
            [
              -123.90703942108999,
              40.43958766500698
            ],
            [
              -123.90784575095444,
              40.43975320844636
            ],
            [
              -123.9084629316122,
              40.440081600194645
            ],
            [
              -123.90908529866492,
              40.441059001372736
            ],
            [
              -123.91024204913273,
              40.44200492629591
            ],
            [
              -123.91056123146357,
              40.44254265603529
            ],
            [
              -123.91091740582787,
              40.44336877139231
            ],
            [
              -123.91152814500826,
              40.443782110827655
            ],
            [
              -123.912807486794,
              40.444205070416444
            ],
            [
              -123.91352521221003,
              40.444578151575634
            ],
            [
              -123.91422879820715,
              40.445153320091364
            ],
            [
              -123.91464458798384,
              40.44542408251114
            ],
            [
              -123.91509792578422,
              40.44560552246168
            ],
            [
              -123.91558604897693,
              40.44575489013207
            ],
            [
              -123.91722414945184,
              40.44659287738255
            ],
            [
              -123.91881239407826,
              40.447292459360675
            ],
            [
              -123.92003427496209,
              40.44778278568201
            ],
            [
              -123.92081729729937,
              40.44805997254818
            ],
            [
              -123.92192286632778,
              40.44862803230379
            ],
            [
              -123.92336733427875,
              40.449264787992014
            ],
            [
              -123.92409399449859,
              40.449542594890644
            ],
            [
              -123.92552883082693,
              40.450463532256286
            ],
            [
              -123.92747689237984,
              40.45137609759698
            ],
            [
              -123.92944508201924,
              40.45237361544851
            ],
            [
              -123.93019119971699,
              40.452886246799345
            ],
            [
              -123.93157683392715,
              40.45397794237937
            ],
            [
              -123.93249605261894,
              40.4546284393169
            ],
            [
              -123.93316326969766,
              40.4549841318147
            ],
            [
              -123.93342307402331,
              40.45492716455321
            ],
            [
              -123.93459927259009,
              40.45420657366088
            ],
            [
              -123.93508174194571,
              40.454026496805014
            ],
            [
              -123.93556423533607,
              40.4539145953322
            ],
            [
              -123.93611860591581,
              40.45386996496775
            ],
            [
              -123.93727098476404,
              40.45390549075694
            ],
            [
              -123.93825754982343,
              40.4538614969756
            ],
            [
              -123.93894874332113,
              40.45377026299769
            ],
            [
              -123.93943137564688,
              40.453640585144235
            ],
            [
              -123.94008568914244,
              40.453806252681126
            ],
            [
              -123.94047064175413,
              40.4540906106103
            ],
            [
              -123.94071532655926,
              40.45479204805339
            ],
            [
              -123.94087269096788,
              40.45502052635877
            ],
            [
              -123.94102300894356,
              40.45532952647239
            ],
            [
              -123.9413092446237,
              40.45571050995642
            ],
            [
              -123.9418699408621,
              40.45599829634712
            ],
            [
              -123.94435230939249,
              40.45642409854505
            ],
            [
              -123.94543739619314,
              40.45695571084732
            ],
            [
              -123.94633351333525,
              40.457767950193016
            ],
            [
              -123.94693629668458,
              40.458515729193
            ],
            [
              -123.94773272402853,
              40.45916297409024
            ],
            [
              -123.94833596047874,
              40.459513292755766
            ],
            [
              -123.94928500108124,
              40.45984812126608
            ],
            [
              -123.95022086495999,
              40.459934356940934
            ],
            [
              -123.95090438896983,
              40.45989738544565
            ],
            [
              -123.95231575690147,
              40.459723419762824
            ],
            [
              -123.95368366664417,
              40.45976658726598
            ],
            [
              -123.95482095448962,
              40.45987454035963
            ],
            [
              -123.95585747953032,
              40.460136107341384
            ],
            [
              -123.95643962896885,
              40.460234699271446
            ],
            [
              -123.95836720078165,
              40.46045712376269
            ],
            [
              -123.95918848762233,
              40.46058582203518
            ],
            [
              -123.96095689724648,
              40.46109381973346
            ],
            [
              -123.96258957481814,
              40.46172835972088
            ],
            [
              -123.96330213043788,
              40.46174981231336
            ],
            [
              -123.96382823376302,
              40.461592453933235
            ],
            [
              -123.96425305671363,
              40.46137693050696
            ],
            [
              -123.96488660176504,
              40.461416968635426
            ],
            [
              -123.96582264092511,
              40.461525895658085
            ],
            [
              -123.96710441587602,
              40.46144351349111
            ],
            [
              -123.9678452204156,
              40.46159021352756
            ],
            [
              -123.96827670603525,
              40.46194680630222
            ],
            [
              -123.9687721900686,
              40.462226399986704
            ],
            [
              -123.970281020443,
              40.46290733568504
            ],
            [
              -123.97118617207343,
              40.463440840290716
            ],
            [
              -123.97203460300744,
              40.46384799781044
            ],
            [
              -123.97252336332112,
              40.46417230445099
            ],
            [
              -123.97301967468236,
              40.46461411496824
            ],
            [
              -123.97376556241086,
              40.465134666833784
            ],
            [
              -123.97469238363652,
              40.4656584295705
            ],
            [
              -123.97539768444307,
              40.46599016288887
            ],
            [
              -123.97592969836555,
              40.46602718608649
            ],
            [
              -123.9765427559498,
              40.465935440991494
            ],
            [
              -123.97799039451769,
              40.465581450643434
            ],
            [
              -123.9797330517142,
              40.46565625465127
            ],
            [
              -123.98042996644222,
              40.465821475744825
            ],
            [
              -123.98105606529028,
              40.466154598802206
            ],
            [
              -123.9818526298278,
              40.46664278378096
            ],
            [
              -123.98250759337269,
              40.467178036706876
            ],
            [
              -123.98293007430799,
              40.46769709069775
            ],
            [
              -123.98336116834457,
              40.468044619325525
            ],
            [
              -123.98410998361356,
              40.468308145865606
            ],
            [
              -123.98463412738916,
              40.46837609452615
            ],
            [
              -123.98541179396605,
              40.46852688709088
            ],
            [
              -123.98613818658113,
              40.468597334653694
            ],
            [
              -123.99188772264482,
              40.46962024093606
            ],
            [
              -123.99319722453623,
              40.47001072622802
            ],
            [
              -123.99465850212029,
              40.47078557599563
            ],
            [
              -123.99496630739714,
              40.47094973121087
            ],
            [
              -123.99555523123297,
              40.4714219853644
            ],
            [
              -123.99604989058037,
              40.47204401704741
            ],
            [
              -123.99658863202941,
              40.472589150199425
            ],
            [
              -123.99717016157996,
              40.47296699334343
            ],
            [
              -123.99809190882017,
              40.47326094153628
            ],
            [
              -123.99918374074548,
              40.47394933295427
            ],
            [
              -123.99958706849763,
              40.474152652821985
            ],
            [
              -124.0000824278964,
              40.474279209491925
            ],
            [
              -124.0011838546674,
              40.47466646677078
            ],
            [
              -124.00144304520701,
              40.47484456492928
            ],
            [
              -124.00181067017618,
              40.474962570115885
            ],
            [
              -124.0022423248989,
              40.47504411863758
            ],
            [
              -124.00269580881192,
              40.47502694421171
            ],
            [
              -124.00375217089255,
              40.47483315718364
            ],
            [
              -124.00457890807088,
              40.47482196336551
            ],
            [
              -124.0063493072593,
              40.47486026613182
            ],
            [
              -124.00693178307836,
              40.474827943488634
            ],
            [
              -124.00742182124667,
              40.47491829632711
            ],
            [
              -124.0079250376416,
              40.47485978948689
            ],
            [
              -124.0083000622179,
              40.47493779718431
            ],
            [
              -124.00895615182817,
              40.47521572927949
            ],
            [
              -124.00944076330714,
              40.47556707857059
            ],
            [
              -124.01024454415905,
              40.47635312535262
            ],
            [
              -124.01083868150617,
              40.47687021557697
            ],
            [
              -124.01148894709019,
              40.4773150532656
            ],
            [
              -124.01208296561137,
              40.477809607181406
            ],
            [
              -124.01265418877439,
              40.47834545360264
            ],
            [
              -124.01314170118144,
              40.47902116827203
            ],
            [
              -124.01363695450715,
              40.47994958900773
            ],
            [
              -124.01382917060914,
              40.480668082151226
            ],
            [
              -124.01368909010384,
              40.48125482059792
            ],
            [
              -124.0134834801137,
              40.48163102734005
            ],
            [
              -124.01335100565537,
              40.48234848821674
            ],
            [
              -124.01355677252603,
              40.482932221125886
            ],
            [
              -124.01393436969434,
              40.48337517995726
            ],
            [
              -124.01416746655636,
              40.48374618566801
            ],
            [
              -124.01395435218636,
              40.48426685972759
            ],
            [
              -124.01373374154586,
              40.484565801583564
            ],
            [
              -124.01373626427532,
              40.48493075112483
            ],
            [
              -124.01384057039674,
              40.48544762319651
            ],
            [
              -124.01400186953111,
              40.486891597192695
            ],
            [
              -124.014237193482,
              40.487489015215104
            ],
            [
              -124.01484370042881,
              40.48793440339092
            ],
            [
              -124.01558286849054,
              40.488549594117565
            ],
            [
              -124.01641724314226,
              40.48873975467012
            ],
            [
              -124.0173976394969,
              40.48887561345465
            ],
            [
              -124.0182273245727,
              40.489107318027145
            ],
            [
              -124.01881137786226,
              40.48931371913176
            ],
            [
              -124.0198870959335,
              40.48980363286075
            ],
            [
              -124.02145191182672,
              40.49021794769135
            ],
            [
              -124.02319525845068,
              40.49041916109237
            ],
            [
              -124.02399558550779,
              40.490798807313126
            ],
            [
              -124.0245086934695,
              40.49115536537665
            ],
            [
              -124.02537571669713,
              40.49160664704212
            ],
            [
              -124.0260959672969,
              40.49162749098557
            ],
            [
              -124.02706699961668,
              40.491600490399186
            ],
            [
              -124.02771398218671,
              40.49153189155782
            ],
            [
              -124.02844040478249,
              40.491498164773766
            ],
            [
              -124.02888746458572,
              40.49157574258596
            ],
            [
              -124.02982103715976,
              40.492333273171965
            ],
            [
              -124.0303770109887,
              40.4925844899534
            ],
            [
              -124.03174149187257,
              40.49310914043146
            ],
            [
              -124.03340121778528,
              40.493800484836164
            ],
            [
              -124.0349640225039,
              40.49402994495903
            ],
            [
              -124.0362816735467,
              40.494157482492504
            ],
            [
              -124.03806317819573,
              40.49459695096033
            ],
            [
              -124.03860303416225,
              40.49466416991046
            ],
            [
              -124.03930190620716,
              40.49468478822862
            ],
            [
              -124.04013568267929,
              40.494564685952575
            ],
            [
              -124.04102691844776,
              40.49438976741078
            ],
            [
              -124.04221881271452,
              40.494082216912574
            ],
            [
              -124.04258907607887,
              40.49420450754409
            ],
            [
              -124.0428104625585,
              40.49516174849398
            ],
            [
              -124.04303016932651,
              40.49584496656197
            ],
            [
              -124.04368900826196,
              40.49723497936604
            ],
            [
              -124.04379989330519,
              40.49768035040064
            ],
            [
              -124.0438621538432,
              40.49830560362246
            ],
            [
              -124.04400325494193,
              40.49886266531297
            ],
            [
              -124.04422842083554,
              40.4991941806401
            ],
            [
              -124.04452564259537,
              40.499507304487615
            ],
            [
              -124.04517173207276,
              40.5003118294973
            ],
            [
              -124.04554186373166,
              40.500681998834324
            ],
            [
              -124.04599845047971,
              40.5010338403486
            ],
            [
              -124.04634524219635,
              40.501197464702315
            ],
            [
              -124.04687854527683,
              40.501291889029126
            ],
            [
              -124.04844895834376,
              40.50146234318648
            ],
            [
              -124.04903279261622,
              40.5016415780551
            ],
            [
              -124.0491589769236,
              40.5021222204557
            ],
            [
              -124.04923714551155,
              40.50395957471543
            ],
            [
              -124.04937722374115,
              40.504332457128356
            ],
            [
              -124.05074591740821,
              40.50648625980409
            ],
            [
              -124.05124009837292,
              40.506981366251225
            ],
            [
              -124.05189023789339,
              40.507308854573175
            ],
            [
              -124.0527633974468,
              40.507612174083384
            ],
            [
              -124.05357789119553,
              40.50785681287979
            ],
            [
              -124.05535910044516,
              40.50830872717841
            ],
            [
              -124.05571551765699,
              40.50878748798596
            ],
            [
              -124.05608917669132,
              40.50862654697211
            ],
            [
              -124.05690012485307,
              40.508366528278415
            ],
            [
              -124.05852360635207,
              40.50790161767703
            ],
            [
              -124.05919172066443,
              40.507747097092896
            ],
            [
              -124.0600547773621,
              40.507639714135934
            ],
            [
              -124.0606001917608,
              40.50746863793203
            ],
            [
              -124.06195696913534,
              40.50713128185215
            ],
            [
              -124.063558413153,
              40.50662984425288
            ],
            [
              -124.06476616789156,
              40.506411721959616
            ],
            [
              -124.06551302988888,
              40.50614838553489
            ],
            [
              -124.0661074779579,
              40.5057999014597
            ],
            [
              -124.06654226371496,
              40.50536849398999
            ],
            [
              -124.067000226106,
              40.50506673280162
            ],
            [
              -124.06785580123616,
              40.504932490512786
            ],
            [
              -124.06840484984974,
              40.505180404663875
            ],
            [
              -124.07016196240403,
              40.50621343003856
            ],
            [
              -124.07118864155237,
              40.50669887778975
            ],
            [
              -124.07202478427318,
              40.50689397070776
            ],
            [
              -124.07244097871906,
              40.50684061254312
            ],
            [
              -124.07297853022547,
              40.506569735959104
            ],
            [
              -124.07350866836867,
              40.506213467773414
            ],
            [
              -124.07421891529741,
              40.50590987381032
            ],
            [
              -124.07732187788679,
              40.50512826426963
            ],
            [
              -124.07799053756034,
              40.50502346404094
            ],
            [
              -124.07839382992118,
              40.50518597817374
            ],
            [
              -124.07872052043098,
              40.50540396325137
            ],
            [
              -124.07971072823399,
              40.50596182556062
            ],
            [
              -124.08003716083303,
              40.50622065019189
            ],
            [
              -124.08013915832359,
              40.50639955476997
            ],
            [
              -124.08044061583104,
              40.50721607528707
            ],
            [
              -124.08135155237794,
              40.508689739649405
            ],
            [
              -124.08170978000499,
              40.509406940931115
            ],
            [
              -124.08186587345674,
              40.50995530697684
            ],
            [
              -124.08235123424917,
              40.510270324766935
            ],
            [
              -124.08335198720609,
              40.51035992720211
            ],
            [
              -124.08407129072889,
              40.51036696695085
            ],
            [
              -124.08492976809484,
              40.510485461153685
            ],
            [
              -124.08640445283258,
              40.510484796686065
            ],
            [
              -124.08716063543972,
              40.51055002505925
            ],
            [
              -124.08768106183177,
              40.510733719778486
            ],
            [
              -124.08819535050087,
              40.51111621435334
            ],
            [
              -124.08901908846181,
              40.51163157937671
            ],
            [
              -124.08967623918069,
              40.51174625753261
            ],
            [
              -124.09032312727798,
              40.511699582220565
            ],
            [
              -124.09142314613378,
              40.51154079147929
            ],
            [
              -124.09193408634661,
              40.51155014965514
            ],
            [
              -124.09230319329039,
              40.51175317491984
            ],
            [
              -124.09283999653357,
              40.51228447208645
            ],
            [
              -124.09328418436273,
              40.51293318704616
            ],
            [
              -124.09373592132344,
              40.513487280623565
            ],
            [
              -124.09442377224723,
              40.51403951634209
            ],
            [
              -124.09509957396432,
              40.51483495168612
            ],
            [
              -124.0956516247293,
              40.515360940149264
            ],
            [
              -124.09631802357634,
              40.51593133186202
            ],
            [
              -124.09701096975651,
              40.516194918003926
            ],
            [
              -124.09797713025443,
              40.51634330049222
            ],
            [
              -124.09944704904267,
              40.51652292750389
            ],
            [
              -124.09998644532489,
              40.51655833599809
            ],
            [
              -124.10048308876257,
              40.51650390088069
            ],
            [
              -124.10106659294814,
              40.51654885364449
            ],
            [
              -124.10246797314016,
              40.51712081652123
            ],
            [
              -124.10339861787696,
              40.51730555186844
            ],
            [
              -124.10394784781596,
              40.5176377991786
            ],
            [
              -124.10447053355948,
              40.51819121536397
            ],
            [
              -124.10525795127427,
              40.5193504984911
            ],
            [
              -124.10558566535124,
              40.51975261387097
            ],
            [
              -124.1062163352229,
              40.52035456425768
            ],
            [
              -124.1072513016853,
              40.52092593647238
            ],
            [
              -124.10846477635874,
              40.521495065628784
            ],
            [
              -124.10905704209367,
              40.5217064403564
            ],
            [
              -124.10975727625112,
              40.52183001172998
            ],
            [
              -124.11103847025711,
              40.521862507902796
            ],
            [
              -124.11157820746874,
              40.52192941014146
            ],
            [
              -124.11233598389859,
              40.52208458132799
            ],
            [
              -124.11361861530276,
              40.52216180801133
            ],
            [
              -124.11407851772398,
              40.52204487133249
            ],
            [
              -124.1162949185019,
              40.52122575534474
            ],
            [
              -124.11682041215667,
              40.521184939314075
            ],
            [
              -124.11759825950955,
              40.521316875804445
            ],
            [
              -124.11939527270827,
              40.52178626099309
            ],
            [
              -124.12054269714676,
              40.52202308725061
            ],
            [
              -124.121127241275,
              40.52220198815249
            ],
            [
              -124.1224705213752,
              40.52279202116285
            ],
            [
              -124.12312771227015,
              40.52300203481355
            ],
            [
              -124.12449338472493,
              40.523628193374634
            ],
            [
              -124.12516573412871,
              40.523883320779746
            ],
            [
              -124.12548736914276,
              40.52391149426628
            ],
            [
              -124.12612849736043,
              40.52402709512721
            ],
            [
              -124.12718088709805,
              40.524111244668084
            ],
            [
              -124.12892317023848,
              40.524440907038326
            ],
            [
              -124.12962957087221,
              40.5244388073607
            ],
            [
              -124.13016293521795,
              40.52434810919023
            ],
            [
              -124.13077510420926,
              40.52449900650708
            ],
            [
              -124.13144825234245,
              40.52476786927163
            ],
            [
              -124.13177657426053,
              40.524867636302034
            ],
            [
              -124.13366416344829,
              40.52515548971828
            ],
            [
              -124.13460768855452,
              40.52543955393982
            ],
            [
              -124.13573125899971,
              40.52589620726651
            ],
            [
              -124.1363940925928,
              40.526255254130064
            ],
            [
              -124.13696276352555,
              40.526735736755086
            ],
            [
              -124.13754628877493,
              40.526959667839066
            ],
            [
              -124.13898682126985,
              40.52722008666066
            ],
            [
              -124.13973620680189,
              40.52722665303789
            ],
            [
              -124.14031233283222,
              40.52707671746792
            ],
            [
              -124.14083880737154,
              40.526846209944836
            ],
            [
              -124.14141506458806,
              40.526736826555
            ],
            [
              -124.14270499872556,
              40.526881400008506
            ],
            [
              -124.14326692342463,
              40.52697068466158
            ],
            [
              -124.14331725981266,
              40.52747930712057
            ],
            [
              -124.14357511581144,
              40.52875598457961
            ],
            [
              -124.14605296484027,
              40.53212762716363
            ],
            [
              -124.14681885119836,
              40.53411095282354
            ],
            [
              -124.14743942109453,
              40.53587942587746
            ],
            [
              -124.1475190442975,
              40.53639218628427
            ],
            [
              -124.1469170612424,
              40.53710084546993
            ],
            [
              -124.1447859171249,
              40.54022098152015
            ],
            [
              -124.142442616662,
              40.54477546784874
            ],
            [
              -124.14162441621974,
              40.54735110041863
            ],
            [
              -124.141815173024,
              40.54953827376179
            ],
            [
              -124.14078025418786,
              40.551188022446894
            ],
            [
              -124.13944974180934,
              40.552120113211416
            ],
            [
              -124.13824561295422,
              40.55215000871522
            ],
            [
              -124.13234116000247,
              40.550802701151134
            ],
            [
              -124.12607619947696,
              40.549764993042174
            ],
            [
              -124.11952105180238,
              40.5511440456156
            ],
            [
              -124.11859950439582,
              40.552540362181226
            ],
            [
              -124.11860991830011,
              40.554873714751466
            ],
            [
              -124.11828881963476,
              40.55605710580368
            ],
            [
              -124.1178876912583,
              40.55710537167321
            ],
            [
              -124.11791399633117,
              40.557709296939485
            ],
            [
              -124.11828789926085,
              40.55839917480897
            ],
            [
              -124.11862798327645,
              40.558935797098826
            ],
            [
              -124.11785288794358,
              40.55900207130432
            ],
            [
              -124.11650915208209,
              40.559393666707415
            ],
            [
              -124.11518761037688,
              40.55972143491357
            ],
            [
              -124.11408690712555,
              40.55995819806669
            ],
            [
              -124.11298737437903,
              40.560157719820644
            ],
            [
              -124.11013849593448,
              40.560585575642314
            ],
            [
              -124.10915298272121,
              40.56077059993808
            ],
            [
              -124.10825471134528,
              40.560995817179304
            ],
            [
              -124.10730745451602,
              40.561405766215216
            ],
            [
              -124.10656216682695,
              40.56178197091366
            ],
            [
              -124.10604681983563,
              40.562201832517154
            ],
            [
              -124.10544614743843,
              40.56279692655338
            ],
            [
              -124.10428068378195,
              40.56370899249729
            ],
            [
              -124.10208039900704,
              40.565942321516594
            ],
            [
              -124.09995086104678,
              40.567967061916605
            ],
            [
              -124.09931486427391,
              40.568526959025405
            ],
            [
              -124.09744614967802,
              40.570770082540676
            ],
            [
              -124.09666798970294,
              40.57163775602012
            ],
            [
              -124.09660025364005,
              40.57211070499962
            ],
            [
              -124.09678304303745,
              40.57254638534144
            ],
            [
              -124.0971913722314,
              40.57309630641779
            ],
            [
              -124.09738844386978,
              40.57429772988333
            ],
            [
              -124.0973486143525,
              40.57540584656165
            ],
            [
              -124.09767180927706,
              40.576271541376585
            ],
            [
              -124.09805955694752,
              40.57689427285908
            ],
            [
              -124.09849658115746,
              40.57749366755707
            ],
            [
              -124.09900519557993,
              40.578020292011004
            ],
            [
              -124.10042477842313,
              40.57895711966084
            ],
            [
              -124.10081086076363,
              40.579426651725754
            ],
            [
              -124.10046709391678,
              40.58047014647765
            ],
            [
              -124.10003062554293,
              40.58084400171668
            ],
            [
              -124.09978210886206,
              40.5813598455779
            ],
            [
              -124.0994401123804,
              40.58179114943771
            ],
            [
              -124.09892555248233,
              40.582156013043964
            ],
            [
              -124.09776480265089,
              40.583099420166526
            ],
            [
              -124.0964160472469,
              40.58455833658975
            ],
            [
              -124.09579289531875,
              40.5850549678149
            ],
            [
              -124.09453883690391,
              40.58578761693926
            ],
            [
              -124.0937627622586,
              40.586070100643404
            ],
            [
              -124.09191196870702,
              40.58626715978595
            ],
            [
              -124.09124438339958,
              40.58656690097533
            ],
            [
              -124.09075900305082,
              40.587161504598676
            ],
            [
              -124.0899656341652,
              40.58788907174248
            ],
            [
              -124.08932170513913,
              40.588417606548845
            ],
            [
              -124.08857610052912,
              40.588866962917265
            ],
            [
              -124.0881087226199,
              40.589068826642915
            ],
            [
              -124.08711631858057,
              40.589289942750646
            ],
            [
              -124.08437283511773,
              40.58954610331161
            ],
            [
              -124.08348169040305,
              40.589761054276956
            ],
            [
              -124.08305795123097,
              40.589918354441764
            ],
            [
              -124.08254645848656,
              40.590013492262216
            ],
            [
              -124.08165258239455,
              40.58994539236095
            ],
            [
              -124.08066414234126,
              40.58973363149836
            ],
            [
              -124.0798273242379,
              40.589700847369116
            ],
            [
              -124.07874722793656,
              40.589769550935934
            ],
            [
              -124.07779705642302,
              40.5898818743366
            ],
            [
              -124.07698762592412,
              40.58988956718363
            ],
            [
              -124.07685524495108,
              40.59020126217395
            ],
            [
              -124.07636213804541,
              40.59074675460131
            ],
            [
              -124.075796814815,
              40.59118447993095
            ],
            [
              -124.07484130372455,
              40.59149076646138
            ],
            [
              -124.07348940619006,
              40.59183708606533
            ],
            [
              -124.07273412075875,
              40.59213678787099
            ],
            [
              -124.07212485598114,
              40.59244409168074
            ],
            [
              -124.07170146667887,
              40.59271319418155
            ],
            [
              -124.07057321552479,
              40.59314765518138
            ],
            [
              -124.06920024994234,
              40.593560539237046
            ],
            [
              -124.06647494484248,
              40.59423487549404
            ],
            [
              -124.06543370117636,
              40.5946996652335
            ],
            [
              -124.06537162589566,
              40.59513270201968
            ],
            [
              -124.0656353394575,
              40.59570185023746
            ],
            [
              -124.06587502371016,
              40.59676304764948
            ],
            [
              -124.06538948933606,
              40.598285197504104
            ],
            [
              -124.0651067337509,
              40.59897250830887
            ],
            [
              -124.0649453495843,
              40.5995321707402
            ],
            [
              -124.06505535583283,
              40.600626357943774
            ],
            [
              -124.06521970249725,
              40.6013990518087
            ],
            [
              -124.06583598126359,
              40.60270399971199
            ],
            [
              -124.0660646467234,
              40.6034050096046
            ],
            [
              -124.06663077364041,
              40.604264547331525
            ],
            [
              -124.06693919277696,
              40.60463587618497
            ],
            [
              -124.06741101498609,
              40.60505480276077
            ],
            [
              -124.0681719480972,
              40.60563303021902
            ],
            [
              -124.06881666043327,
              40.606037280817986
            ],
            [
              -124.06923708988509,
              40.60634351938701
            ],
            [
              -124.0697900840876,
              40.606982635168855
            ],
            [
              -124.07122061451709,
              40.61012239704035
            ],
            [
              -124.07156360963418,
              40.610588088881464
            ],
            [
              -124.07210099969963,
              40.61110036240982
            ],
            [
              -124.0727393333219,
              40.61155382895143
            ],
            [
              -124.07313229130393,
              40.6120863371279
            ],
            [
              -124.07318069415264,
              40.61273462848956
            ],
            [
              -124.07297390440046,
              40.61384485406727
            ],
            [
              -124.0731050797404,
              40.614014360927754
            ],
            [
              -124.07361019073196,
              40.61411781260187
            ],
            [
              -124.07428837907571,
              40.61417022902969
            ],
            [
              -124.07486006452766,
              40.61443094564235
            ],
            [
              -124.07513652202064,
              40.61482415003803
            ],
            [
              -124.07540168423596,
              40.61547521839739
            ],
            [
              -124.07588432323372,
              40.616299436543684
            ],
            [
              -124.07650138834516,
              40.61679414005641
            ],
            [
              -124.07707301083074,
              40.61711230974801
            ],
            [
              -124.0775354511925,
              40.61812141784318
            ],
            [
              -124.07810983059213,
              40.61869753677387
            ],
            [
              -124.07964835143338,
              40.61904820012751
            ],
            [
              -124.08032719597539,
              40.619131269339924
            ],
            [
              -124.08080917355343,
              40.619059647927436
            ],
            [
              -124.08134671829094,
              40.61882001670268
            ],
            [
              -124.08189208822695,
              40.618464049107516
            ],
            [
              -124.08233674745611,
              40.6182161964391
            ],
            [
              -124.08296262209538,
              40.617989972106145
            ],
            [
              -124.08346020942828,
              40.61798546664143
            ],
            [
              -124.0840172638166,
              40.61825448934071
            ],
            [
              -124.08433702787167,
              40.61857584446952
            ],
            [
              -124.08490991098509,
              40.619836241122705
            ],
            [
              -124.08551174102901,
              40.62024916137503
            ],
            [
              -124.0861330918438,
              40.62036113181738
            ],
            [
              -124.08686796950548,
              40.620349640791076
            ],
            [
              -124.08754558609161,
              40.62041018230725
            ],
            [
              -124.08826830084048,
              40.620660511982116
            ],
            [
              -124.0893755937174,
              40.6211227013318
            ],
            [
              -124.08993292146786,
              40.62140184698971
            ],
            [
              -124.08992358145628,
              40.62198725642412
            ],
            [
              -124.08922770989676,
              40.62325503924043
            ],
            [
              -124.08943351023706,
              40.62377562882366
            ],
            [
              -124.0897602028966,
              40.623970236837465
            ],
            [
              -124.09024457669585,
              40.62416896191916
            ],
            [
              -124.09114007419363,
              40.62439472102294
            ],
            [
              -124.09188274719601,
              40.62439617839744
            ],
            [
              -124.09249601879065,
              40.62444923255136
            ],
            [
              -124.09344397648432,
              40.62466141434131
            ],
            [
              -124.09413946930229,
              40.62503684046868
            ],
            [
              -124.09439431589006,
              40.62511126381185
            ],
            [
              -124.0952864955553,
              40.62570219763046
            ],
            [
              -124.0962223521429,
              40.62620237695911
            ],
            [
              -124.09729494801365,
              40.6265518261013
            ],
            [
              -124.09941206756066,
              40.626860628525904
            ],
            [
              -124.10074599603401,
              40.626942825667996
            ],
            [
              -124.10219416099856,
              40.62690151151942
            ],
            [
              -124.10365839699617,
              40.62659061788065
            ],
            [
              -124.10515069012848,
              40.62639625377091
            ],
            [
              -124.10604538771116,
              40.626171167809524
            ],
            [
              -124.1067309266778,
              40.625934693956864
            ],
            [
              -124.10753275795511,
              40.62559831929586
            ],
            [
              -124.10790791948254,
              40.62550027145944
            ],
            [
              -124.10893819757335,
              40.62522901786167
            ],
            [
              -124.10953668276444,
              40.62516499909442
            ],
            [
              -124.11004167819544,
              40.625250272346555
            ],
            [
              -124.1109989350394,
              40.62560539792253
            ],
            [
              -124.1128558499691,
              40.62665983651669
            ],
            [
              -124.11302160500914,
              40.626811262255906
            ],
            [
              -124.11347495448419,
              40.627041339708086
            ],
            [
              -124.11390705840357,
              40.627131831179994
            ],
            [
              -124.11476484007108,
              40.62699244488699
            ],
            [
              -124.1155567121365,
              40.62714284697913
            ],
            [
              -124.11712678260888,
              40.6276317422868
            ],
            [
              -124.11787569455481,
              40.628214581945166
            ],
            [
              -124.11812619335483,
              40.62874350741014
            ],
            [
              -124.11849920715686,
              40.62914583786932
            ],
            [
              -124.11909768029238,
              40.62954068407241
            ],
            [
              -124.12048770722168,
              40.62983352115905
            ],
            [
              -124.121091683969,
              40.63036339793377
            ],
            [
              -124.12146651629955,
              40.630337437269276
            ],
            [
              -124.12228183653606,
              40.62973908309131
            ],
            [
              -124.12334368760816,
              40.62925648328004
            ],
            [
              -124.12428817653681,
              40.62916570451623
            ],
            [
              -124.12579627531899,
              40.62882717440421
            ],
            [
              -124.126702243115,
              40.628102092519626
            ],
            [
              -124.12743966916496,
              40.62784237972476
            ],
            [
              -124.12957488797925,
              40.62763706596375
            ],
            [
              -124.12991443164499,
              40.62755648188918
            ],
            [
              -124.13027639914773,
              40.627409216603915
            ],
            [
              -124.13107820671593,
              40.62720311709754
            ],
            [
              -124.13212878875606,
              40.6273456687763
            ],
            [
              -124.13271180341913,
              40.627921265511155
            ],
            [
              -124.13308574362765,
              40.62852550881905
            ],
            [
              -124.13355328071108,
              40.62911115172211
            ],
            [
              -124.13442438832443,
              40.62965659964714
            ],
            [
              -124.13532429077664,
              40.629729471679404
            ],
            [
              -124.13621761569186,
              40.6296752355
            ],
            [
              -124.13800211721191,
              40.62985107077573
            ],
            [
              -124.13957769041613,
              40.630528808735264
            ],
            [
              -124.14058425052919,
              40.63120407411315
            ],
            [
              -124.14099863976494,
              40.63151931540499
            ],
            [
              -124.14182443632355,
              40.631705355078815
            ],
            [
              -124.14289423631725,
              40.63200041918592
            ],
            [
              -124.14365734532669,
              40.6320020372688
            ],
            [
              -124.14461192857078,
              40.63171326669235
            ],
            [
              -124.14760926741334,
              40.63108871076642
            ],
            [
              -124.14830524776272,
              40.6307265698765
            ],
            [
              -124.14884677589728,
              40.63010815917594
            ],
            [
              -124.15060087711369,
              40.629793495471404
            ],
            [
              -124.15148101322539,
              40.6302038569392
            ],
            [
              -124.15167771085471,
              40.63060297376848
            ],
            [
              -124.15191457934706,
              40.6301319025541
            ],
            [
              -124.15256639948872,
              40.62986391751874
            ],
            [
              -124.15448583957874,
              40.62956986903702
            ],
            [
              -124.15506496628207,
              40.62937471680111
            ],
            [
              -124.1554404504275,
              40.62932159690334
            ],
            [
              -124.15664199400393,
              40.62938143001446
            ],
            [
              -124.15755370067284,
              40.62957545387215
            ],
            [
              -124.15879862403008,
              40.62968875875945
            ],
            [
              -124.15975866326269,
              40.62953491109555
            ],
            [
              -124.16051948300323,
              40.62918941649487
            ],
            [
              -124.16135570752373,
              40.628554871173606
            ],
            [
              -124.16236310786817,
              40.62809461373961
            ],
            [
              -124.16422457720269,
              40.627797003208705
            ],
            [
              -124.16512502400889,
              40.62778317818511
            ],
            [
              -124.16582566993812,
              40.62824002310031
            ],
            [
              -124.16654959626652,
              40.628543107998496
            ],
            [
              -124.16700489723974,
              40.62838079401987
            ],
            [
              -124.16769297159368,
              40.628063035222816
            ],
            [
              -124.16840483808863,
              40.628182560873704
            ],
            [
              -124.16924657800277,
              40.62825968068835
            ],
            [
              -124.1699460996434,
              40.62826157198004
            ],
            [
              -124.1719427471937,
              40.62869122373378
            ],
            [
              -124.17340187933502,
              40.628928742301284
            ],
            [
              -124.17406394270124,
              40.62899862756234
            ],
            [
              -124.17488552830312,
              40.62893130699717
            ],
            [
              -124.17558733547256,
              40.628672499200455
            ],
            [
              -124.17695158239982,
              40.627838670319285
            ],
            [
              -124.17798462742024,
              40.62753519085252
            ],
            [
              -124.17861845282253,
              40.62753303073625
            ],
            [
              -124.18108273944667,
              40.628702115020914
            ],
            [
              -124.18265102150082,
              40.628838662755
            ],
            [
              -124.183837421499,
              40.62957402959932
            ],
            [
              -124.18504322777062,
              40.62990418550232
            ],
            [
              -124.18607469609368,
              40.62980350893872
            ],
            [
              -124.18756522504678,
              40.62922956733335
            ],
            [
              -124.18822210528101,
              40.62911446346093
            ],
            [
              -124.18939940360092,
              40.629526382363395
            ],
            [
              -124.19035707674028,
              40.63008375490094
            ],
            [
              -124.19169816335487,
              40.63061014954729
            ],
            [
              -124.19276361721474,
              40.63068070365188
            ],
            [
              -124.19331972457705,
              40.63058080143414
            ],
            [
              -124.19378648786059,
              40.63059743813866
            ],
            [
              -124.19559675082866,
              40.63161986536739
            ],
            [
              -124.19653105839829,
              40.63238446924767
            ],
            [
              -124.19754887219833,
              40.633351638095824
            ],
            [
              -124.19850569629797,
              40.63405771769443
            ],
            [
              -124.19937311792252,
              40.63440875210894
            ],
            [
              -124.20026549517917,
              40.63512517318047
            ],
            [
              -124.20075251407329,
              40.63590824448756
            ],
            [
              -124.20171366719687,
              40.636916179734065
            ],
            [
              -124.2024627677741,
              40.6375075620312
            ],
            [
              -124.20305299395791,
              40.6381133151733
            ],
            [
              -124.20354859885198,
              40.638865386127264
            ],
            [
              -124.20381203599192,
              40.63973181546803
            ],
            [
              -124.20415384259691,
              40.64248908983277
            ],
            [
              -124.2045108479242,
              40.64392650410049
            ],
            [
              -124.20503362609156,
              40.64540367386474
            ],
            [
              -124.20538642897687,
              40.64611552065329
            ],
            [
              -124.20621539930907,
              40.64722453082831
            ],
            [
              -124.20832592879756,
              40.64853497823742
            ],
            [
              -124.20936071379644,
              40.649335849223945
            ],
            [
              -124.2103177156668,
              40.65059067036971
            ],
            [
              -124.21134106412195,
              40.65184155720226
            ],
            [
              -124.21173725441527,
              40.65242681370906
            ],
            [
              -124.21210143882077,
              40.65333772293693
            ],
            [
              -124.2128552131191,
              40.654226389288375
            ],
            [
              -124.21367018959306,
              40.65474422429735
            ],
            [
              -124.21449166308513,
              40.65533477469189
            ],
            [
              -124.2157421582924,
              40.65681232700558
            ],
            [
              -124.21673274710048,
              40.65772084389846
            ],
            [
              -124.21738523061921,
              40.65867775285717
            ],
            [
              -124.21812975158058,
              40.659165524271856
            ],
            [
              -124.21912702078143,
              40.65946611531535
            ],
            [
              -124.22010915609143,
              40.65990608369116
            ],
            [
              -124.22096041574333,
              40.66037868021599
            ],
            [
              -124.22202749356921,
              40.661056376349094
            ],
            [
              -124.22306911946589,
              40.66189267843822
            ],
            [
              -124.22447231917836,
              40.663395699321555
            ],
            [
              -124.22460382036593,
              40.66382229270106
            ],
            [
              -124.22517651493774,
              40.66475313461197
            ],
            [
              -124.22625271050033,
              40.66578658388295
            ],
            [
              -124.22734028996351,
              40.66641424704365
            ],
            [
              -124.22868342477821,
              40.66683286756682
            ],
            [
              -124.23008621691262,
              40.6670384257703
            ],
            [
              -124.23136487510759,
              40.66738513999127
            ],
            [
              -124.23282238774047,
              40.66850418787676
            ],
            [
              -124.23375953630656,
              40.669106744500404
            ],
            [
              -124.2348647699692,
              40.67010873464401
            ],
            [
              -124.23532727019298,
              40.67127037966061
            ],
            [
              -124.23541782417392,
              40.67216970284715
            ],
            [
              -124.23557506932532,
              40.67297041245527
            ],
            [
              -124.23606068948072,
              40.6739644680957
            ],
            [
              -124.23669106050889,
              40.674922335685054
            ],
            [
              -124.2377397990405,
              40.67582958810194
            ],
            [
              -124.23893483220614,
              40.67666338255415
            ],
            [
              -124.24015768099402,
              40.67744747749864
            ],
            [
              -124.2410850835846,
              40.67828419340465
            ],
            [
              -124.2413330571673,
              40.67931789401875
            ],
            [
              -124.24131967922821,
              40.680524507586824
            ],
            [
              -124.24124123550934,
              40.68137353975249
            ],
            [
              -124.2419691013203,
              40.68196799237816
            ],
            [
              -124.24225900357979,
              40.68214771893065
            ],
            [
              -124.24261514319647,
              40.6824916798764
            ],
            [
              -124.24317186189872,
              40.68273555505898
            ],
            [
              -124.24363737983836,
              40.68322174355371
            ],
            [
              -124.24384795159904,
              40.683379929782184
            ],
            [
              -124.24423514624614,
              40.68394909976484
            ],
            [
              -124.24474796128688,
              40.6841383889181
            ],
            [
              -124.24566458570287,
              40.68437447857989
            ],
            [
              -124.24663100817,
              40.684533068973664
            ],
            [
              -124.24709229950038,
              40.68456324271091
            ],
            [
              -124.24743879469008,
              40.684654518102754
            ],
            [
              -124.24780592684193,
              40.68466310744531
            ],
            [
              -124.24898910801787,
              40.68490838799416
            ],
            [
              -124.2496894812468,
              40.68512844184693
            ],
            [
              -124.25177441564065,
              40.686072047847176
            ],
            [
              -124.25212591709263,
              40.686517867625625
            ],
            [
              -124.25225397634536,
              40.68686991573375
            ],
            [
              -124.25249039716437,
              40.68722752511965
            ],
            [
              -124.25393984413508,
              40.6888183293923
            ],
            [
              -124.25445672483352,
              40.689313722194235
            ],
            [
              -124.25513896239592,
              40.68995249803626
            ],
            [
              -124.2562383877292,
              40.690839317181414
            ],
            [
              -124.2567416752873,
              40.69119175237724
            ],
            [
              -124.25783544704751,
              40.69178742731624
            ],
            [
              -124.2583177284908,
              40.69195293652349
            ],
            [
              -124.25865683574996,
              40.6919810634991
            ],
            [
              -124.25895975331944,
              40.69195407563816
            ],
            [
              -124.25926327733448,
              40.69189972205974
            ],
            [
              -124.25966781903485,
              40.69171372349143
            ],
            [
              -124.26055674322906,
              40.691390836359574
            ],
            [
              -124.26083111165931,
              40.69136933543358
            ],
            [
              -124.26109121774537,
              40.6912874509998
            ],
            [
              -124.26140841774563,
              40.691320829987355
            ],
            [
              -124.2618701953493,
              40.69128331277691
            ],
            [
              -124.26258264330536,
              40.69163083420307
            ]
          ]
        ]
      },
      "properties": {
        "SHAPE_Length": 224020.34027838474,
        "SHAPE_Area": 773363196.0313667,
        "OBJECTID": 27,
        "RBUA": 11111,
        "FIRST_HANAME": "Lower Eel River",
        "AREA": 0,
        "LEN": 0
      }
    }
  ],
  "source": "https://gispublic.waterboards.ca.gov/arcgis/rest/services/Hydrography/CalWater_Boundaries/MapServer/3/query?geometry=-124.09974068101218%2C40.49149394275497&geometryType=esriGeometryPoint&inSR=4326&spatialRel=esriSpatialRelIntersects&outFields=%2A&returnGeometry=true&outSR=4326&f=geojson",
  "retrieval_time": "2026-10-04T20:27:51.119200+00:00"
}
