{
  "type": "FeatureCollection",
  "features": [
    {
      "type": "Feature",
      "id": 23,
      "geometry": {
        "type": "Polygon",
        "coordinates": [
          [
            [
              -123.9469001364293,
              40.72359176898762
            ],
            [
              -123.9478582902961,
              40.72309710240461
            ],
            [
              -123.94883187776384,
              40.7228371546777
            ],
            [
              -123.95002220531661,
              40.722453157012815
            ],
            [
              -123.95075121483679,
              40.72211362543489
            ],
            [
              -123.95149409922702,
              40.72222979105619
            ],
            [
              -123.9525553244593,
              40.722616959774335
            ],
            [
              -123.95371648471921,
              40.722841537845575
            ],
            [
              -123.9543805136636,
              40.72268716271942
            ],
            [
              -123.95525271281979,
              40.72209066845932
            ],
            [
              -123.9562265340827,
              40.721532313506046
            ],
            [
              -123.95689785762193,
              40.7215315435853
            ],
            [
              -123.95805956075748,
              40.72215720602154
            ],
            [
              -123.95917807702057,
              40.72254897820803
            ],
            [
              -123.95996396363859,
              40.72271329908952
            ],
            [
              -123.96178285242914,
              40.72262215471287
            ],
            [
              -123.96352083947829,
              40.722156620855046
            ],
            [
              -123.96541792223324,
              40.72219534918153
            ],
            [
              -123.96663111357749,
              40.72298156538015
            ],
            [
              -123.96759816504358,
              40.723464607824866
            ],
            [
              -123.97029103486557,
              40.72472647539949
            ],
            [
              -123.97156865065311,
              40.72487304711195
            ],
            [
              -123.972665307848,
              40.72521497769508
            ],
            [
              -123.97379174937993,
              40.726097709612894
            ],
            [
              -123.97444913497425,
              40.72646071830067
            ],
            [
              -123.97526349492203,
              40.72623354267909
            ],
            [
              -123.97641790697338,
              40.72566929454226
            ],
            [
              -123.97786016113182,
              40.72513017934538
            ],
            [
              -123.9815026381638,
              40.7242798075348
            ],
            [
              -123.98349273421623,
              40.72359576240984
            ],
            [
              -123.98429318749719,
              40.72335938908686
            ],
            [
              -123.98503659957635,
              40.72298850506341
            ],
            [
              -123.98589415709415,
              40.72227841341423
            ],
            [
              -123.98668699671538,
              40.721496591559756
            ],
            [
              -123.98835068594863,
              40.71999185994169
            ],
            [
              -123.99124072763578,
              40.71771048591294
            ],
            [
              -123.99190283246719,
              40.71660094949353
            ],
            [
              -123.99211098076209,
              40.71580206200964
            ],
            [
              -123.99211752403453,
              40.714783985918245
            ],
            [
              -123.99233200632511,
              40.713678133352026
            ],
            [
              -123.99289981858799,
              40.71251133691999
            ],
            [
              -123.9927700196277,
              40.711751189272015
            ],
            [
              -123.99268221942292,
              40.711234495113175
            ],
            [
              -123.99132371495315,
              40.71013768563564
            ],
            [
              -123.99003128911926,
              40.708950548168914
            ],
            [
              -123.98922179793567,
              40.707890196423065
            ],
            [
              -123.98827597493649,
              40.70656546501376
            ],
            [
              -123.987256012931,
              40.70495656172758
            ],
            [
              -123.98659073372092,
              40.70412060993312
            ],
            [
              -123.98582607879547,
              40.703374336528704
            ],
            [
              -123.98502421272605,
              40.702985323519094
            ],
            [
              -123.98438883106277,
              40.70222053943008
            ],
            [
              -123.98355112892858,
              40.70094807998432
            ],
            [
              -123.98236626677392,
              40.69949855571743
            ],
            [
              -123.98161426307446,
              40.69782076832025
            ],
            [
              -123.98080568855042,
              40.697435621552934
            ],
            [
              -123.98006256805859,
              40.696802159225676
            ],
            [
              -123.97928232223518,
              40.69568305908538
            ],
            [
              -123.97892738189775,
              40.694654892446216
            ],
            [
              -123.97864408187066,
              40.69340919930137
            ],
            [
              -123.9785934445989,
              40.69259863336612
            ],
            [
              -123.97850566391969,
              40.6921002565781
            ],
            [
              -123.97817364490398,
              40.691426614521916
            ],
            [
              -123.97742323185527,
              40.69067250198966
            ],
            [
              -123.97663549135206,
              40.689805222452144
            ],
            [
              -123.97623042536601,
              40.68903388253238
            ],
            [
              -123.976020235751,
              40.68801290653066
            ],
            [
              -123.97543496531884,
              40.68649542460136
            ],
            [
              -123.9747551651925,
              40.68528945025954
            ],
            [
              -123.97463957486255,
              40.684890294136764
            ],
            [
              -123.97464611922845,
              40.684317659906306
            ],
            [
              -123.97450126752977,
              40.68349460207443
            ],
            [
              -123.97405975790714,
              40.68237652183276
            ],
            [
              -123.97338636949212,
              40.68025167748495
            ],
            [
              -123.97340698374788,
              40.679229539351866
            ],
            [
              -123.97383895820997,
              40.67822131071857
            ],
            [
              -123.97429906294053,
              40.6768842565774
            ],
            [
              -123.97449955943567,
              40.675562548500004
            ],
            [
              -123.97470649606092,
              40.67377298892487
            ],
            [
              -123.97468445616728,
              40.67317871301375
            ],
            [
              -123.97518107091616,
              40.67259295537621
            ],
            [
              -123.97539649787984,
              40.671924332665895
            ],
            [
              -123.97571293176358,
              40.67122373628237
            ],
            [
              -123.9764906903479,
              40.67041095058298
            ],
            [
              -123.97756345345,
              40.669496029464916
            ],
            [
              -123.97840710927012,
              40.66891293502323
            ],
            [
              -123.97968118943666,
              40.66826256205771
            ],
            [
              -123.98128720151338,
              40.66736123119004
            ],
            [
              -123.98187196141264,
              40.66696023775164
            ],
            [
              -123.98244024812269,
              40.66670314563713
            ],
            [
              -123.98316810722467,
              40.66644910154167
            ],
            [
              -123.98373751443911,
              40.66599817069241
            ],
            [
              -123.98400248901531,
              40.665077231852244
            ],
            [
              -123.98458639184163,
              40.66422579634552
            ],
            [
              -123.98519701498508,
              40.663048680514116
            ],
            [
              -123.98567208302617,
              40.66224271016875
            ],
            [
              -123.98597947861836,
              40.66121334832141
            ],
            [
              -123.9862600870819,
              40.66061670881972
            ],
            [
              -123.98613725691736,
              40.659738898687856
            ],
            [
              -123.98658975795021,
              40.659194517746776
            ],
            [
              -123.98771362319744,
              40.658225475982015
            ],
            [
              -123.98881365342886,
              40.65693264485229
            ],
            [
              -123.98950484661923,
              40.655904205064274
            ],
            [
              -123.99024599357989,
              40.655231379930655
            ],
            [
              -123.9914633349105,
              40.65475707708661
            ],
            [
              -123.99267423241916,
              40.654548599957764
            ],
            [
              -123.9938777111806,
              40.654145704293214
            ],
            [
              -123.99474911860833,
              40.65396276675475
            ],
            [
              -123.9970610059969,
              40.65319068017761
            ],
            [
              -123.9980336994926,
              40.65238050367167
            ],
            [
              -123.99843535278656,
              40.65117426363221
            ],
            [
              -123.99888276765049,
              40.65081451005519
            ],
            [
              -123.99907681093428,
              40.65065952247947
            ],
            [
              -124.00078932070846,
              40.64977592541589
            ],
            [
              -124.00155128476722,
              40.64964774682642
            ],
            [
              -124.00275083850511,
              40.650582700694734
            ],
            [
              -124.00449758796152,
              40.65184258999845
            ],
            [
              -124.00505864793612,
              40.65221130319103
            ],
            [
              -124.0057776943651,
              40.65258843994139
            ],
            [
              -124.007096803872,
              40.652797491801905
            ],
            [
              -124.00852418501587,
              40.65286584853224
            ],
            [
              -124.01036923990995,
              40.653084092740976
            ],
            [
              -124.0115060100334,
              40.65355111540606
            ],
            [
              -124.01230484227321,
              40.65412592026677
            ],
            [
              -124.01209768143643,
              40.6534655477978
            ],
            [
              -124.01287235356376,
              40.652841052664975
            ],
            [
              -124.01534842087086,
              40.65208501518762
            ],
            [
              -124.01748033386023,
              40.650913514438564
            ],
            [
              -124.0184553784831,
              40.650661150510146
            ],
            [
              -124.01973975701138,
              40.65039340836204
            ],
            [
              -124.02082410469808,
              40.64964082398551
            ],
            [
              -124.0210087066505,
              40.64862069365828
            ],
            [
              -124.02040897929605,
              40.64718057990355
            ],
            [
              -124.01960638722932,
              40.6461337850976
            ],
            [
              -124.01922125616026,
              40.64518701830645
            ],
            [
              -124.01892250748648,
              40.64400505974509
            ],
            [
              -124.01892071548691,
              40.64282419466378
            ],
            [
              -124.01942855638768,
              40.642044930800495
            ],
            [
              -124.02021782556578,
              40.64111455723074
            ],
            [
              -124.02123204799109,
              40.640101690245146
            ],
            [
              -124.02222998593929,
              40.63920147978618
            ],
            [
              -124.02290348946332,
              40.638483565048205
            ],
            [
              -124.0226859295569,
              40.63723308577904
            ],
            [
              -124.02237992751849,
              40.63611446232875
            ],
            [
              -124.02172800742635,
              40.635116083061334
            ],
            [
              -124.02097332052467,
              40.634482435080145
            ],
            [
              -124.01803971127656,
              40.63273835862867
            ],
            [
              -124.0173505736996,
              40.63219890733137
            ],
            [
              -124.01671160395885,
              40.63153812579637
            ],
            [
              -124.01581537899679,
              40.630312098948636
            ],
            [
              -124.01538560884644,
              40.629603976629284
            ],
            [
              -124.01505406631703,
              40.62887296434749
            ],
            [
              -124.01587299413336,
              40.628730151306996
            ],
            [
              -124.01795585505633,
              40.62874848302741
            ],
            [
              -124.01893710878771,
              40.62861308686896
            ],
            [
              -124.01942905629447,
              40.62801489959269
            ],
            [
              -124.0202885324915,
              40.62588559070164
            ],
            [
              -124.02047272109007,
              40.62487902720627
            ],
            [
              -124.02050252999135,
              40.62439240927684
            ],
            [
              -124.02073355681227,
              40.623868286872685
            ],
            [
              -124.02095693190466,
              40.622888352379476
            ],
            [
              -124.02145259361664,
              40.622636250317804
            ],
            [
              -124.02310313906511,
              40.622627027171994
            ],
            [
              -124.0240694448248,
              40.622523641532474
            ],
            [
              -124.02502527090432,
              40.62227182308537
            ],
            [
              -124.02608323459107,
              40.62194260256459
            ],
            [
              -124.02790297859501,
              40.62125008707014
            ],
            [
              -124.02894607678475,
              40.62107907869637
            ],
            [
              -124.03121997419238,
              40.62145071702227
            ],
            [
              -124.03196171466678,
              40.621416785597255
            ],
            [
              -124.03297618536041,
              40.62111060843782
            ],
            [
              -124.03395077361287,
              40.62115560439062
            ],
            [
              -124.03473692221813,
              40.62123460446457
            ],
            [
              -124.03539983807906,
              40.621178970332835
            ],
            [
              -124.03587399180296,
              40.62096696017329
            ],
            [
              -124.03641920003051,
              40.620669803094884
            ],
            [
              -124.03680700811472,
              40.62041382909692
            ],
            [
              -124.03781991836425,
              40.619954687911985
            ],
            [
              -124.03860882744256,
              40.619429577687306
            ],
            [
              -124.03944652174647,
              40.61881810063062
            ],
            [
              -124.04032200601765,
              40.61812988093248
            ],
            [
              -124.04076626346519,
              40.61772050689777
            ],
            [
              -124.04106476492088,
              40.617262884270374
            ],
            [
              -124.04202411282402,
              40.6164032041423
            ],
            [
              -124.04231086534294,
              40.616072146754064
            ],
            [
              -124.04274227890077,
              40.61408114143267
            ],
            [
              -124.04323485372142,
              40.61333409175745
            ],
            [
              -124.04360731547999,
              40.6130560351308
            ],
            [
              -124.04403065172903,
              40.61261042528516
            ],
            [
              -124.0448682098366,
              40.612111587650176
            ],
            [
              -124.0458910359986,
              40.611917997045985
            ],
            [
              -124.04729428629118,
              40.6117207441732
            ],
            [
              -124.04882205849556,
              40.611549271939325
            ],
            [
              -124.05079479949015,
              40.611233402241496
            ],
            [
              -124.05147121669575,
              40.61119614441223
            ],
            [
              -124.05214841205252,
              40.611100241439885
            ],
            [
              -124.0537885594481,
              40.61067968720008
            ],
            [
              -124.05600243053317,
              40.60983500748048
            ],
            [
              -124.05636142029422,
              40.60966020145061
            ],
            [
              -124.05658832997432,
              40.60923980655773
            ],
            [
              -124.05684903455764,
              40.60838111553412
            ],
            [
              -124.05709781735916,
              40.60801437589613
            ],
            [
              -124.05752077600991,
              40.60770843080979
            ],
            [
              -124.05801762231205,
              40.607501223855536
            ],
            [
              -124.05841155812652,
              40.60723229745093
            ],
            [
              -124.0587834273599,
              40.606885775639675
            ],
            [
              -124.05898339664722,
              40.60663669517145
            ],
            [
              -124.0594364706283,
              40.60655144851946
            ],
            [
              -124.0600141774325,
              40.606672297652075
            ],
            [
              -124.06046948181319,
              40.60681715547272
            ],
            [
              -124.0610257687608,
              40.60695108765241
            ],
            [
              -124.06145029374848,
              40.6069563613403
            ],
            [
              -124.06248711737692,
              40.60675739233363
            ],
            [
              -124.06441990024607,
              40.60695558684011
            ],
            [
              -124.065255312287,
              40.60677671303319
            ],
            [
              -124.06584018995754,
              40.60603303058263
            ],
            [
              -124.06630320199574,
              40.60533080991369
            ],
            [
              -124.06657832398483,
              40.60465220013254
            ],
            [
              -124.06663077354025,
              40.60426454081791
            ],
            [
              -124.06693916391627,
              40.60463587031884
            ],
            [
              -124.06741101893859,
              40.60505481684785
            ],
            [
              -124.06817192680812,
              40.60563302362995
            ],
            [
              -124.06881665881312,
              40.6060372793006
            ],
            [
              -124.0692370672668,
              40.60634353323884
            ],
            [
              -124.0697900816857,
              40.60698261247234
            ],
            [
              -124.07122061460808,
              40.610122393597244
            ],
            [
              -124.07156360634457,
              40.61058808530188
            ],
            [
              -124.07210102467019,
              40.611100374329844
            ],
            [
              -124.0727393262489,
              40.611553822598054
            ],
            [
              -124.0731322892646,
              40.612086312231966
            ],
            [
              -124.07318067086668,
              40.61273462451053
            ],
            [
              -124.07297390402121,
              40.613844852967254
            ],
            [
              -124.0731050757344,
              40.614014374421814
            ],
            [
              -124.0736102172776,
              40.61411780577991
            ],
            [
              -124.07428837405737,
              40.614170240225484
            ],
            [
              -124.07486003626423,
              40.614430924100546
            ],
            [
              -124.07513651758684,
              40.61482414753877
            ],
            [
              -124.07540165951676,
              40.61547521369665
            ],
            [
              -124.07588432457962,
              40.61629942953652
            ],
            [
              -124.07650138556804,
              40.616794138932654
            ],
            [
              -124.07707300385262,
              40.6171123064979
            ],
            [
              -124.07753544912774,
              40.61812141440386
            ],
            [
              -124.07810982955782,
              40.618697550658275
            ],
            [
              -124.07964834623739,
              40.61904817723675
            ],
            [
              -124.08032722134463,
              40.61913125958966
            ],
            [
              -124.08080919805803,
              40.6190596645754
            ],
            [
              -124.081346713238,
              40.6188200112637
            ],
            [
              -124.08189208720785,
              40.61846404458134
            ],
            [
              -124.08233674803282,
              40.61821619236539
            ],
            [
              -124.08296259843304,
              40.6179899699183
            ],
            [
              -124.08346022738937,
              40.61798545859589
            ],
            [
              -124.08401726394861,
              40.61825448558396
            ],
            [
              -124.08433702791683,
              40.61857583696288
            ],
            [
              -124.08490991488043,
              40.61983623791533
            ],
            [
              -124.0855117136464,
              40.62024917813393
            ],
            [
              -124.08613308981053,
              40.62036112932557
            ],
            [
              -124.08686796694315,
              40.62034963725984
            ],
            [
              -124.08754556484071,
              40.620410180624006
            ],
            [
              -124.08826830436745,
              40.62066050433837
            ],
            [
              -124.08937559752412,
              40.62112269387251
            ],
            [
              -124.08993291581156,
              40.621401841613476
            ],
            [
              -124.08992355992726,
              40.62198727342287
            ],
            [
              -124.08922770691389,
              40.62325503756034
            ],
            [
              -124.08943348889905,
              40.62377562496645
            ],
            [
              -124.0897601740991,
              40.623970234350715
            ],
            [
              -124.09024459982194,
              40.62416895826248
            ],
            [
              -124.0911400710676,
              40.62439471608155
            ],
            [
              -124.09188274908546,
              40.62439617643498
            ],
            [
              -124.09249601401302,
              40.62444922993464
            ],
            [
              -124.09344397219355,
              40.624661409402556
            ],
            [
              -124.09413947041561,
              40.62503683205645
            ],
            [
              -124.09439431745774,
              40.625111261266305
            ],
            [
              -124.09528651709392,
              40.62570217261612
            ],
            [
              -124.0962223499364,
              40.62620235668781
            ],
            [
              -124.09729494754625,
              40.62655184193375
            ],
            [
              -124.09941206564027,
              40.62686064093494
            ],
            [
              -124.10074601879076,
              40.62694283924818
            ],
            [
              -124.10219415829792,
              40.62690152682301
            ],
            [
              -124.10365839593157,
              40.62659061288967
            ],
            [
              -124.10515068701943,
              40.62639625012028
            ],
            [
              -124.10604536085641,
              40.626171168879985
            ],
            [
              -124.10673092556837,
              40.62593469242431
            ],
            [
              -124.10753277545125,
              40.62559830996155
            ],
            [
              -124.10790791704169,
              40.62550028600111
            ],
            [
              -124.10893819475466,
              40.625229014449204
            ],
            [
              -124.1095367061773,
              40.62516499553827
            ],
            [
              -124.11004167948602,
              40.62525027045175
            ],
            [
              -124.11099893504961,
              40.62560539066269
            ],
            [
              -124.11285585018835,
              40.62665982925912
            ],
            [
              -124.11302159957123,
              40.62681124038625
            ],
            [
              -124.1134749547835,
              40.62704134970845
            ],
            [
              -124.11390705912976,
              40.62713184540438
            ],
            [
              -124.11476483612671,
              40.62699244315402
            ],
            [
              -124.11555668950759,
              40.62714286377871
            ],
            [
              -124.1171267813932,
              40.6276317393807
            ],
            [
              -124.1178756931559,
              40.628214576883636
            ],
            [
              -124.1181261694484,
              40.62874352357712
            ],
            [
              -124.11849920750413,
              40.629145855361806
            ],
            [
              -124.11909768450303,
              40.6295406990478
            ],
            [
              -124.12048771151484,
              40.62983352005757
            ],
            [
              -124.12109168339828,
              40.630363393308805
            ],
            [
              -124.12146651471834,
              40.63033745367227
            ],
            [
              -124.12228185923576,
              40.62973907712849
            ],
            [
              -124.12334369104225,
              40.62925649725531
            ],
            [
              -124.12428815050362,
              40.629165702172514
            ],
            [
              -124.12579627226943,
              40.628827166506134
            ],
            [
              -124.1267022468884,
              40.62810210794563
            ],
            [
              -124.12743966380185,
              40.62784237749176
            ],
            [
              -124.12957488799331,
              40.62763704530098
            ],
            [
              -124.12991443147659,
              40.62755647606009
            ],
            [
              -124.13027639587347,
              40.62740921230391
            ],
            [
              -124.13107820278505,
              40.62720313330107
            ],
            [
              -124.13212879047242,
              40.627345682898884
            ],
            [
              -124.13271180179393,
              40.627921264825716
            ],
            [
              -124.13308574427404,
              40.628525507264136
            ],
            [
              -124.13355328041838,
              40.62911114715322
            ],
            [
              -124.13442441414071,
              40.62965659414399
            ],
            [
              -124.13532429064509,
              40.62972946675478
            ],
            [
              -124.13621761500754,
              40.62967523162328
            ],
            [
              -124.13800209310853,
              40.62985106730843
            ],
            [
              -124.13957769122486,
              40.63052880216877
            ],
            [
              -124.14058425343144,
              40.63120407210834
            ],
            [
              -124.14099861671384,
              40.6315193349629
            ],
            [
              -124.14182446020611,
              40.63170534915128
            ],
            [
              -124.14289423675629,
              40.63200043230886
            ],
            [
              -124.14365734639064,
              40.63200203162284
            ],
            [
              -124.1446119278632,
              40.63171328453659
            ],
            [
              -124.14760926607036,
              40.63108872581524
            ],
            [
              -124.14830524375155,
              40.630726564293106
            ],
            [
              -124.14884677439235,
              40.63010815520946
            ],
            [
              -124.15060088109229,
              40.629793508890295
            ],
            [
              -124.15148101160703,
              40.63020387251439
            ],
            [
              -124.15167771418857,
              40.63060297134644
            ],
            [
              -124.15191458153399,
              40.63013191917295
            ],
            [
              -124.15256642492618,
              40.62986390924782
            ],
            [
              -124.15448583390376,
              40.62956986661871
            ],
            [
              -124.15506496035906,
              40.629374709207205
            ],
            [
              -124.15544046946482,
              40.62932159581032
            ],
            [
              -124.15664199407777,
              40.62938142583253
            ],
            [
              -124.15755369569703,
              40.62957545068067
            ],
            [
              -124.15879861964733,
              40.629688736095716
            ],
            [
              -124.159758660561,
              40.62953491051119
            ],
            [
              -124.16051948383827,
              40.62918939659144
            ],
            [
              -124.16135568038823,
              40.628554865144125
            ],
            [
              -124.16236310892504,
              40.62809459066537
            ],
            [
              -124.16422457663296,
              40.62779699941277
            ],
            [
              -124.16512501830056,
              40.627783157004856
            ],
            [
              -124.16582564119969,
              40.62824003425206
            ],
            [
              -124.16654959517061,
              40.628543104686074
            ],
            [
              -124.16700489240229,
              40.62838078732262
            ],
            [
              -124.16769297046946,
              40.628063016252966
            ],
            [
              -124.16840480978966,
              40.62818255352827
            ],
            [
              -124.16924657609654,
              40.62825967743606
            ],
            [
              -124.16994610263055,
              40.62826156631964
            ],
            [
              -124.17194271950241,
              40.62869123788531
            ],
            [
              -124.17340188059462,
              40.628928755881056
            ],
            [
              -124.17406394126843,
              40.628998623546494
            ],
            [
              -124.1748855279855,
              40.62893132287932
            ],
            [
              -124.175587356818,
              40.628672496392305
            ],
            [
              -124.17695160884008,
              40.62783866382895
            ],
            [
              -124.177984626809,
              40.62753518530317
            ],
            [
              -124.17861848003436,
              40.62753302859664
            ],
            [
              -124.1810827389258,
              40.62870212525762
            ],
            [
              -124.18265101984571,
              40.62883867594246
            ],
            [
              -124.18383742431418,
              40.629574042946494
            ],
            [
              -124.18504322332376,
              40.62990416306567
            ],
            [
              -124.18607469955785,
              40.62980352370517
            ],
            [
              -124.18756520501323,
              40.629229583247806
            ],
            [
              -124.18822210408091,
              40.62911445632742
            ],
            [
              -124.18939940055377,
              40.62952638206757
            ],
            [
              -124.19035707637674,
              40.63008374935752
            ],
            [
              -124.19169816226827,
              40.63061014530242
            ],
            [
              -124.19276361680473,
              40.630680696414906
            ],
            [
              -124.19331974803957,
              40.63058079424755
            ],
            [
              -124.19378651340648,
              40.63059745324264
            ],
            [
              -124.19559674776552,
              40.63161985921502
            ],
            [
              -124.19653105378818,
              40.63238448357644
            ],
            [
              -124.19754886999695,
              40.633351632191896
            ],
            [
              -124.19850569286264,
              40.63405773073785
            ],
            [
              -124.19937309620826,
              40.63440874566339
            ],
            [
              -124.20026549722616,
              40.63512516908693
            ],
            [
              -124.20075251182443,
              40.635908237255876
            ],
            [
              -124.20171366514043,
              40.636916175328686
            ],
            [
              -124.20246276737258,
              40.63750755677589
            ],
            [
              -124.20305299304718,
              40.638113296823974
            ],
            [
              -124.20354860196849,
              40.638865399477005
            ],
            [
              -124.20381203585094,
              40.639731811439546
            ],
            [
              -124.20415384453437,
              40.64248908494848
            ],
            [
              -124.2045108441268,
              40.643926516219004
            ],
            [
              -124.20503362157461,
              40.6454036896273
            ],
            [
              -124.2053864528202,
              40.646115513708956
            ],
            [
              -124.20621539854638,
              40.64722452442646
            ],
            [
              -124.20832595446673,
              40.64853497703729
            ],
            [
              -124.2093607101975,
              40.649335844859046
            ],
            [
              -124.21031768779804,
              40.65059068521646
            ],
            [
              -124.2113410877674,
              40.6518415358627
            ],
            [
              -124.21173725647917,
              40.65242680790467
            ],
            [
              -124.21210144168596,
              40.65333770098701
            ],
            [
              -124.21285523672339,
              40.65422638620791
            ],
            [
              -124.2136701903839,
              40.65474419896166
            ],
            [
              -124.21449165732488,
              40.655334755521864
            ],
            [
              -124.2157421571414,
              40.656812320306386
            ],
            [
              -124.21673275221227,
              40.65772085957761
            ],
            [
              -124.21738522920828,
              40.6586777495093
            ],
            [
              -124.21812975017328,
              40.659165522019535
            ],
            [
              -124.21912699571288,
              40.65946611550548
            ],
            [
              -124.22010915512848,
              40.659906080983134
            ],
            [
              -124.22096043630164,
              40.660378675631044
            ],
            [
              -124.22202751931496,
              40.66105636828086
            ],
            [
              -124.22306912170532,
              40.66189267495852
            ],
            [
              -124.22447234008128,
              40.6633956910493
            ],
            [
              -124.22460381613442,
              40.66382228831811
            ],
            [
              -124.2251765153407,
              40.664753127613565
            ],
            [
              -124.22625270950994,
              40.66578659881839
            ],
            [
              -124.22734028734118,
              40.66641423949808
            ],
            [
              -124.22868341835152,
              40.66683286586949
            ],
            [
              -124.23008619170902,
              40.66703842268867
            ],
            [
              -124.23136487417133,
              40.66738513459439
            ],
            [
              -124.23282238449491,
              40.66850418273257
            ],
            [
              -124.23375951171826,
              40.66910675818479
            ],
            [
              -124.23486476284586,
              40.6701087287988
            ],
            [
              -124.23532726867866,
              40.67127035865624
            ],
            [
              -124.23541781972038,
              40.67216970122751
            ],
            [
              -124.23557506792972,
              40.6729704080713
            ],
            [
              -124.23606068917088,
              40.67396448194885
            ],
            [
              -124.23669106022075,
              40.674922328334404
            ],
            [
              -124.23773982483146,
              40.675829601109264
            ],
            [
              -124.23893482690403,
              40.67666338060671
            ],
            [
              -124.2401576786672,
              40.677447473226046
            ],
            [
              -124.24108508536183,
              40.67828418860428
            ],
            [
              -124.24133305631702,
              40.67931788958146
            ],
            [
              -124.241319681175,
              40.6805245035754
            ],
            [
              -124.24124123267849,
              40.68137351869526
            ],
            [
              -124.24196910510408,
              40.681967984861615
            ],
            [
              -124.2422590007656,
              40.68214769400259
            ],
            [
              -124.24261514674625,
              40.682491693741284
            ],
            [
              -124.24317188251952,
              40.682735549831285
            ],
            [
              -124.24363738200643,
              40.68322174306707
            ],
            [
              -124.24384794972663,
              40.683379929336674
            ],
            [
              -124.24423512657866,
              40.6839490952299
            ],
            [
              -124.24474793597174,
              40.684138385096006
            ],
            [
              -124.24566458237874,
              40.68437449317538
            ],
            [
              -124.2466310072841,
              40.684533061335536
            ],
            [
              -124.24709229753131,
              40.684563236475604
            ],
            [
              -124.2474387666522,
              40.684654515037046
            ],
            [
              -124.24780594939473,
              40.684663120818165
            ],
            [
              -124.24898911120323,
              40.68490838517798
            ],
            [
              -124.24968948051254,
              40.68512843759811
            ],
            [
              -124.25177443880366,
              40.68607202218139
            ],
            [
              -124.2521259114118,
              40.68651786159676
            ],
            [
              -124.25225397534035,
              40.68686989094615
            ],
            [
              -124.25249039189485,
              40.687227523130886
            ],
            [
              -124.25393984461884,
              40.68881832746904
            ],
            [
              -124.25445672690569,
              40.68931371653338
            ],
            [
              -124.255138958357,
              40.68995249706506
            ],
            [
              -124.25623838154472,
              40.69083931532989
            ],
            [
              -124.25674169588271,
              40.691191762974285
            ],
            [
              -124.25783544489319,
              40.6917874248578
            ],
            [
              -124.25831772611235,
              40.691952946613966
            ],
            [
              -124.25865683222229,
              40.69198105834032
            ],
            [
              -124.25895975607729,
              40.6919540713121
            ],
            [
              -124.25926327179172,
              40.69189973525176
            ],
            [
              -124.25966781680376,
              40.69171371953314
            ],
            [
              -124.2605567441905,
              40.691390836527276
            ],
            [
              -124.26083113274196,
              40.691369327411486
            ],
            [
              -124.26109121448665,
              40.691287465844404
            ],
            [
              -124.26140841721272,
              40.6913208255502
            ],
            [
              -124.26187019921437,
              40.691283312527204
            ],
            [
              -124.2625826663321,
              40.691630826116565
            ],
            [
              -124.2628343310398,
              40.69185098432297
            ],
            [
              -124.26350379260296,
              40.69215995308071
            ],
            [
              -124.26417961270685,
              40.69264450527575
            ],
            [
              -124.26476893501997,
              40.69311822583773
            ],
            [
              -124.26500522012527,
              40.693459502161275
            ],
            [
              -124.26505413735303,
              40.693811133991275
            ],
            [
              -124.26490135701421,
              40.69407475118711
            ],
            [
              -124.26479149657689,
              40.694475772194735
            ],
            [
              -124.2647174847095,
              40.69483837604284
            ],
            [
              -124.2647234085291,
              40.69515148685068
            ],
            [
              -124.2648366550553,
              40.695558395960184
            ],
            [
              -124.26517399085128,
              40.695943830679376
            ],
            [
              -124.26548356909609,
              40.69609803723363
            ],
            [
              -124.26597384938457,
              40.6961978912139
            ],
            [
              -124.26642755851013,
              40.69638011411463
            ],
            [
              -124.26717730279137,
              40.69647472283497
            ],
            [
              -124.26771058857788,
              40.69660744031782
            ],
            [
              -124.26807774870912,
              40.6967399636395
            ],
            [
              -124.26855377545904,
              40.69677378559802
            ],
            [
              -124.26959148201603,
              40.697000792981
            ],
            [
              -124.27092455113012,
              40.697360204800056
            ],
            [
              -124.27119842539443,
              40.69740461138286
            ],
            [
              -124.27172510815586,
              40.697394434500936
            ],
            [
              -124.27286497483068,
              40.697440384726065
            ],
            [
              -124.27323251618674,
              40.697479613099944
            ],
            [
              -124.27371656679563,
              40.6973429471704
            ],
            [
              -124.27439520888649,
              40.69726161922336
            ],
            [
              -124.27536388226697,
              40.69682908729341
            ],
            [
              -124.27675081906118,
              40.69665469883055
            ],
            [
              -124.2768325756549,
              40.69643475745426
            ],
            [
              -124.27742854085959,
              40.695698693201486
            ],
            [
              -124.27768628911221,
              40.6951771118193
            ],
            [
              -124.2779665875162,
              40.69490787426348
            ],
            [
              -124.27836824678151,
              40.69429828765503
            ],
            [
              -124.27901483994852,
              40.69360602862085
            ],
            [
              -124.27969068784037,
              40.69301797402817
            ],
            [
              -124.28012128675792,
              40.69244126995812
            ],
            [
              -124.28019256499967,
              40.69221622150903
            ],
            [
              -124.28047897660556,
              40.691661685839534
            ],
            [
              -124.2805073416263,
              40.69152997733673
            ],
            [
              -124.28099574436342,
              40.69097510175708
            ],
            [
              -124.28125372587081,
              40.69053580451444
            ],
            [
              -124.2814836925491,
              40.69031053905586
            ],
            [
              -124.28175644083305,
              40.68996447974538
            ],
            [
              -124.28221519898528,
              40.68920667331469
            ],
            [
              -124.28248829975374,
              40.68894838313843
            ],
            [
              -124.28344327917195,
              40.687822230843445
            ],
            [
              -124.28358633596088,
              40.68750930890442
            ],
            [
              -124.28404520573784,
              40.686789899634725
            ],
            [
              -124.28427415603723,
              40.68631224740749
            ],
            [
              -124.28499890014322,
              40.68534005170027
            ],
            [
              -124.28571597995634,
              40.68426364110527
            ],
            [
              -124.28613874244074,
              40.68354975255546
            ],
            [
              -124.28702863665409,
              40.68240722207348
            ],
            [
              -124.28713582133614,
              40.68214921050539
            ],
            [
              -124.28738734522636,
              40.6819129064659
            ],
            [
              -124.28760957037015,
              40.68157241683453
            ],
            [
              -124.28780343687454,
              40.68134716540129
            ],
            [
              -124.28788907041647,
              40.68111661486588
            ],
            [
              -124.28816146954593,
              40.68068825597183
            ],
            [
              -124.28850610163073,
              40.68029269299579
            ],
            [
              -124.28871406476813,
              40.6799906201829
            ],
            [
              -124.28902949927709,
              40.679507356823365
            ],
            [
              -124.28908654318462,
              40.67933719301951
            ],
            [
              -124.28933052800821,
              40.67902409089204
            ],
            [
              -124.28946567227496,
              40.67854656278614
            ],
            [
              -124.28947940691472,
              40.67837098636455
            ],
            [
              -124.2895794802496,
              40.67814041717248
            ],
            [
              -124.28990964490703,
              40.67774488780093
            ],
            [
              -124.29001690414012,
              40.677508808005996
            ],
            [
              -124.29014604044409,
              40.67733853965304
            ],
            [
              -124.29157418273118,
              40.675564195099724
            ],
            [
              -124.2920818570934,
              40.67447161704693
            ],
            [
              -124.29249125198706,
              40.67404853051421
            ],
            [
              -124.29261991123434,
              40.67375755287258
            ],
            [
              -124.29348797146976,
              40.672620514679586
            ],
            [
              -124.29413241555378,
              40.67147285495525
            ],
            [
              -124.29498622397968,
              40.670396180381836
            ],
            [
              -124.29522955487295,
              40.66993494661065
            ],
            [
              -124.29548775049324,
              40.66958339717079
            ],
            [
              -124.29559472101776,
              40.669281477718364
            ],
            [
              -124.29588091210438,
              40.66872143467705
            ],
            [
              -124.2964116496534,
              40.66801285180511
            ],
            [
              -124.29661172161451,
              40.66755168820364
            ],
            [
              -124.29707021674027,
              40.66681031204643
            ],
            [
              -124.2972497692319,
              40.66663445430808
            ],
            [
              -124.29758674272676,
              40.666156594280494
            ],
            [
              -124.29787396964045,
              40.66585985617266
            ],
            [
              -124.29845386205791,
              40.664827503965626
            ],
            [
              -124.2986611696075,
              40.664382779742795
            ],
            [
              -124.29880392299931,
              40.664025944471895
            ],
            [
              -124.29889620110511,
              40.663663707873695
            ],
            [
              -124.29904623573408,
              40.6633233498631
            ],
            [
              -124.29966294030815,
              40.66248841973439
            ],
            [
              -124.29990630944144,
              40.662049112989166
            ],
            [
              -124.30053773732429,
              40.66129646557981
            ],
            [
              -124.3006373199384,
              40.660967119771946
            ],
            [
              -124.30087349239787,
              40.66053332266363
            ],
            [
              -124.30157611113873,
              40.65956108181038
            ],
            [
              -124.30223638882529,
              40.65881935648836
            ],
            [
              -124.30361752016977,
              40.656298890943326
            ],
            [
              -124.30433459091309,
              40.655354072481586
            ],
            [
              -124.30456352388947,
              40.65492026125421
            ],
            [
              -124.30479994361151,
              40.65456326197568
            ],
            [
              -124.3054096257209,
              40.65380513958684
            ],
            [
              -124.30545215606028,
              40.653629527108315
            ],
            [
              -124.30573837753234,
              40.65311333554311
            ],
            [
              -124.306469659805,
              40.65213553413021
            ],
            [
              -124.30663396602259,
              40.6517676789881
            ],
            [
              -124.30670440430481,
              40.651372589500525
            ],
            [
              -124.30701240708557,
              40.65089476761098
            ],
            [
              -124.3073709194111,
              40.65042234128989
            ],
            [
              -124.30808708617552,
              40.649296451593145
            ],
            [
              -124.30870433929431,
              40.648642524291596
            ],
            [
              -124.30974180722875,
              40.64678094233089
            ],
            [
              -124.31009345526833,
              40.646407273407924
            ],
            [
              -124.3104442487923,
              40.64583063378633
            ],
            [
              -124.31078134666383,
              40.64542406496361
            ],
            [
              -124.31097463691698,
              40.64510553458198
            ],
            [
              -124.31176906823478,
              40.644051083953826
            ],
            [
              -124.31240907196435,
              40.64311279000639
            ],
            [
              -124.31306914284448,
              40.64198093505689
            ],
            [
              -124.31366999243625,
              40.641091170144804
            ],
            [
              -124.31415034691821,
              40.640379851326294
            ],
            [
              -124.31501616168217,
              40.63946967843228
            ],
            [
              -124.31584013138371,
              40.63831062908871
            ],
            [
              -124.31594065454256,
              40.6382171808007
            ],
            [
              -124.3163989415159,
              40.63751963718708
            ],
            [
              -124.31673517539778,
              40.63693203873195
            ],
            [
              -124.31720851575295,
              40.63637708773612
            ],
            [
              -124.31742309917179,
              40.63599815010512
            ],
            [
              -124.31756554076853,
              40.63560292061826
            ],
            [
              -124.31831043208159,
              40.63450984285773
            ],
            [
              -124.31860317569641,
              40.63387295485102
            ],
            [
              -124.31883922799757,
              40.633461067426666
            ],
            [
              -124.31900397483439,
              40.63321938751668
            ],
            [
              -124.319326779817,
              40.63286768917111
            ],
            [
              -124.31955590917593,
              40.63252164507763
            ],
            [
              -124.32018415015075,
              40.63114353130956
            ],
            [
              -124.32039721167257,
              40.630418988811485
            ],
            [
              -124.3204972987681,
              40.63023228847732
            ],
            [
              -124.3208059604866,
              40.62994095802916
            ],
            [
              -124.32132830894349,
              40.62907870349819
            ],
            [
              -124.32198490259377,
              40.62760177300744
            ],
            [
              -124.3223070798165,
              40.62711841989791
            ],
            [
              -124.32326796905663,
              40.626024913801224
            ],
            [
              -124.32344689224196,
              40.62573930739977
            ],
            [
              -124.32377567588972,
              40.62511330554881
            ],
            [
              -124.32387488131728,
              40.62469488779084
            ],
            [
              -124.32413971649765,
              40.62427430933224
            ],
            [
              -124.32438704727423,
              40.62404612810031
            ],
            [
              -124.32483681841752,
              40.623178500940334
            ],
            [
              -124.32498693917569,
              40.62278678325767
            ],
            [
              -124.3255530494265,
              40.62230208080162
            ],
            [
              -124.32625057731526,
              40.62122820423603
            ],
            [
              -124.32638924954836,
              40.62097392546995
            ],
            [
              -124.32676448436446,
              40.61999187836456
            ],
            [
              -124.3272667424107,
              40.61922241915044
            ],
            [
              -124.32737646502727,
              40.61896299868751
            ],
            [
              -124.3279639072924,
              40.61799627202804
            ],
            [
              -124.32816985152513,
              40.61765731720554
            ],
            [
              -124.32845765774901,
              40.61730234644939
            ],
            [
              -124.32925549366354,
              40.61654023832054
            ],
            [
              -124.32968394884762,
              40.61602426931992
            ],
            [
              -124.33001715797046,
              40.615773070321374
            ],
            [
              -124.3303021330542,
              40.61528632247204
            ],
            [
              -124.33053322293517,
              40.61497597522452
            ],
            [
              -124.33045551008094,
              40.61471335197979
            ],
            [
              -124.33059531495113,
              40.61451396062797
            ],
            [
              -124.33062400394343,
              40.61417316424132
            ],
            [
              -124.33082652980973,
              40.61387413329118
            ],
            [
              -124.33079780690939,
              40.613545031132745
            ],
            [
              -124.33099652946782,
              40.61307033493607
            ],
            [
              -124.33095967799132,
              40.61269738687737
            ],
            [
              -124.33099202940433,
              40.61252675839188
            ],
            [
              -124.33108105166504,
              40.61231152138699
            ],
            [
              -124.33126372223276,
              40.6120951258705
            ],
            [
              -124.33147460437274,
              40.611515941484264
            ],
            [
              -124.33184123372926,
              40.611143518969264
            ],
            [
              -124.3319311025038,
              40.61096669436085
            ],
            [
              -124.33205342960302,
              40.61062472124242
            ],
            [
              -124.33207500776076,
              40.610289490939586
            ],
            [
              -124.33221964106883,
              40.609980215817295
            ],
            [
              -124.33249252442054,
              40.6096034334165
            ],
            [
              -124.33299242979986,
              40.60906463427495
            ],
            [
              -124.3332156937925,
              40.608726914697975
            ],
            [
              -124.33333176366885,
              40.60842897421299
            ],
            [
              -124.33328000711991,
              40.60803424307071
            ],
            [
              -124.33354588858344,
              40.607668541134146
            ],
            [
              -124.33377067234086,
              40.6070672478579
            ],
            [
              -124.333924160996,
              40.60683473158643
            ],
            [
              -124.3341921622991,
              40.60656784824748
            ],
            [
              -124.33440692556809,
              40.60616982407556
            ],
            [
              -124.33523854619902,
              40.60497896423486
            ],
            [
              -124.33607367329765,
              40.60361781183538
            ],
            [
              -124.33667258512654,
              40.602330980380295
            ],
            [
              -124.33706193070152,
              40.6016782044283
            ],
            [
              -124.33715501147388,
              40.6013201322341
            ],
            [
              -124.33776146832207,
              40.600714079666204
            ],
            [
              -124.33796154911263,
              40.60030528111196
            ],
            [
              -124.33826627102744,
              40.59940644980157
            ],
            [
              -124.33849563804208,
              40.59901922822089
            ],
            [
              -124.33899210030455,
              40.598326683942
            ],
            [
              -124.33928179828551,
              40.59806501468265
            ],
            [
              -124.33943176554536,
              40.597673307659065
            ],
            [
              -124.34000771132287,
              40.596990742535944
            ],
            [
              -124.34025754425812,
              40.59655385510463
            ],
            [
              -124.34055586751606,
              40.595693555907516
            ],
            [
              -124.34095358080916,
              40.59476612060801
            ],
            [
              -124.34104640956032,
              40.59439706946551
            ],
            [
              -124.34105015620074,
              40.594237779151975
            ],
            [
              -124.34126595831925,
              40.593559684173684
            ],
            [
              -124.34151521256959,
              40.593095359187664
            ],
            [
              -124.34217826519998,
              40.592115204483584
            ],
            [
              -124.34253205999394,
              40.59149031793162
            ],
            [
              -124.3430623243868,
              40.59069851563513
            ],
            [
              -124.34341563206146,
              40.59005167180638
            ],
            [
              -124.34398219521287,
              40.588611455508406
            ],
            [
              -124.34449299851906,
              40.58758927106969
            ],
            [
              -124.34484866715383,
              40.58705220153694
            ],
            [
              -124.34523196921513,
              40.586130429923074
            ],
            [
              -124.34550386122503,
              40.58571521436655
            ],
            [
              -124.3457843573708,
              40.58536579795285
            ],
            [
              -124.34586753547492,
              40.58521650710192
            ],
            [
              -124.34598193332559,
              40.58484717972503
            ],
            [
              -124.34648030565639,
              40.58424793172994
            ],
            [
              -124.34656156303379,
              40.58401081972756
            ],
            [
              -124.34658465608713,
              40.583417488564976
            ],
            [
              -124.34664433040588,
              40.58318065164228
            ],
            [
              -124.3475767826335,
              40.58168096425517
            ],
            [
              -124.3482205742373,
              40.5808163365759
            ],
            [
              -124.34851724242631,
              40.58021961652272
            ],
            [
              -124.3490714023355,
              40.578878377183806
            ],
            [
              -124.34934561747643,
              40.57857295083363
            ],
            [
              -124.34969928294767,
              40.57794803297581
            ],
            [
              -124.34997254410965,
              40.5775987133539
            ],
            [
              -124.35064171780881,
              40.57592109362446
            ],
            [
              -124.35128954319501,
              40.57392527696165
            ],
            [
              -124.35134003490583,
              40.573600670167714
            ],
            [
              -124.35150480285115,
              40.57323072031213
            ],
            [
              -124.35196102856122,
              40.57235744987017
            ],
            [
              -124.3536108941685,
              40.57008550961967
            ],
            [
              -124.3541041579744,
              40.56926117372968
            ],
            [
              -124.35480938040088,
              40.5675940910163
            ],
            [
              -124.35501826638954,
              40.566938047369
            ],
            [
              -124.35539091011528,
              40.56619758834942
            ],
            [
              -124.35571341845812,
              40.56579819264989
            ],
            [
              -124.35584008495377,
              40.565335354336966
            ],
            [
              -124.35669758617576,
              40.56306235811655
            ],
            [
              -124.35713860417611,
              40.56248576147706
            ],
            [
              -124.3573275118265,
              40.56190685570372
            ],
            [
              -124.35780892722482,
              40.56087400789948
            ],
            [
              -124.35796759167279,
              40.559900119294106
            ],
            [
              -124.3581844465943,
              40.55961186432652
            ],
            [
              -124.35822378618744,
              40.55910622585756
            ],
            [
              -124.35841324916478,
              40.55868451711895
            ],
            [
              -124.3576600555885,
              40.55926863615787
            ],
            [
              -124.35697984548972,
              40.5596871941648
            ],
            [
              -124.3550791250853,
              40.560605817273306
            ],
            [
              -124.35439694089123,
              40.560857076320964
            ],
            [
              -124.35321854764724,
              40.561050798435325
            ],
            [
              -124.35212224326189,
              40.56100073928692
            ],
            [
              -124.35015479547435,
              40.56077581407894
            ],
            [
              -124.34926091235484,
              40.56071415370955
            ],
            [
              -124.34841129012197,
              40.560773756560195
            ],
            [
              -124.34744595811057,
              40.560739934885845
            ],
            [
              -124.34658975819367,
              40.56083105103697
            ],
            [
              -124.3461579249844,
              40.56090389726934
            ],
            [
              -124.34514533479937,
              40.56114046545894
            ],
            [
              -124.34431994069037,
              40.56152911609973
            ],
            [
              -124.34357498879771,
              40.56199692586267
            ],
            [
              -124.34272868026181,
              40.56230852884706
            ],
            [
              -124.34208933985457,
              40.562486951771874
            ],
            [
              -124.34138469448364,
              40.5625808756106
            ],
            [
              -124.34082267687089,
              40.56261403298242
            ],
            [
              -124.33983420874344,
              40.56250884174065
            ],
            [
              -124.33824788566666,
              40.562270410895515
            ],
            [
              -124.33723035636393,
              40.56205633851982
            ],
            [
              -124.33620565455323,
              40.56180249827862
            ],
            [
              -124.3354402738108,
              40.56169059236709
            ],
            [
              -124.33476291866492,
              40.56151307442862
            ],
            [
              -124.33272805175467,
              40.56039687833444
            ],
            [
              -124.3322715396098,
              40.56001499088112
            ],
            [
              -124.33197264721827,
              40.55964424029299
            ],
            [
              -124.33145858774337,
              40.55921395264459
            ],
            [
              -124.33072575370674,
              40.55867716988801
            ],
            [
              -124.32997252406474,
              40.55816337964818
            ],
            [
              -124.3289095267687,
              40.55765753889455
            ],
            [
              -124.32728445399798,
              40.557207628093124
            ],
            [
              -124.32587031074043,
              40.55689992118685
            ],
            [
              -124.32376094026385,
              40.5560772222851
            ],
            [
              -124.32296661261404,
              40.555838079204754
            ],
            [
              -124.32229554339936,
              40.55568363433731
            ],
            [
              -124.32149979196527,
              40.55539582601235
            ],
            [
              -124.3208711534822,
              40.555024690905995
            ],
            [
              -124.31987387275785,
              40.554670880531084
            ],
            [
              -124.31827797805006,
              40.55495989979605
            ],
            [
              -124.31774001922429,
              40.55517242863115
            ],
            [
              -124.31722127316566,
              40.55525526693549
            ],
            [
              -124.31659528656888,
              40.55528068038738
            ],
            [
              -124.31573778160416,
              40.55523215950699
            ],
            [
              -124.31531182229082,
              40.5551061050473
            ],
            [
              -124.31494319001283,
              40.554889028513315
            ],
            [
              -124.31363490404655,
              40.55437299318531
            ],
            [
              -124.31298907221685,
              40.5538491555314
            ],
            [
              -124.31254479960624,
              40.5532549328198
            ],
            [
              -124.31224522043497,
              40.5527714854102
            ],
            [
              -124.3121750687027,
              40.55202934405346
            ],
            [
              -124.31228306483708,
              40.5511905489001
            ],
            [
              -124.3122960222909,
              40.550294237090796
            ],
            [
              -124.31250614234189,
              40.547800457792704
            ],
            [
              -124.31251508776761,
              40.547133874558796
            ],
            [
              -124.31248228438751,
              40.546683446989924
            ],
            [
              -124.3119052777368,
              40.54487960450236
            ],
            [
              -124.31166640167919,
              40.54475633184789
            ],
            [
              -124.3111170699716,
              40.54454186625965
            ],
            [
              -124.3096703889422,
              40.54289105934136
            ],
            [
              -124.30870660113135,
              40.54212301325547
            ],
            [
              -124.30824567344477,
              40.54127271124896
            ],
            [
              -124.30794406707908,
              40.54055577712387
            ],
            [
              -124.30752081695732,
              40.5397985673418
            ],
            [
              -124.3069029720772,
              40.53912132977368
            ],
            [
              -124.30598714269051,
              40.53896490021162
            ],
            [
              -124.30493591375054,
              40.53892725799928
            ],
            [
              -124.30338000076051,
              40.538791872275624
            ],
            [
              -124.30191082226473,
              40.53890333692745
            ],
            [
              -124.30101583732518,
              40.539412985480624
            ],
            [
              -124.3004910637483,
              40.53958525054782
            ],
            [
              -124.29955006779068,
              40.53978095381261
            ],
            [
              -124.29868613371,
              40.53989396476127
            ],
            [
              -124.29745510614482,
              40.53979487255032
            ],
            [
              -124.29627764207919,
              40.539447973687565
            ],
            [
              -124.29566454913402,
              40.53931507619673
            ],
            [
              -124.29509966158123,
              40.53891176587951
            ],
            [
              -124.29418197482687,
              40.538400074749326
            ],
            [
              -124.29331506106602,
              40.53815228085082
            ],
            [
              -124.29230993644036,
              40.537641624654086
            ],
            [
              -124.29159579677821,
              40.537392193988964
            ],
            [
              -124.2907320332554,
              40.53737077326548
            ],
            [
              -124.28957542354169,
              40.53775328885392
            ],
            [
              -124.28861999342858,
              40.537998148699344
            ],
            [
              -124.2877999901299,
              40.53817322567257
            ],
            [
              -124.28568582334731,
              40.53848509803743
            ],
            [
              -124.28521976559544,
              40.538639226983
            ],
            [
              -124.28445721120328,
              40.53878724521772
            ],
            [
              -124.28367982466915,
              40.53880956028717
            ],
            [
              -124.28207328755818,
              40.53867846192894
            ],
            [
              -124.28155634896144,
              40.53884673824456
            ],
            [
              -124.28024649715478,
              40.53895581208594
            ],
            [
              -124.27948332215927,
              40.53891901088361
            ],
            [
              -124.27911598553798,
              40.53881984241262
            ],
            [
              -124.27701641978152,
              40.53746445317606
            ],
            [
              -124.2756796471174,
              40.53689382483533
            ],
            [
              -124.27494942213637,
              40.536414978854815
            ],
            [
              -124.27445101370236,
              40.53617801989142
            ],
            [
              -124.27361978710445,
              40.535889151145966
            ],
            [
              -124.27274756121717,
              40.53570561286274
            ],
            [
              -124.27166412015873,
              40.53530285670088
            ],
            [
              -124.27057280910543,
              40.53479246817132
            ],
            [
              -124.27008960044364,
              40.53463133052681
            ],
            [
              -124.26942373448283,
              40.53419728387761
            ],
            [
              -124.26846732297095,
              40.53345040834673
            ],
            [
              -124.26758626666371,
              40.53299192134344
            ],
            [
              -124.26740448885657,
              40.53273334534963
            ],
            [
              -124.26740722729932,
              40.53224195058028
            ],
            [
              -124.26781440485645,
              40.5308720842113
            ],
            [
              -124.26784568377963,
              40.530345332335834
            ],
            [
              -124.26828791355597,
              40.52983179678913
            ],
            [
              -124.26852179097497,
              40.52932878293153
            ],
            [
              -124.26863950075385,
              40.52868385537175
            ],
            [
              -124.26845283775346,
              40.527924015241425
            ],
            [
              -124.26766449031139,
              40.527333608849126
            ],
            [
              -124.2670560266165,
              40.52697589871057
            ],
            [
              -124.26702552150458,
              40.52667833915812
            ],
            [
              -124.26707870004464,
              40.52601591504907
            ],
            [
              -124.26706122699412,
              40.52570099648705
            ],
            [
              -124.26688450522141,
              40.5252526784683
            ],
            [
              -124.26669994169445,
              40.52462798376471
            ],
            [
              -124.26663812251473,
              40.52415599951551
            ],
            [
              -124.26661500454534,
              40.52298939438074
            ],
            [
              -124.26615373178879,
              40.522035318618904
            ],
            [
              -124.26528522467844,
              40.52137356904016
            ],
            [
              -124.2647372163185,
              40.520294583293534
            ],
            [
              -124.26418353949289,
              40.51949412566102
            ],
            [
              -124.26366335193592,
              40.51914858474981
            ],
            [
              -124.26423427056142,
              40.518633158294904
            ],
            [
              -124.26494283488009,
              40.51811132036338
            ],
            [
              -124.26567336130144,
              40.51761748752306
            ],
            [
              -124.26638245836385,
              40.51718660386611
            ],
            [
              -124.26720307551078,
              40.51710064954541
            ],
            [
              -124.26815245663572,
              40.51709420976493
            ],
            [
              -124.26869737566426,
              40.51684560213425
            ],
            [
              -124.27023696752066,
              40.515833454822804
            ],
            [
              -124.27068847239015,
              40.5156167784548
            ],
            [
              -124.27118400053082,
              40.51542590957808
            ],
            [
              -124.27216928001016,
              40.51533425610255
            ],
            [
              -124.27381870985172,
              40.51543778697702
            ],
            [
              -124.27561723590327,
              40.51537330667759
            ],
            [
              -124.2768105825356,
              40.515098671801866
            ],
            [
              -124.27749104831548,
              40.514821132210486
            ],
            [
              -124.27907608952418,
              40.51408674794306
            ],
            [
              -124.28005595127807,
              40.51333713536265
            ],
            [
              -124.28042751473512,
              40.51287360790424
            ],
            [
              -124.28102027450649,
              40.51231313138136
            ],
            [
              -124.28165124709285,
              40.51197332233799
            ],
            [
              -124.28241891196116,
              40.51171696937353
            ],
            [
              -124.28411638612967,
              40.51159867170836
            ],
            [
              -124.28388056405481,
              40.51088931696595
            ],
            [
              -124.28380920885952,
              40.510084117685615
            ],
            [
              -124.28397443182632,
              40.50912285449554
            ],
            [
              -124.28393736446691,
              40.50812352603965
            ],
            [
              -124.28366711408543,
              40.5068519183038
            ],
            [
              -124.28332065374045,
              40.505707191082415
            ],
            [
              -124.28273623400739,
              40.504695183101525
            ],
            [
              -124.2826751713523,
              40.50421868110484
            ],
            [
              -124.28276116509143,
              40.50332158121788
            ],
            [
              -124.28287853012421,
              40.502730458912254
            ],
            [
              -124.28292437923474,
              40.502089963368725
            ],
            [
              -124.28240814960836,
              40.50142435128414
            ],
            [
              -124.28218267345744,
              40.50118789768227
            ],
            [
              -124.28195225378046,
              40.50110484842935
            ],
            [
              -124.2813612934627,
              40.501021571321246
            ],
            [
              -124.28006652599701,
              40.50104988897282
            ],
            [
              -124.27733351125815,
              40.501282145670444
            ],
            [
              -124.27577302398917,
              40.50135393302462
            ],
            [
              -124.27439090085751,
              40.501346338343396
            ],
            [
              -124.27296371107701,
              40.501019671090305
            ],
            [
              -124.27194600160672,
              40.5006842669951
            ],
            [
              -124.27097273911887,
              40.50042028666321
            ],
            [
              -124.27031050427578,
              40.50034193957461
            ],
            [
              -124.26890654907152,
              40.50030824761911
            ],
            [
              -124.26744505526707,
              40.50019371703929
            ],
            [
              -124.26667778967258,
              40.49991811623797
            ],
            [
              -124.26573409196287,
              40.49979730308865
            ],
            [
              -124.26501858637467,
              40.49951708885934
            ],
            [
              -124.26429711989029,
              40.499322719667255
            ],
            [
              -124.26282764896054,
              40.49907232835704
            ],
            [
              -124.26188867964,
              40.49866821365156
            ],
            [
              -124.26093326193734,
              40.49804834118313
            ],
            [
              -124.26036933557258,
              40.49775303919383
            ],
            [
              -124.25943810510219,
              40.49746131348974
            ],
            [
              -124.25819262858427,
              40.49742939281226
            ],
            [
              -124.25708669859971,
              40.49759888999977
            ],
            [
              -124.25608155194051,
              40.497875894153935
            ],
            [
              -124.25518272833436,
              40.497971514319026
            ],
            [
              -124.25426920781337,
              40.49791803693756
            ],
            [
              -124.2523675353099,
              40.49770938489865
            ],
            [
              -124.25104365089342,
              40.4977682700706
            ],
            [
              -124.24944545132831,
              40.49765512994749
            ],
            [
              -124.24844939501887,
              40.497345844483235
            ],
            [
              -124.24692639276302,
              40.49656500185758
            ],
            [
              -124.24572090915069,
              40.496226806589725
            ],
            [
              -124.24467561280454,
              40.49618426612591
            ],
            [
              -124.24382396395102,
              40.49597706470198
            ],
            [
              -124.2433109456622,
              40.49554135732394
            ],
            [
              -124.2431301844341,
              40.495259076411585
            ],
            [
              -124.24181584071314,
              40.49437273443934
            ],
            [
              -124.24082660850999,
              40.49347357275787
            ],
            [
              -124.24008996724844,
              40.49259027330873
            ],
            [
              -124.23949743969816,
              40.49172261373163
            ],
            [
              -124.23910738649974,
              40.49129423011716
            ],
            [
              -124.23723049469345,
              40.49023777700926
            ],
            [
              -124.2365014619628,
              40.489740690152495
            ],
            [
              -124.23616990053009,
              40.48932128668275
            ],
            [
              -124.23551122439115,
              40.48831870335241
            ],
            [
              -124.23467480288654,
              40.48778299648049
            ],
            [
              -124.23395988221675,
              40.487489099198626
            ],
            [
              -124.23308655976754,
              40.486952980227024
            ],
            [
              -124.23190261749944,
              40.48612800733745
            ],
            [
              -124.23129685061326,
              40.48544104418264
            ],
            [
              -124.23017114908401,
              40.484948441270994
            ],
            [
              -124.22979442799137,
              40.48417788078456
            ],
            [
              -124.22930217024503,
              40.482624515495374
            ],
            [
              -124.22891170379395,
              40.48174542830807
            ],
            [
              -124.22827658914707,
              40.481054101659765
            ],
            [
              -124.22741698134683,
              40.48034677234455
            ],
            [
              -124.22685488018065,
              40.48000172016888
            ],
            [
              -124.22624865380912,
              40.479728560882705
            ],
            [
              -124.22445943061696,
              40.47900893512785
            ],
            [
              -124.2226564352628,
              40.478375394809106
            ],
            [
              -124.22156731443263,
              40.47791838132982
            ],
            [
              -124.22077356942273,
              40.47754791816471
            ],
            [
              -124.21989397118915,
              40.47719757587021
            ],
            [
              -124.21919332484124,
              40.476803943802246
            ],
            [
              -124.21886812233966,
              40.47643359729425
            ],
            [
              -124.21777785220868,
              40.47489968959393
            ],
            [
              -124.21748176833822,
              40.474421018716285
            ],
            [
              -124.2169686253239,
              40.47331367169128
            ],
            [
              -124.21662910957139,
              40.472019875665026
            ],
            [
              -124.21610093577708,
              40.470755290862996
            ],
            [
              -124.21568180428869,
              40.47008899119154
            ],
            [
              -124.2146353538574,
              40.469063432348776
            ],
            [
              -124.21365326701728,
              40.46845228610608
            ],
            [
              -124.2126010462794,
              40.468017599872304
            ],
            [
              -124.21220495172912,
              40.468031048611024
            ],
            [
              -124.21179923431487,
              40.467062320442864
            ],
            [
              -124.21166229595984,
              40.46643317350663
            ],
            [
              -124.21125781533722,
              40.46592858098959
            ],
            [
              -124.21007354828731,
              40.464035307452235
            ],
            [
              -124.20944533711177,
              40.463158880232214
            ],
            [
              -124.20893964347582,
              40.46248029122856
            ],
            [
              -124.2076265548952,
              40.460849103767266
            ],
            [
              -124.20590178786355,
              40.45899381552905
            ],
            [
              -124.20484110043417,
              40.457977999195876
            ],
            [
              -124.20334816102368,
              40.45694328050345
            ],
            [
              -124.2027858247557,
              40.45672880802761
            ],
            [
              -124.20155368240083,
              40.45652550248372
            ],
            [
              -124.20022760467768,
              40.45636847101659
            ],
            [
              -124.1990091532663,
              40.4563629615387
            ],
            [
              -124.19706978995693,
              40.45651761103807
            ],
            [
              -124.19373257582521,
              40.45635842748483
            ],
            [
              -124.19300436457446,
              40.45638023855646
            ],
            [
              -124.19209603864226,
              40.45630390462803
            ],
            [
              -124.19139672001621,
              40.45594614299759
            ],
            [
              -124.19076886118881,
              40.455376105389185
            ],
            [
              -124.18955043550326,
              40.453956213967466
            ],
            [
              -124.1883401284809,
              40.453351452828
            ],
            [
              -124.18714905305825,
              40.45288156764953
            ],
            [
              -124.18686123827077,
              40.45270029198968
            ],
            [
              -124.18519630231253,
              40.4519424519528
            ],
            [
              -124.18433717421412,
              40.45137033179617
            ],
            [
              -124.18381145441583,
              40.451136543701274
            ],
            [
              -124.18216755547701,
              40.4506269489988
            ],
            [
              -124.18007644058034,
              40.449805936034174
            ],
            [
              -124.17809435207697,
              40.449690477915254
            ],
            [
              -124.17584621018813,
              40.449852966400535
            ],
            [
              -124.17495290179129,
              40.44983066589972
            ],
            [
              -124.17383580282679,
              40.45005841985898
            ],
            [
              -124.17207115939243,
              40.450868748059925
            ],
            [
              -124.17069416082346,
              40.4514054696521
            ],
            [
              -124.16892248698653,
              40.45223459598145
            ],
            [
              -124.1684458061328,
              40.452320192435934
            ],
            [
              -124.16812264884713,
              40.45230570601413
            ],
            [
              -124.1679990121304,
              40.45204141248768
            ],
            [
              -124.16775471782148,
              40.4508091159696
            ],
            [
              -124.16744411913834,
              40.450231134430034
            ],
            [
              -124.1662605988444,
              40.449292912065076
            ],
            [
              -124.16545319019438,
              40.44838628020686
            ],
            [
              -124.16456719551717,
              40.44750367834856
            ],
            [
              -124.16277249155165,
              40.447156658728936
            ],
            [
              -124.16066796502606,
              40.4470839119791
            ],
            [
              -124.15952165656394,
              40.44711785524364
            ],
            [
              -124.15854170905695,
              40.447249032641196
            ],
            [
              -124.15752625830162,
              40.44723716411655
            ],
            [
              -124.15666819276967,
              40.447172995364454
            ],
            [
              -124.15587521157124,
              40.44729786720257
            ],
            [
              -124.15418271095062,
              40.4474906333847
            ],
            [
              -124.15217077885214,
              40.44741213069554
            ],
            [
              -124.1501165583602,
              40.44743216526152
            ],
            [
              -124.14929617842998,
              40.447548902907165
            ],
            [
              -124.14804934409595,
              40.4475788109637
            ],
            [
              -124.14549100193366,
              40.44741112799381
            ],
            [
              -124.14453974587322,
              40.447573632098944
            ],
            [
              -124.14366008144492,
              40.447911173776724
            ],
            [
              -124.14335347996668,
              40.44791438288772
            ],
            [
              -124.14182922108033,
              40.446969306221604
            ],
            [
              -124.14122434387434,
              40.44650277189616
            ],
            [
              -124.14066201441095,
              40.446161006247955
            ],
            [
              -124.13997656282314,
              40.44569069555813
            ],
            [
              -124.1394366993301,
              40.4454706930448
            ],
            [
              -124.13869423344161,
              40.4453253627085
            ],
            [
              -124.13798093307848,
              40.44498044582528
            ],
            [
              -124.1374255246927,
              40.44449505863531
            ],
            [
              -124.13677064755436,
              40.4437265465057
            ],
            [
              -124.13548798790724,
              40.44187001449323
            ],
            [
              -124.13502016978558,
              40.441090736180485
            ],
            [
              -124.13439957828405,
              40.43977292985723
            ],
            [
              -124.1341406685083,
              40.43910019466972
            ],
            [
              -124.13303012243787,
              40.43742099477215
            ],
            [
              -124.13258364778652,
              40.43654270312331
            ],
            [
              -124.13239700624521,
              40.43573404035638
            ],
            [
              -124.13229633094657,
              40.434635798851126
            ],
            [
              -124.13223088486713,
              40.432947099107494
            ],
            [
              -124.13226057164096,
              40.43253684256261
            ],
            [
              -124.1324835450828,
              40.431548083241786
            ],
            [
              -124.13249776814709,
              40.429872792747815
            ],
            [
              -124.13247713660473,
              40.429201977899574
            ],
            [
              -124.13237550053678,
              40.42829331697744
            ],
            [
              -124.13228245575553,
              40.427987165476466
            ],
            [
              -124.1320445981716,
              40.42726865495973
            ],
            [
              -124.13101338752112,
              40.42672982775501
            ],
            [
              -124.13049506286288,
              40.426406295577
            ],
            [
              -124.12943671454919,
              40.425146448473846
            ],
            [
              -124.12891071406419,
              40.424610476815005
            ],
            [
              -124.12844957998449,
              40.42419685248135
            ],
            [
              -124.1279028647281,
              40.42376889011374
            ],
            [
              -124.12756378680609,
              40.42340783318305
            ],
            [
              -124.12726819073094,
              40.422819976045076
            ],
            [
              -124.12656333461796,
              40.42183590477905
            ],
            [
              -124.12632269096092,
              40.42175296401624
            ],
            [
              -124.12503929488616,
              40.4209005180536
            ],
            [
              -124.12461146116338,
              40.42049478253678
            ],
            [
              -124.1241112274026,
              40.41995064633942
            ],
            [
              -124.12384982526432,
              40.41960614027759
            ],
            [
              -124.1231412822188,
              40.41920325738591
            ],
            [
              -124.12234043880315,
              40.418868527081976
            ],
            [
              -124.12174838170348,
              40.4185817493061
            ],
            [
              -124.12124907597871,
              40.418221777707075
            ],
            [
              -124.1209656577261,
              40.417904745981986
            ],
            [
              -124.12076951027473,
              40.4175281987972
            ],
            [
              -124.12026290737359,
              40.41718197863622
            ],
            [
              -124.11945866310498,
              40.41726616596144
            ],
            [
              -124.11877959198445,
              40.41774954255322
            ],
            [
              -124.11779695232947,
              40.41884462109446
            ],
            [
              -124.11738228134891,
              40.41906487711397
            ],
            [
              -124.1163934254417,
              40.41944838079308
            ],
            [
              -124.11436749560401,
              40.42037359046687
            ],
            [
              -124.11274662172511,
              40.421655162237
            ],
            [
              -124.11220909923178,
              40.42186762439285
            ],
            [
              -124.11082443812133,
              40.42224085747426
            ],
            [
              -124.11001416712155,
              40.422491923752474
            ],
            [
              -124.10917699996145,
              40.42287401351932
            ],
            [
              -124.10816755797778,
              40.42339700068791
            ],
            [
              -124.10745727430344,
              40.423625022581845
            ],
            [
              -124.10692831404215,
              40.42355327468877
            ],
            [
              -124.10590967818707,
              40.42341406456703
            ],
            [
              -124.10497238890738,
              40.42304486508985
            ],
            [
              -124.10433019829365,
              40.4227444721336
            ],
            [
              -124.10377387303343,
              40.422443763223846
            ],
            [
              -124.10317610669962,
              40.42223738378811
            ],
            [
              -124.10229791005929,
              40.42203913535883
            ],
            [
              -124.10089527614662,
              40.42199823948458
            ],
            [
              -124.0995740992266,
              40.4221591065403
            ],
            [
              -124.09777885534075,
              40.42232578844435
            ],
            [
              -124.09735478325666,
              40.42240092055286
            ],
            [
              -124.09669062323474,
              40.422128239560415
            ],
            [
              -124.09567282354797,
              40.42156616890335
            ],
            [
              -124.09500144296108,
              40.42112670020322
            ],
            [
              -124.09416339396074,
              40.42073808563781
            ],
            [
              -124.0930673262595,
              40.42035600835037
            ],
            [
              -124.09170641885106,
              40.42000887366877
            ],
            [
              -124.09036029214225,
              40.41983248137046
            ],
            [
              -124.08982164189479,
              40.41979701392044
            ],
            [
              -124.08857616037896,
              40.419529122557634
            ],
            [
              -124.08838816461223,
              40.41939195043644
            ],
            [
              -124.0877623126886,
              40.41937908216299
            ],
            [
              -124.0865046939412,
              40.419418008355564
            ],
            [
              -124.08585873950997,
              40.41950606221909
            ],
            [
              -124.08444640142271,
              40.419977907933145
            ],
            [
              -124.08360415232762,
              40.41987328047486
            ],
            [
              -124.08249618486978,
              40.41882087211788
            ],
            [
              -124.08177990418295,
              40.418210722108
            ],
            [
              -124.08097777411959,
              40.41765945408626
            ],
            [
              -124.07953773991143,
              40.41732577770333
            ],
            [
              -124.07728692466053,
              40.41732040500685
            ],
            [
              -124.07614601650063,
              40.417461564522725
            ],
            [
              -124.07559880978754,
              40.41739846306887
            ],
            [
              -124.07492556778737,
              40.41683754984821
            ],
            [
              -124.0745379670679,
              40.415962491537464
            ],
            [
              -124.0743179231953,
              40.41532078405291
            ],
            [
              -124.07388836922705,
              40.41473441532758
            ],
            [
              -124.07333718615136,
              40.414095705440175
            ],
            [
              -124.07239041614146,
              40.412464741864675
            ],
            [
              -124.07216112470871,
              40.4117233460897
            ],
            [
              -124.07183195843159,
              40.41094272027802
            ],
            [
              -124.07112867938912,
              40.410160831251844
            ],
            [
              -124.07007357482658,
              40.409472760469214
            ],
            [
              -124.06908579935562,
              40.409044677483216
            ],
            [
              -124.06811278823349,
              40.40874763917078
            ],
            [
              -124.06748528665997,
              40.4083888475655
            ],
            [
              -124.06708493019276,
              40.407789099642414
            ],
            [
              -124.06694649312047,
              40.40747000574812
            ],
            [
              -124.06676920525942,
              40.40687279641267
            ],
            [
              -124.06629798414545,
              40.40633678363816
            ],
            [
              -124.06389350478959,
              40.4058720595407
            ],
            [
              -124.0617013548668,
              40.4049282742143
            ],
            [
              -124.06063446895584,
              40.40453314082968
            ],
            [
              -124.05964839941889,
              40.40425815686259
            ],
            [
              -124.05851268682909,
              40.404146641697935
            ],
            [
              -124.05636945776895,
              40.40405372683713
            ],
            [
              -124.0543703352086,
              40.40379722695424
            ],
            [
              -124.05382854187503,
              40.403532161399255
            ],
            [
              -124.0524262035659,
              40.402409720392605
            ],
            [
              -124.04817776540246,
              40.40025928240176
            ],
            [
              -124.04638914382966,
              40.400054648298145
            ],
            [
              -124.04595439150997,
              40.39982465331959
            ],
            [
              -124.04545981552835,
              40.39914399236917
            ],
            [
              -124.04512557137191,
              40.398602589918355
            ],
            [
              -124.04453235546131,
              40.398009075297786
            ],
            [
              -124.04232094924703,
              40.39637498161117
            ],
            [
              -124.04171831255796,
              40.395678101636705
            ],
            [
              -124.04137920751053,
              40.395365566653524
            ],
            [
              -124.0408423798833,
              40.39474513304962
            ],
            [
              -124.04078781321233,
              40.39415010207866
            ],
            [
              -124.04096218271916,
              40.39340535056467
            ],
            [
              -124.04100769456701,
              40.39270284258009
            ],
            [
              -124.04081546369541,
              40.392024144391875
            ],
            [
              -124.04057456324274,
              40.39149010233273
            ],
            [
              -124.0405769010152,
              40.39083210295514
            ],
            [
              -124.0413253402255,
              40.390068636989426
            ],
            [
              -124.041723708864,
              40.38960161336398
            ],
            [
              -124.04185538220217,
              40.38881209115898
            ],
            [
              -124.0423123653019,
              40.38842512694603
            ],
            [
              -124.04296308686952,
              40.38800452340738
            ],
            [
              -124.04332512788937,
              40.387474482296355
            ],
            [
              -124.04342608467138,
              40.386478067269806
            ],
            [
              -124.04333310709889,
              40.38559138225899
            ],
            [
              -124.04332878450172,
              40.38500569982745
            ],
            [
              -124.04417495408626,
              40.3848133159634
            ],
            [
              -124.04479227656138,
              40.38474529028824
            ],
            [
              -124.04515074808906,
              40.384620091776085
            ],
            [
              -124.04550735230787,
              40.38431016898146
            ],
            [
              -124.0457417055184,
              40.38394819713269
            ],
            [
              -124.04589706000233,
              40.38356375618969
            ],
            [
              -124.04626752244138,
              40.382136664123664
            ],
            [
              -124.04639376381652,
              40.381798211140804
            ],
            [
              -124.04670784883164,
              40.38155165546868
            ],
            [
              -124.04704515669388,
              40.38139109360308
            ],
            [
              -124.04730927636136,
              40.381199659514564
            ],
            [
              -124.04761131372318,
              40.38029555690222
            ],
            [
              -124.04810484611387,
              40.38005694327755
            ],
            [
              -124.04872294310795,
              40.379957326710276
            ],
            [
              -124.0492971876259,
              40.379943068750244
            ],
            [
              -124.04961937257045,
              40.37978212626353
            ],
            [
              -124.04988198158905,
              40.37941922345762
            ],
            [
              -124.05012696460523,
              40.37852993680624
            ],
            [
              -124.0503308107054,
              40.377978854115796
            ],
            [
              -124.05057199789589,
              40.37758877853547
            ],
            [
              -124.05083470646825,
              40.377036620326976
            ],
            [
              -124.0515297881257,
              40.37593602161752
            ],
            [
              -124.05172706755025,
              40.37547891869412
            ],
            [
              -124.05164635487407,
              40.37515542275375
            ],
            [
              -124.05140531338654,
              40.374698309028425
            ],
            [
              -124.05099212428655,
              40.37426568689011
            ],
            [
              -124.05060478655963,
              40.37364295039465
            ],
            [
              -124.05019085114486,
              40.37288026663087
            ],
            [
              -124.04997216314415,
              40.37207177488961
            ],
            [
              -124.04995678998652,
              40.37158559627812
            ],
            [
              -124.0501515703544,
              40.37099789680265
            ],
            [
              -124.0503583875976,
              40.37058670468787
            ],
            [
              -124.05055412209818,
              40.36997645499088
            ],
            [
              -124.05028761525831,
              40.36946581564015
            ],
            [
              -124.04967766481838,
              40.36888555531099
            ],
            [
              -124.04913198537498,
              40.36829588301754
            ],
            [
              -124.04881576145989,
              40.36774491159766
            ],
            [
              -124.04862492410481,
              40.36702564162651
            ],
            [
              -124.04851305483562,
              40.36626940473987
            ],
            [
              -124.04851269074733,
              40.365715994581016
            ],
            [
              -124.0487495543772,
              40.364681943155446
            ],
            [
              -124.04896331655507,
              40.36327434057179
            ],
            [
              -124.04898198394557,
              40.362409350926356
            ],
            [
              -124.04884097800311,
              40.36165859160898
            ],
            [
              -124.04849777938851,
              40.36051281680582
            ],
            [
              -124.04839210437402,
              40.35984737856298
            ],
            [
              -124.04842987650244,
              40.35917217755177
            ],
            [
              -124.0485852938034,
              40.35880994141506
            ],
            [
              -124.04984489930655,
              40.35758644417608
            ],
            [
              -124.05056694946937,
              40.356800423823024
            ],
            [
              -124.05066270618501,
              40.356655629915814
            ],
            [
              -124.05079748900714,
              40.35626735751052
            ],
            [
              -124.05109195826286,
              40.35577749572779
            ],
            [
              -124.05145338752577,
              40.35556290014994
            ],
            [
              -124.05194212812779,
              40.35553143029371
            ],
            [
              -124.05245095657972,
              40.3556347627623
            ],
            [
              -124.05274421642275,
              40.355735860923
            ],
            [
              -124.05399781793449,
              40.356552984307484
            ],
            [
              -124.05482984883697,
              40.35725295510517
            ],
            [
              -124.05553941077028,
              40.35794903027665
            ],
            [
              -124.05610890025017,
              40.35831342363326
            ],
            [
              -124.05660209176553,
              40.35851160841393
            ],
            [
              -124.05683151519806,
              40.35859084806123
            ],
            [
              -124.05868937488069,
              40.358766850747365
            ],
            [
              -124.05954264419516,
              40.358957159387636
            ],
            [
              -124.06017929627606,
              40.35917231776475
            ],
            [
              -124.06069543274371,
              40.359234808046445
            ],
            [
              -124.06126571341537,
              40.35904120891582
            ],
            [
              -124.06197533157355,
              40.35866562188645
            ],
            [
              -124.06409766939947,
              40.35736576701165
            ],
            [
              -124.06468358746332,
              40.35707702369876
            ],
            [
              -124.06525929302639,
              40.35708513824462
            ],
            [
              -124.06592528367236,
              40.35723256043624
            ],
            [
              -124.06699074552168,
              40.357614146724714
            ],
            [
              -124.0681521120607,
              40.357814825633376
            ],
            [
              -124.06867671073219,
              40.357778734760956
            ],
            [
              -124.06996301506305,
              40.35782999317431
            ],
            [
              -124.07042503068962,
              40.35772213753591
            ],
            [
              -124.07109731504539,
              40.35737812349081
            ],
            [
              -124.07153378397967,
              40.35692778575641
            ],
            [
              -124.07165902598936,
              40.35667921311076
            ],
            [
              -124.07202444162967,
              40.356261627444276
            ],
            [
              -124.07255028339775,
              40.356116466488444
            ],
            [
              -124.07356700141578,
              40.35644972550513
            ],
            [
              -124.07409729495295,
              40.3565936842437
            ],
            [
              -124.07452957890091,
              40.35642257551064
            ],
            [
              -124.07591421035119,
              40.35504061969889
            ],
            [
              -124.07639917309655,
              40.354738787073835
            ],
            [
              -124.07678266100967,
              40.35457745264178
            ],
            [
              -124.0772892768275,
              40.35426166954574
            ],
            [
              -124.07808916531866,
              40.35352952877231
            ],
            [
              -124.07915591988066,
              40.35277621061494
            ],
            [
              -124.07951884755784,
              40.352465998359115
            ],
            [
              -124.07983290443198,
              40.352098809059676
            ],
            [
              -124.07998824643153,
              40.351718535995396
            ],
            [
              -124.07973439233788,
              40.35080676983938
            ],
            [
              -124.07968309409799,
              40.35037951627476
            ],
            [
              -124.08007632362063,
              40.348907359412124
            ],
            [
              -124.0813439827985,
              40.347584089450066
            ],
            [
              -124.08235081084045,
              40.34640349886711
            ],
            [
              -124.08256635901743,
              40.34579789937811
            ],
            [
              -124.08269816973106,
              40.345085217046076
            ],
            [
              -124.08264051312707,
              40.34455903880784
            ],
            [
              -124.08225844814744,
              40.343593772445104
            ],
            [
              -124.08220684198375,
              40.3430764027863
            ],
            [
              -124.08222961215039,
              40.34245462134407
            ],
            [
              -124.08164125032023,
              40.34135644710437
            ],
            [
              -124.08117839372373,
              40.340734628689965
            ],
            [
              -124.08096452643056,
              40.34034965093154
            ],
            [
              -124.08037378245962,
              40.33960754648139
            ],
            [
              -124.07977099016,
              40.339004399004175
            ],
            [
              -124.07898065758282,
              40.33796695082947
            ],
            [
              -124.0784640158697,
              40.337493930618535
            ],
            [
              -124.07749458747485,
              40.336845406113135
            ],
            [
              -124.0770646590124,
              40.33649341419022
            ],
            [
              -124.07653959544352,
              40.33593587006151
            ],
            [
              -124.07636732213177,
              40.335635106205004
            ],
            [
              -124.07622452598777,
              40.33519089762427
            ],
            [
              -124.07620345654034,
              40.334646334192435
            ],
            [
              -124.07608046460416,
              40.334449562984226
            ],
            [
              -124.07539104395178,
              40.333843066930335
            ],
            [
              -124.07421486476935,
              40.332907571684466
            ],
            [
              -124.07384766639021,
              40.33247890190897
            ],
            [
              -124.07319438613096,
              40.33181374866139
            ],
            [
              -124.07158652546877,
              40.33049926471168
            ],
            [
              -124.07130669134342,
              40.330236418672726
            ],
            [
              -124.07082555366881,
              40.32965995126039
            ],
            [
              -124.07055256954624,
              40.32928869932383
            ],
            [
              -124.07033002560611,
              40.3289121346458
            ],
            [
              -124.07019426206507,
              40.32846767356419
            ],
            [
              -124.06959811018241,
              40.327139906354205
            ],
            [
              -124.06947620931435,
              40.32662767550154
            ],
            [
              -124.06940439393841,
              40.326082808961644
            ],
            [
              -124.06899528147042,
              40.325280617638334
            ],
            [
              -124.06886686540685,
              40.32488126534807
            ],
            [
              -124.06878097334797,
              40.324439651248476
            ],
            [
              -124.06881670666624,
              40.3241517782378
            ],
            [
              -124.06889622818353,
              40.323889765053245
            ],
            [
              -124.06912574695326,
              40.32334232611135
            ],
            [
              -124.06913962226733,
              40.3231300899948
            ],
            [
              -124.06893173237235,
              40.32288907496895
            ],
            [
              -124.06845851504038,
              40.32259653202568
            ],
            [
              -124.06825026082939,
              40.32239495301311
            ],
            [
              -124.068099455047,
              40.322180227504774
            ],
            [
              -124.06804218689484,
              40.32187457207434
            ],
            [
              -124.06806377379976,
              40.32164967974028
            ],
            [
              -124.06841515748859,
              40.320879962880724
            ],
            [
              -124.06855917409621,
              40.32000917537599
            ],
            [
              -124.06888953915288,
              40.31925845800501
            ],
            [
              -124.06901959378801,
              40.318847790908976
            ],
            [
              -124.06896126060813,
              40.318628053620415
            ],
            [
              -124.06867385125847,
              40.318314771050886
            ],
            [
              -124.06854617720025,
              40.31807281917983
            ],
            [
              -124.0683660732318,
              40.316588309177504
            ],
            [
              -124.06828039630692,
              40.3161700763837
            ],
            [
              -124.06810797041595,
              40.31580624494046
            ],
            [
              -124.06798636091798,
              40.315442700437984
            ],
            [
              -124.0679355230744,
              40.31504218665681
            ],
            [
              -124.06791507827138,
              40.31459224265885
            ],
            [
              -124.0679796881766,
              40.31423526076885
            ],
            [
              -124.0680299093398,
              40.31336562169534
            ],
            [
              -124.06798616471204,
              40.3128615150632
            ],
            [
              -124.06772191701712,
              40.31209429136919
            ],
            [
              -124.06755605872776,
              40.311302997408774
            ],
            [
              -124.06740560742672,
              40.31101589142641
            ],
            [
              -124.06716915397244,
              40.31036942485774
            ],
            [
              -124.06714047459103,
              40.31002239351174
            ],
            [
              -124.06719136590068,
              40.309774724423825
            ],
            [
              -124.06735580108075,
              40.309498112946926
            ],
            [
              -124.06761387026721,
              40.30932909445468
            ],
            [
              -124.06849710098582,
              40.30905955940935
            ],
            [
              -124.06874144466747,
              40.30888198239841
            ],
            [
              -124.06856917047203,
              40.30859925005118
            ],
            [
              -124.06794474758047,
              40.30824041705774
            ],
            [
              -124.06778692209139,
              40.30807070229735
            ],
            [
              -124.06761526322795,
              40.30777991991011
            ],
            [
              -124.06755091670038,
              40.30757743628882
            ],
            [
              -124.06724931594432,
              40.307219659413164
            ],
            [
              -124.06696869429629,
              40.30700624755153
            ],
            [
              -124.06657465936006,
              40.30678487690175
            ],
            [
              -124.0656270973357,
              40.306162613870086
            ],
            [
              -124.06532551821478,
              40.30603466047615
            ],
            [
              -124.06453566105463,
              40.30561898847661
            ],
            [
              -124.06418439626354,
              40.305464645753624
            ],
            [
              -124.06343805992849,
              40.305299884000746
            ],
            [
              -124.06305811491333,
              40.30515915956088
            ],
            [
              -124.06279244067159,
              40.30493624166292
            ],
            [
              -124.06267746381944,
              40.304716536348764
            ],
            [
              -124.06257005451947,
              40.30437576270066
            ],
            [
              -124.06254825535126,
              40.30417736318582
            ],
            [
              -124.06254833592394,
              40.3039881018185
            ],
            [
              -124.06267863540569,
              40.303180907252965
            ],
            [
              -124.0626574326758,
              40.30208660204776
            ],
            [
              -124.06253539798116,
              40.30174082741105
            ],
            [
              -124.06237705828364,
              40.30147664287708
            ],
            [
              -124.06221177605983,
              40.30129816048809
            ],
            [
              -124.06204714700243,
              40.30117739004536
            ],
            [
              -124.06148005479294,
              40.30097969784152
            ],
            [
              -124.06026088455539,
              40.30082057430769
            ],
            [
              -124.0589609666333,
              40.30073789588086
            ],
            [
              -124.0578564986291,
              40.30059034452905
            ],
            [
              -124.0576716097982,
              40.30036377289212
            ],
            [
              -124.05760532499181,
              40.30006051955359
            ],
            [
              -124.05756263038776,
              40.29887681631358
            ],
            [
              -124.05736141836664,
              40.29795065276406
            ],
            [
              -124.05732672785953,
              40.29739655001298
            ],
            [
              -124.0573977732794,
              40.297022056194706
            ],
            [
              -124.05760685452326,
              40.29647094586201
            ],
            [
              -124.05809516368512,
              40.295623991106496
            ],
            [
              -124.05827423681534,
              40.29518102440045
            ],
            [
              -124.05829656291309,
              40.294968518054965
            ],
            [
              -124.05824589239235,
              40.29469432247324
            ],
            [
              -124.05813891638361,
              40.294406764297655
            ],
            [
              -124.05789474550122,
              40.293994856023474
            ],
            [
              -124.05797402394538,
              40.29358402806096
            ],
            [
              -124.05807441362168,
              40.29331305712951
            ],
            [
              -124.05879262431357,
              40.292517976538264
            ],
            [
              -124.0589210760261,
              40.29215693825445
            ],
            [
              -124.05877767852469,
              40.29186959726615
            ],
            [
              -124.05799642101866,
              40.291268878021256
            ],
            [
              -124.05768781991553,
              40.29097440117636
            ],
            [
              -124.0571932380623,
              40.29027598285505
            ],
            [
              -124.05690567082839,
              40.289679766114695
            ],
            [
              -124.05626149047076,
              40.289023161827195
            ],
            [
              -124.05607411382886,
              40.288646286632506
            ],
            [
              -124.05579432839178,
              40.28833382645533
            ],
            [
              -124.0548978197515,
              40.28792780287263
            ],
            [
              -124.05466117198017,
              40.28769589388493
            ],
            [
              -124.05452487657448,
              40.28748941615602
            ],
            [
              -124.05450400289529,
              40.28717467399143
            ],
            [
              -124.05452503552422,
              40.28666930376792
            ],
            [
              -124.05459765917475,
              40.28621816768528
            ],
            [
              -124.0545829167247,
              40.285052572952885
            ],
            [
              -124.05464104443583,
              40.28476311315354
            ],
            [
              -124.05474155187915,
              40.28450114982649
            ],
            [
              -124.05488556625221,
              40.284234235928594
            ],
            [
              -124.05529412770773,
              40.28368547691209
            ],
            [
              -124.05628550320958,
              40.28280232210766
            ],
            [
              -124.05658335835832,
              40.28249066413002
            ],
            [
              -124.05619967031419,
              40.28228061412482
            ],
            [
              -124.05566791702097,
              40.28215920820328
            ],
            [
              -124.05504470101695,
              40.28175071302868
            ],
            [
              -124.05458466655932,
              40.281313355731115
            ],
            [
              -124.05391899496385,
              40.28052674072645
            ],
            [
              -124.05366737517826,
              40.28013212883752
            ],
            [
              -124.0533158882494,
              40.279464214666625
            ],
            [
              -124.05308665053964,
              40.278903959246314
            ],
            [
              -124.05287240427603,
              40.27805835357773
            ],
            [
              -124.05253526867729,
              40.27737730765897
            ],
            [
              -124.05232071280992,
              40.27715818432698
            ],
            [
              -124.05187550749473,
              40.277031235561665
            ],
            [
              -124.0512226859575,
              40.276974202962386
            ],
            [
              -124.05016126654854,
              40.27676743836932
            ],
            [
              -124.04976599268456,
              40.27664519729049
            ],
            [
              -124.0492003297903,
              40.27634377974812
            ],
            [
              -124.04814469210376,
              40.27602952144906
            ],
            [
              -124.04737757179954,
              40.27588791154754
            ],
            [
              -124.04671044201483,
              40.2758710051083
            ],
            [
              -124.04571266343547,
              40.27600641038465
            ],
            [
              -124.04500280561092,
              40.27600792683012
            ],
            [
              -124.04462921864405,
              40.27595790114474
            ],
            [
              -124.04370448297485,
              40.27566821227402
            ],
            [
              -124.04317414701381,
              40.275340402688755
            ],
            [
              -124.04272226772163,
              40.27513254235085
            ],
            [
              -124.04239895898239,
              40.27492865724886
            ],
            [
              -124.04220561129789,
              40.27477275852485
            ],
            [
              -124.04161754006675,
              40.27408818279542
            ],
            [
              -124.0407502822461,
              40.2734162460615
            ],
            [
              -124.04021204653255,
              40.27305165967695
            ],
            [
              -124.03841306929526,
              40.27210837811631
            ],
            [
              -124.03748739994951,
              40.2715761781217
            ],
            [
              -124.03575265836491,
              40.27104614443301
            ],
            [
              -124.03493390747623,
              40.270715914608985
            ],
            [
              -124.03423809869773,
              40.27050612306863
            ],
            [
              -124.03383668462297,
              40.270351643025435
            ],
            [
              -124.03358587319154,
              40.27016056360762
            ],
            [
              -124.03349929010352,
              40.26999934580172
            ],
            [
              -124.03341395640537,
              40.26967502562784
            ],
            [
              -124.03341410147505,
              40.26940015091848
            ],
            [
              -124.03353756362735,
              40.268994259043026
            ],
            [
              -124.03353767316082,
              40.26825528334051
            ],
            [
              -124.03347281205258,
              40.2680212490542
            ],
            [
              -124.03337289216618,
              40.26775233078337
            ],
            [
              -124.03286414990124,
              40.267148909231196
            ],
            [
              -124.03264160766103,
              40.26695705519289
            ],
            [
              -124.0318670685244,
              40.26655423689211
            ],
            [
              -124.03092718748702,
              40.266246921996014
            ],
            [
              -124.03021814792768,
              40.26610950224547
            ],
            [
              -124.02967201947067,
              40.265938037249875
            ],
            [
              -124.02896983021888,
              40.26556621486048
            ],
            [
              -124.02787976941204,
              40.26469334137332
            ],
            [
              -124.02751493306565,
              40.26420955658585
            ],
            [
              -124.02726457895977,
              40.26396001932759
            ],
            [
              -124.02638211950027,
              40.26320189391933
            ],
            [
              -124.02540799747327,
              40.2625081672496
            ],
            [
              -124.02512120166229,
              40.26225798473596
            ],
            [
              -124.02480531994013,
              40.26188708485313
            ],
            [
              -124.02454784030922,
              40.26164130000431
            ],
            [
              -124.02416065367566,
              40.2612979290395
            ],
            [
              -124.02374480079004,
              40.26099518835982
            ],
            [
              -124.02329322204672,
              40.26077007174957
            ],
            [
              -124.02249007151188,
              40.26043937139383
            ],
            [
              -124.02056097965924,
              40.25999208917984
            ],
            [
              -124.01890455262755,
              40.25940774479251
            ],
            [
              -124.01850970965404,
              40.25937016503286
            ],
            [
              -124.01833739970184,
              40.259579368087444
            ],
            [
              -124.01826650549836,
              40.25976021421741
            ],
            [
              -124.01745496037832,
              40.260645363059226
            ],
            [
              -124.01724637688929,
              40.26080984207685
            ],
            [
              -124.01611936387194,
              40.26139165492461
            ],
            [
              -124.01579652729826,
              40.26159222997866
            ],
            [
              -124.0154383298997,
              40.26192474975764
            ],
            [
              -124.01489256479647,
              40.26216409773206
            ],
            [
              -124.01437589698335,
              40.26235742956636
            ],
            [
              -124.01385204598009,
              40.26250156686483
            ],
            [
              -124.01264700654943,
              40.262610930001244
            ],
            [
              -124.0121371887675,
              40.26262928828266
            ],
            [
              -124.01121920118123,
              40.26254275774986
            ],
            [
              -124.00972782192824,
              40.262222600510846
            ],
            [
              -124.0092115319861,
              40.26203742058627
            ],
            [
              -124.00852377680225,
              40.261624454040124
            ],
            [
              -124.00789221482884,
              40.26139610641478
            ],
            [
              -124.00761250954525,
              40.261339406968396
            ],
            [
              -124.00694539128936,
              40.26135918427395
            ],
            [
              -124.00647254215421,
              40.261407863597874
            ],
            [
              -124.0061572327283,
              40.26132529413951
            ],
            [
              -124.00575475655482,
              40.2610499493496
            ],
            [
              -124.0047379291811,
              40.260197880881044
            ],
            [
              -124.00445869127627,
              40.25988967876019
            ],
            [
              -124.00394982556985,
              40.25905187612068
            ],
            [
              -124.00375718927987,
              40.25888689383403
            ],
            [
              -124.00344862178419,
              40.25879957824224
            ],
            [
              -124.00292529262653,
              40.25882636480984
            ],
            [
              -124.00258801970791,
              40.258878819580254
            ],
            [
              -124.00196351535595,
              40.258731310525114
            ],
            [
              -124.00169187957437,
              40.258567182343576
            ],
            [
              -124.0014553753137,
              40.25835306475979
            ],
            [
              -124.00121447581344,
              40.258039113374146
            ],
            [
              -124.00093416214938,
              40.258037473160265
            ],
            [
              -124.0006471281427,
              40.257994376209375
            ],
            [
              -124.00008477190288,
              40.257806275946095
            ],
            [
              -123.9998227314517,
              40.2573893575159
            ],
            [
              -123.99974746083613,
              40.25698443282786
            ],
            [
              -123.99963076600544,
              40.256742225302666
            ],
            [
              -123.9992392796768,
              40.256344827265295
            ],
            [
              -123.99884387657995,
              40.25630353113801
            ],
            [
              -123.99858611035786,
              40.256364110008235
            ],
            [
              -123.99776358746759,
              40.25672678763367
            ],
            [
              -123.9971204921612,
              40.25693513085959
            ],
            [
              -123.99674066012288,
              40.257109608886324
            ],
            [
              -123.99639785199541,
              40.257315279903544
            ],
            [
              -123.99589036316672,
              40.25752274321687
            ],
            [
              -123.99497315792435,
              40.25772892716759
            ],
            [
              -123.99379260667834,
              40.258175243613415
            ],
            [
              -123.99350687189909,
              40.25830893204418
            ],
            [
              -123.99327043037589,
              40.25836962337706
            ],
            [
              -123.99297597680408,
              40.25834490871721
            ],
            [
              -123.99275934505037,
              40.25817082920584
            ],
            [
              -123.99238741163478,
              40.25759340703857
            ],
            [
              -123.99206159400869,
              40.257212767034375
            ],
            [
              -123.99172156163111,
              40.25695437476995
            ],
            [
              -123.99066077800823,
              40.25636945565349
            ],
            [
              -123.98998169435083,
              40.25585698746289
            ],
            [
              -123.98885166695283,
              40.255442843584305
            ],
            [
              -123.98834728362093,
              40.255298722485264
            ],
            [
              -123.9880098275796,
              40.255260876453875
            ],
            [
              -123.98628543364279,
              40.25521279663048
            ],
            [
              -123.98626286740685,
              40.254928807187355
            ],
            [
              -123.98636507915583,
              40.2543063985934
            ],
            [
              -123.98654582507459,
              40.253674262071115
            ],
            [
              -123.98667025203592,
              40.25304746522339
            ],
            [
              -123.98683834543203,
              40.25259964736896
            ],
            [
              -123.9869844012767,
              40.25122883261106
            ],
            [
              -123.98696787053821,
              40.250995070525555
            ],
            [
              -123.98718265037004,
              40.25010585745679
            ],
            [
              -123.98719892564478,
              40.24960603357893
            ],
            [
              -123.98713718648752,
              40.24923235845743
            ],
            [
              -123.98715869122248,
              40.24885402599205
            ],
            [
              -123.98769656284904,
              40.248110405834204
            ],
            [
              -123.98816911339765,
              40.247696845715886
            ],
            [
              -123.98829491938419,
              40.24749721582669
            ],
            [
              -123.98858298961777,
              40.24649030997829
            ],
            [
              -123.9887948254705,
              40.245956295502744
            ],
            [
              -123.98891409789191,
              40.24581192885
            ],
            [
              -123.9891696491668,
              40.2456918848125
            ],
            [
              -123.98959943309971,
              40.24569788402327
            ],
            [
              -123.99072056809781,
              40.24584563462617
            ],
            [
              -123.99160891229796,
              40.24586555111369
            ],
            [
              -123.99203725265174,
              40.24575810474491
            ],
            [
              -123.99299057437165,
              40.24540292599986
            ],
            [
              -123.9938629986361,
              40.244899827123135
            ],
            [
              -123.99408897790367,
              40.244704136406675
            ],
            [
              -123.99424944672428,
              40.24449985610932
            ],
            [
              -123.99437316752012,
              40.2442290299238
            ],
            [
              -123.99442375395215,
              40.24388594890263
            ],
            [
              -123.99441893251365,
              40.242876803342156
            ],
            [
              -123.99418452411274,
              40.24189210596893
            ],
            [
              -123.99397729163192,
              40.24154734674554
            ],
            [
              -123.99336914975582,
              40.24088576522547
            ],
            [
              -123.9928425487261,
              40.23993585740806
            ],
            [
              -123.99269619595529,
              40.23941422860624
            ],
            [
              -123.99265791217364,
              40.23893250092813
            ],
            [
              -123.99255848779435,
              40.238595943318685
            ],
            [
              -123.99230406138547,
              40.23803461686915
            ],
            [
              -123.99219575936053,
              40.237629912715086
            ],
            [
              -123.9921983281983,
              40.2374225558217
            ],
            [
              -123.99235423077636,
              40.236962448092385
            ],
            [
              -123.99239925519836,
              40.23666447018816
            ],
            [
              -123.99237868036991,
              40.236357886883724
            ],
            [
              -123.99211924427131,
              40.235531849710476
            ],
            [
              -123.99197643159555,
              40.23520837533223
            ],
            [
              -123.99166952680723,
              40.23484163982298
            ],
            [
              -123.99134390688933,
              40.2343763648382
            ],
            [
              -123.99099074652673,
              40.23349647165099
            ],
            [
              -123.99065886289256,
              40.23225540179377
            ],
            [
              -123.99069034412322,
              40.23201206626166
            ],
            [
              -123.99084880183523,
              40.231732115560355
            ],
            [
              -123.99135988640815,
              40.23111903450331
            ],
            [
              -123.99167989808538,
              40.23060773523137
            ],
            [
              -123.99207123727024,
              40.22934249953877
            ],
            [
              -123.992200645936,
              40.228634452164975
            ],
            [
              -123.99216311279903,
              40.228166213720534
            ],
            [
              -123.9920125814091,
              40.22780244432027
            ],
            [
              -123.99187906012706,
              40.22753374321865
            ],
            [
              -123.99131400879416,
              40.22684456575391
            ],
            [
              -123.99122376922573,
              40.22663389383195
            ],
            [
              -123.99116733068018,
              40.22633649831222
            ],
            [
              -123.99122783171964,
              40.22609307610494
            ],
            [
              -123.99151319037455,
              40.22569455165772
            ],
            [
              -123.9918927331981,
              40.225303820069406
            ],
            [
              -123.99284645913022,
              40.22461969662436
            ],
            [
              -123.99341646333976,
              40.22409665061507
            ],
            [
              -123.99355072089988,
              40.223564289825674
            ],
            [
              -123.99377033587984,
              40.22332023182849
            ],
            [
              -123.99308790566653,
              40.22299617378946
            ],
            [
              -123.99271080045149,
              40.22276955503029
            ],
            [
              -123.99030062640814,
              40.2211460015067
            ],
            [
              -123.98993165432857,
              40.2209596405544
            ],
            [
              -123.98948558769574,
              40.22080197198993
            ],
            [
              -123.98914046328021,
              40.22075537638941
            ],
            [
              -123.98872533392839,
              40.22079945678231
            ],
            [
              -123.98771571784418,
              40.221195158437844
            ],
            [
              -123.98720173273048,
              40.22128016201066
            ],
            [
              -123.98659072832415,
              40.22120438971793
            ],
            [
              -123.98618728086454,
              40.221100239963405
            ],
            [
              -123.98575325704692,
              40.22088711803877
            ],
            [
              -123.98530584602719,
              40.220724956518225
            ],
            [
              -123.98491058060328,
              40.220642076374965
            ],
            [
              -123.98411466629756,
              40.220585777629616
            ],
            [
              -123.98360422094684,
              40.22050042129385
            ],
            [
              -123.98244286015907,
              40.21969977302499
            ],
            [
              -123.98199016694869,
              40.21929347894761
            ],
            [
              -123.98134730169195,
              40.21897891934597
            ],
            [
              -123.98002469476819,
              40.218413226892324
            ],
            [
              -123.97922467452996,
              40.21812722636164
            ],
            [
              -123.9785121506602,
              40.21796260924071
            ],
            [
              -123.97673980148711,
              40.2174456959304
            ],
            [
              -123.97546886393401,
              40.2169430549263
            ],
            [
              -123.97399123994049,
              40.216464354357676
            ],
            [
              -123.97328600438536,
              40.21625807933204
            ],
            [
              -123.97263816609905,
              40.216105838594245
            ],
            [
              -123.97240846329294,
              40.216125895830125
            ],
            [
              -123.97064484753098,
              40.216753901542766
            ],
            [
              -123.9696400393914,
              40.21746017416767
            ],
            [
              -123.96945625765765,
              40.21756069222196
            ],
            [
              -123.96860433432423,
              40.21796468261474
            ],
            [
              -123.96729398168577,
              40.218367170295515
            ],
            [
              -123.9663165058668,
              40.21857873651
            ],
            [
              -123.96495005700821,
              40.218715325974394
            ],
            [
              -123.96461458628708,
              40.21877747798538
            ],
            [
              -123.96419606288784,
              40.21894774331347
            ],
            [
              -123.96374589399842,
              40.21899638774983
            ],
            [
              -123.96271989763225,
              40.21897336656413
            ],
            [
              -123.96172770485235,
              40.21878804951024
            ],
            [
              -123.96142692582373,
              40.21874529050226
            ],
            [
              -123.96108183347486,
              40.218739309871204
            ],
            [
              -123.96058850408055,
              40.21916244842735
            ],
            [
              -123.95960102413346,
              40.21960225578627
            ],
            [
              -123.95906355226936,
              40.21957974734119
            ],
            [
              -123.95810878617304,
              40.21947512480969
            ],
            [
              -123.9578082687839,
              40.21949107236014
            ],
            [
              -123.95720824267464,
              40.21963560066916
            ],
            [
              -123.95626250590422,
              40.21995871983856
            ],
            [
              -123.95568512584123,
              40.22010784965212
            ],
            [
              -123.95527741204626,
              40.220160456946715
            ],
            [
              -123.95503337699692,
              40.220126866708924
            ],
            [
              -123.95401004594713,
              40.219801801324664
            ],
            [
              -123.95156780868504,
              40.21869121246434
            ],
            [
              -123.95107036498563,
              40.21851969590252
            ],
            [
              -123.95005516056538,
              40.21830248563487
            ],
            [
              -123.94951316870905,
              40.21802793116613
            ],
            [
              -123.94921884406565,
              40.217976078365865
            ],
            [
              -123.94808432652768,
              40.21822039901805
            ],
            [
              -123.94746770135198,
              40.218215703524294
            ],
            [
              -123.94697090030387,
              40.218075689836475
            ],
            [
              -123.94651373688563,
              40.21775954942559
            ],
            [
              -123.94627579902993,
              40.217297724059456
            ],
            [
              -123.94617896974407,
              40.21668621161181
            ],
            [
              -123.94591213850546,
              40.216260372270256
            ],
            [
              -123.94519223198449,
              40.216059040049274
            ],
            [
              -123.94312664726603,
              40.21592298468789
            ],
            [
              -123.94265971719962,
              40.215818062982436
            ],
            [
              -123.94231301971584,
              40.21566774661761
            ],
            [
              -123.94144374809449,
              40.21516563539981
            ],
            [
              -123.94092730037431,
              40.21477843254086
            ],
            [
              -123.94013165092485,
              40.21396023583294
            ],
            [
              -123.93941342621052,
              40.21307848347833
            ],
            [
              -123.9390515292419,
              40.21250514369864
            ],
            [
              -123.93873286783091,
              40.21189534378379
            ],
            [
              -123.93864337869887,
              40.211350347129404
            ],
            [
              -123.93865890804649,
              40.21062079903505
            ],
            [
              -123.93845207665082,
              40.20991099345961
            ],
            [
              -123.93795456164227,
              40.208977990160264
            ],
            [
              -123.93771858436011,
              40.20817818663286
            ],
            [
              -123.93741056809104,
              40.20781120586028
            ],
            [
              -123.93663997982429,
              40.20722299048866
            ],
            [
              -123.93622557848973,
              40.20686589016869
            ],
            [
              -123.93618242692332,
              40.20655102516542
            ],
            [
              -123.9360867091493,
              40.20597906275443
            ],
            [
              -123.93612180097296,
              40.20551486393025
            ],
            [
              -123.93595891207445,
              40.20487659198519
            ],
            [
              -123.9358086290089,
              40.204490377888554
            ],
            [
              -123.93518936221109,
              40.20352688247536
            ],
            [
              -123.93485991897232,
              40.202737231740066
            ],
            [
              -123.93462181946369,
              40.20110395872081
            ],
            [
              -123.93425912942297,
              40.19931411623273
            ],
            [
              -123.93380305967437,
              40.19864197203676
            ],
            [
              -123.93327502892404,
              40.19797039975913
            ],
            [
              -123.93210325052937,
              40.19620000057651
            ],
            [
              -123.93154749985166,
              40.195578873448355
            ],
            [
              -123.93106862423004,
              40.19520380752108
            ],
            [
              -123.9308772342205,
              40.194966589508496
            ],
            [
              -123.93117269630973,
              40.194649135462605
            ],
            [
              -123.93166939424266,
              40.19439721678116
            ],
            [
              -123.93271767917656,
              40.193780863805124
            ],
            [
              -123.9334457951887,
              40.193243209710985
            ],
            [
              -123.93433820901433,
              40.192727247874785
            ],
            [
              -123.93479094118466,
              40.192403801944415
            ],
            [
              -123.93538157815574,
              40.19180462927269
            ],
            [
              -123.93561716782051,
              40.19137910030065
            ],
            [
              -123.93551462647378,
              40.19089760404837
            ],
            [
              -123.93527636849761,
              40.190386065977066
            ],
            [
              -123.93485710337612,
              40.189781318155035
            ],
            [
              -123.93455056403799,
              40.189094569185634
            ],
            [
              -123.93431576386762,
              40.18842973061961
            ],
            [
              -123.93423028288048,
              40.18802514477409
            ],
            [
              -123.93428680303792,
              40.187610669748324
            ],
            [
              -123.93430021172179,
              40.18714617147578
            ],
            [
              -123.93401220653956,
              40.18627945707068
            ],
            [
              -123.93360398589202,
              40.18551214301103
            ],
            [
              -123.93274942222429,
              40.18462289144219
            ],
            [
              -123.93251316523074,
              40.184255619087004
            ],
            [
              -123.9322800580378,
              40.183621415773786
            ],
            [
              -123.93218576344921,
              40.18320358389314
            ],
            [
              -123.93212840460626,
              40.181947547193005
            ],
            [
              -123.93195305415283,
              40.180988964162026
            ],
            [
              -123.93152406985739,
              40.18029876425318
            ],
            [
              -123.93107938921507,
              40.17986151635783
            ],
            [
              -123.93077864527004,
              40.17948994531057
            ],
            [
              -123.93063095428981,
              40.17923868184865
            ],
            [
              -123.93004841146539,
              40.177883049817616
            ],
            [
              -123.92989456561736,
              40.177321250206674
            ],
            [
              -123.92977518273302,
              40.17702219430356
            ],
            [
              -123.92941535912388,
              40.17697773580196
            ],
            [
              -123.92890939520696,
              40.177076752174834
            ],
            [
              -123.9286387463677,
              40.17720065619146
            ],
            [
              -123.9282754538766,
              40.177288805491614
            ],
            [
              -123.9273687732623,
              40.177435741752014
            ],
            [
              -123.92682522643925,
              40.17744483539656
            ],
            [
              -123.92636569779074,
              40.177335937890696
            ],
            [
              -123.92598265799026,
              40.177208443507986
            ],
            [
              -123.92557842087331,
              40.176995163558914
            ],
            [
              -123.92537509503961,
              40.17682139765298
            ],
            [
              -123.92506714907584,
              40.17647257608961
            ],
            [
              -123.92444149311163,
              40.17555349665151
            ],
            [
              -123.92378688398155,
              40.174207310221256
            ],
            [
              -123.92348127710773,
              40.17388094415545
            ],
            [
              -123.9231828964956,
              40.17366782221482
            ],
            [
              -123.92300790746887,
              40.17347512427246
            ],
            [
              -123.92334593768138,
              40.17314368177186
            ],
            [
              -123.9236288008106,
              40.17296081012734
            ],
            [
              -123.92408513428818,
              40.17243988833802
            ],
            [
              -123.92405510859426,
              40.172020864136606
            ],
            [
              -123.92370967585659,
              40.171541727888275
            ],
            [
              -123.92329456224596,
              40.17112590417011
            ],
            [
              -123.92277764826059,
              40.170674722994846
            ],
            [
              -123.92228881061519,
              40.17015226540599
            ],
            [
              -123.92138004729023,
              40.16901504845553
            ],
            [
              -123.92086903564933,
              40.16849611356718
            ],
            [
              -123.92054324333687,
              40.16827850500927
            ],
            [
              -123.9201937504658,
              40.1679615531111
            ],
            [
              -123.9195932640713,
              40.1675742604902
            ],
            [
              -123.91930954214783,
              40.167346161693914
            ],
            [
              -123.91937074858474,
              40.16597643282278
            ],
            [
              -123.91933798080215,
              40.165716164287886
            ],
            [
              -123.91904933226685,
              40.16522704331783
            ],
            [
              -123.9188302424211,
              40.1649988507409
            ],
            [
              -123.9182944337317,
              40.1642642855888
            ],
            [
              -123.91813922831246,
              40.16402225615833
            ],
            [
              -123.91800466955063,
              40.16368595545766
            ],
            [
              -123.91766912883931,
              40.16336868541085
            ],
            [
              -123.9173729485961,
              40.16316801346056
            ],
            [
              -123.91705533882147,
              40.16305375680553
            ],
            [
              -123.9166359889345,
              40.162822921228475
            ],
            [
              -123.91598129993199,
              40.16227416326338
            ],
            [
              -123.91587088201463,
              40.16209926859799
            ],
            [
              -123.91566867310107,
              40.16161812495106
            ],
            [
              -123.9155914613669,
              40.16127648100472
            ],
            [
              -123.91556449390652,
              40.160952953884035
            ],
            [
              -123.91557188319051,
              40.16021834957834
            ],
            [
              -123.91581183900674,
              40.159260965240584
            ],
            [
              -123.91584170810923,
              40.15892295990259
            ],
            [
              -123.91572545543237,
              40.15844188053875
            ],
            [
              -123.91558512677469,
              40.15815531055058
            ],
            [
              -123.91533561705018,
              40.157859540480096
            ],
            [
              -123.91502337386427,
              40.1576054331511
            ],
            [
              -123.9147677329865,
              40.15729182708691
            ],
            [
              -123.91430849144687,
              40.15685851998484
            ],
            [
              -123.9138031918087,
              40.156245601958275
            ],
            [
              -123.91249802137067,
              40.15529675968911
            ],
            [
              -123.91154673094223,
              40.15454294280948
            ],
            [
              -123.9095980500304,
              40.153270058680896
            ],
            [
              -123.90932611865111,
              40.152843487359156
            ],
            [
              -123.90918272631403,
              40.1524308600785
            ],
            [
              -123.9091800868275,
              40.15187679850523
            ],
            [
              -123.9094187122249,
              40.15124833888386
            ],
            [
              -123.90996464353596,
              40.15053726337238
            ],
            [
              -123.91027568150024,
              40.149944396303844
            ],
            [
              -123.91072176907662,
              40.148913926099034
            ],
            [
              -123.91118967536096,
              40.148220649880784
            ],
            [
              -123.9117695933872,
              40.14748678943518
            ],
            [
              -123.91190582582914,
              40.14707081305424
            ],
            [
              -123.91209912882526,
              40.14671328070102
            ],
            [
              -123.91240714249633,
              40.146324084844295
            ],
            [
              -123.91269190303136,
              40.145870889331746
            ],
            [
              -123.91297247199836,
              40.14551777066328
            ],
            [
              -123.9134576159577,
              40.145062711444815
            ],
            [
              -123.91363890594384,
              40.144782158186935
            ],
            [
              -123.9138818600557,
              40.14434377381547
            ],
            [
              -123.91403082170211,
              40.14387854560233
            ],
            [
              -123.91443165160321,
              40.14309994947054
            ],
            [
              -123.9145790208815,
              40.142932242989254
            ],
            [
              -123.9147986526574,
              40.142845029459856
            ],
            [
              -123.91530638438152,
              40.142823589239896
            ],
            [
              -123.91633039826307,
              40.14283802515556
            ],
            [
              -123.91854704735569,
              40.14313984117501
            ],
            [
              -123.91985505885096,
              40.14344976238022
            ],
            [
              -123.92051522748892,
              40.14355228937187
            ],
            [
              -123.92103099146578,
              40.14359801892121
            ],
            [
              -123.92225073149568,
              40.144142310193004
            ],
            [
              -123.92353963827999,
              40.1437986913956
            ],
            [
              -123.92469582872442,
              40.142888779592134
            ],
            [
              -123.92641187426858,
              40.141203340179366
            ],
            [
              -123.92689860652898,
              40.14082112288506
            ],
            [
              -123.92741471641261,
              40.14047949046769
            ],
            [
              -123.92792194781391,
              40.14005603780557
            ],
            [
              -123.92836203234627,
              40.139877199022386
            ],
            [
              -123.93043909588073,
              40.13959486133141
            ],
            [
              -123.93149392314615,
              40.139351388681604
            ],
            [
              -123.93201178860923,
              40.13910414489147
            ],
            [
              -123.93222385144985,
              40.13894520810056
            ],
            [
              -123.9326244063072,
              40.13775206984789
            ],
            [
              -123.93267441379099,
              40.13737387581435
            ],
            [
              -123.93266872320005,
              40.13707219214591
            ],
            [
              -123.93288609491127,
              40.13646241030989
            ],
            [
              -123.93355175631847,
              40.135650109889525
            ],
            [
              -123.93373442646636,
              40.13549112830824
            ],
            [
              -123.93397234029521,
              40.13517353140319
            ],
            [
              -123.93405965568903,
              40.134921128631184
            ],
            [
              -123.93399598858183,
              40.13452500060849
            ],
            [
              -123.93383861654918,
              40.134161419286464
            ],
            [
              -123.93365433836122,
              40.13388345209834
            ],
            [
              -123.93348952116251,
              40.13348404932209
            ],
            [
              -123.93344908539781,
              40.13319168461217
            ],
            [
              -123.93362749600546,
              40.13279853355303
            ],
            [
              -123.93399459406714,
              40.13250666285783
            ],
            [
              -123.9342954217082,
              40.132184386383074
            ],
            [
              -123.93447637888194,
              40.131899291112454
            ],
            [
              -123.93454263050934,
              40.131583654508304
            ],
            [
              -123.93451440165363,
              40.131218637422954
            ],
            [
              -123.93406983953113,
              40.13035793033935
            ],
            [
              -123.93392006423626,
              40.130025645712266
            ],
            [
              -123.93388719152654,
              40.12983211820274
            ],
            [
              -123.93428595653899,
              40.12968511370852
            ],
            [
              -123.93487708268556,
              40.129517605336716
            ],
            [
              -123.93526858833584,
              40.129460088722574
            ],
            [
              -123.93598144780155,
              40.12928334533678
            ],
            [
              -123.93782670138266,
              40.1284756722985
            ],
            [
              -123.93836487497516,
              40.1281783531045
            ],
            [
              -123.93859877700216,
              40.128091637429385
            ],
            [
              -123.93881231515606,
              40.127981193451184
            ],
            [
              -123.93893755992741,
              40.12779967643356
            ],
            [
              -123.93892620936927,
              40.12757025448853
            ],
            [
              -123.93855457335162,
              40.12719465328595
            ],
            [
              -123.93821488760916,
              40.126671179185244
            ],
            [
              -123.93783421115273,
              40.126210258561734
            ],
            [
              -123.93709938523929,
              40.12516143938488
            ],
            [
              -123.93685729382042,
              40.1246770923443
            ],
            [
              -123.93679543950482,
              40.12442959068349
            ],
            [
              -123.93698648161705,
              40.12424328480447
            ],
            [
              -123.93720565683148,
              40.12416957098213
            ],
            [
              -123.93773353510483,
              40.1240752945328
            ],
            [
              -123.93803463774162,
              40.12407739486291
            ],
            [
              -123.93877741201499,
              40.12399964314001
            ],
            [
              -123.93931930101648,
              40.1239002812229
            ],
            [
              -123.93984862282393,
              40.12387354484437
            ],
            [
              -123.94135400833635,
              40.124077816447354
            ],
            [
              -123.94161123407308,
              40.12407593811455
            ],
            [
              -123.94228885941932,
              40.12394802053234
            ],
            [
              -123.94282420617051,
              40.12380928747321
            ],
            [
              -123.94310193306441,
              40.123779587970745
            ],
            [
              -123.94354503743929,
              40.123780795503194
            ],
            [
              -123.94461529069909,
              40.12400159471214
            ],
            [
              -123.9449547867037,
              40.12415659478222
            ],
            [
              -123.94521478921706,
              40.12433483790369
            ],
            [
              -123.94546670748404,
              40.12439071471441
            ],
            [
              -123.9459156985942,
              40.124310622335564
            ],
            [
              -123.94762273727561,
              40.12327392347752
            ],
            [
              -123.9483029535191,
              40.122957515411784
            ],
            [
              -123.94919523912223,
              40.12238298545692
            ],
            [
              -123.94954633384559,
              40.12208244426412
            ],
            [
              -123.95010140011746,
              40.12146999086241
            ],
            [
              -123.95023002889052,
              40.12106772282545
            ],
            [
              -123.95022536256317,
              40.120806569467405
            ],
            [
              -123.95010526939362,
              40.120433662133244
            ],
            [
              -123.94995614806483,
              40.12015557484924
            ],
            [
              -123.94978092608751,
              40.11993676454644
            ],
            [
              -123.9492609276202,
              40.11959395387892
            ],
            [
              -123.94890701473327,
              40.11941689569417
            ],
            [
              -123.94868013273543,
              40.11915299293595
            ],
            [
              -123.94865918563454,
              40.11878774748278
            ],
            [
              -123.94858884406513,
              40.118445764138
            ],
            [
              -123.94829282240515,
              40.11788137825898
            ],
            [
              -123.94828187913213,
              40.11765997219622
            ],
            [
              -123.94830695432914,
              40.11745291570773
            ],
            [
              -123.94861612014247,
              40.11626615980187
            ],
            [
              -123.94866109003844,
              40.1156079438102
            ],
            [
              -123.94853408654495,
              40.115297482965566
            ],
            [
              -123.94814009595913,
              40.11488208675506
            ],
            [
              -123.94767442391671,
              40.11398507562554
            ],
            [
              -123.94758157465661,
              40.11359341624548
            ],
            [
              -123.94753253602686,
              40.112819237634724
            ],
            [
              -123.94734055071255,
              40.1124874730048
            ],
            [
              -123.94692355712584,
              40.11194568402576
            ],
            [
              -123.94673134462846,
              40.11162293135121
            ],
            [
              -123.9467059299298,
              40.11139846419816
            ],
            [
              -123.94682390662402,
              40.111145093065026
            ],
            [
              -123.94725981243099,
              40.110758199646206
            ],
            [
              -123.9476838924752,
              40.110417594751354
            ],
            [
              -123.94811651111122,
              40.1102063875102
            ],
            [
              -123.9483785181892,
              40.110105227399714
            ],
            [
              -123.94867786301268,
              40.11003525864708
            ],
            [
              -123.9494501600872,
              40.1099835289361
            ],
            [
              -123.95016337636115,
              40.10983822454752
            ],
            [
              -123.95047542274907,
              40.10974533191658
            ],
            [
              -123.95070283664053,
              40.1096352715666
            ],
            [
              -123.95109793430818,
              40.10936232769314
            ],
            [
              -123.95152085146945,
              40.10899371559345
            ],
            [
              -123.95189240659526,
              40.108571846681635
            ],
            [
              -123.95220700736164,
              40.108074368820624
            ],
            [
              -123.95198244677104,
              40.107980615031416
            ],
            [
              -123.9518073676112,
              40.10781135311245
            ],
            [
              -123.95166696877578,
              40.10746993665508
            ],
            [
              -123.95159906171,
              40.10652500740181
            ],
            [
              -123.9518305459164,
              40.10381095122671
            ],
            [
              -123.95182672607834,
              40.103585813357796
            ],
            [
              -123.95170061646387,
              40.10329786164179
            ],
            [
              -123.9506698658734,
              40.10244148367646
            ],
            [
              -123.95021379791964,
              40.10215238737184
            ],
            [
              -123.94974505330183,
              40.1019269160863
            ],
            [
              -123.94936726285498,
              40.1015650614631
            ],
            [
              -123.94876786707188,
              40.10082635331506
            ],
            [
              -123.94853092670344,
              40.1003960888216
            ],
            [
              -123.94842160401724,
              40.09985628303041
            ],
            [
              -123.94847406759922,
              40.09958598113374
            ],
            [
              -123.94873643066717,
              40.0994442665751
            ],
            [
              -123.94922301038785,
              40.09906646779713
            ],
            [
              -123.949670697818,
              40.098486316141596
            ],
            [
              -123.95003154158607,
              40.09784771306661
            ],
            [
              -123.95022114135625,
              40.09761638873037
            ],
            [
              -123.95061590792056,
              40.09729824683907
            ],
            [
              -123.95100831519675,
              40.09684868122024
            ],
            [
              -123.9512218729093,
              40.09636977644211
            ],
            [
              -123.95187291709492,
              40.09556222390545
            ],
            [
              -123.95214256264569,
              40.095082371386326
            ],
            [
              -123.95210851753816,
              40.09475373858019
            ],
            [
              -123.95190338776966,
              40.09450350890842
            ],
            [
              -123.95119650447019,
              40.09413503379379
            ],
            [
              -123.9505383107232,
              40.09369022471483
            ],
            [
              -123.94963605332157,
              40.09322450676133
            ],
            [
              -123.94898874788541,
              40.092594644046166
            ],
            [
              -123.94764756148281,
              40.09152475092516
            ],
            [
              -123.94680308863224,
              40.090675924935326
            ],
            [
              -123.94471161612006,
              40.08889564415387
            ],
            [
              -123.94452202999662,
              40.08866743922666
            ],
            [
              -123.94434344062078,
              40.088276680096314
            ],
            [
              -123.94428809842566,
              40.087953212455886
            ],
            [
              -123.9442802464873,
              40.087456909318426
            ],
            [
              -123.94444582111548,
              40.08588384676002
            ],
            [
              -123.94437516643475,
              40.08555553604696
            ],
            [
              -123.94422725999556,
              40.08525025012986
            ],
            [
              -123.94389713991723,
              40.08481211051399
            ],
            [
              -123.94368042596746,
              40.08462431684452
            ],
            [
              -123.9433846155733,
              40.08450044255578
            ],
            [
              -123.942931611708,
              40.08437343184202
            ],
            [
              -123.94268487289193,
              40.08417323553793
            ],
            [
              -123.94255102648823,
              40.08382243694538
            ],
            [
              -123.94230792375637,
              40.083432906769346
            ],
            [
              -123.94188772522632,
              40.08311210340206
            ],
            [
              -123.9414825186136,
              40.082871773447984
            ],
            [
              -123.94093656509476,
              40.0826739300143
            ],
            [
              -123.94070422299112,
              40.08252268787306
            ],
            [
              -123.94054906266409,
              40.082239312700416
            ],
            [
              -123.9404928994762,
              40.08185281783402
            ],
            [
              -123.94049206409653,
              40.08135728996743
            ],
            [
              -123.9406254855216,
              40.08083394930102
            ],
            [
              -123.94118727553149,
              40.07943658314393
            ],
            [
              -123.94136064071918,
              40.079129213397025
            ],
            [
              -123.94171120074944,
              40.078707202642626
            ],
            [
              -123.94246304183919,
              40.07798039522204
            ],
            [
              -123.94289818908045,
              40.07745461287341
            ],
            [
              -123.94322481146924,
              40.07698381623598
            ],
            [
              -123.94341486518674,
              40.07678852883023
            ],
            [
              -123.94294479177411,
              40.0764539720499
            ],
            [
              -123.94258439697091,
              40.076349192587244
            ],
            [
              -123.94203805473566,
              40.07612337575818
            ],
            [
              -123.94118694325797,
              40.07568919256143
            ],
            [
              -123.94083305366539,
              40.075480735180406
            ],
            [
              -123.94005015746572,
              40.07489654104514
            ],
            [
              -123.93959504366886,
              40.07462106123355
            ],
            [
              -123.9392004969466,
              40.07452904308318
            ],
            [
              -123.93837168082057,
              40.07453212766371
            ],
            [
              -123.93681759590062,
              40.07479160161754
            ],
            [
              -123.93563996487254,
              40.0753238737567
            ],
            [
              -123.93539140583432,
              40.07539387349436
            ],
            [
              -123.93486110932837,
              40.07540275130223
            ],
            [
              -123.93441380575851,
              40.07516289463387
            ],
            [
              -123.93425359283836,
              40.07497513186342
            ],
            [
              -123.93399530593982,
              40.074499493427304
            ],
            [
              -123.93392739072772,
              40.074261199080546
            ],
            [
              -123.93363701789798,
              40.073646913495544
            ],
            [
              -123.93344823544592,
              40.073432178276946
            ],
            [
              -123.93300121568718,
              40.07319681080309
            ],
            [
              -123.93223357547247,
              40.072676152847336
            ],
            [
              -123.93202777841974,
              40.07234398919891
            ],
            [
              -123.93200693994623,
              40.07213460500536
            ],
            [
              -123.93228354201234,
              40.0719996505981
            ],
            [
              -123.9326424277605,
              40.07151434994789
            ],
            [
              -123.93269046264041,
              40.07092447141728
            ],
            [
              -123.93284610723914,
              40.07048603854737
            ],
            [
              -123.93299951703356,
              40.07023703898397
            ],
            [
              -123.93316109551402,
              40.07003732460961
            ],
            [
              -123.93373829604307,
              40.06953323605422
            ],
            [
              -123.9344305540233,
              40.06902730414606
            ],
            [
              -123.93493296127946,
              40.0687481340937
            ],
            [
              -123.93522133856769,
              40.06845794193085
            ],
            [
              -123.93575403285597,
              40.06745786872773
            ],
            [
              -123.93576382228387,
              40.06723230391686
            ],
            [
              -123.93543542872189,
              40.06677606816934
            ],
            [
              -123.9349772527759,
              40.06633384164021
            ],
            [
              -123.93349890518743,
              40.06519711147506
            ],
            [
              -123.93232824567322,
              40.06444504476303
            ],
            [
              -123.93166031722295,
              40.06424741899903
            ],
            [
              -123.93126515556199,
              40.06416990167438
            ],
            [
              -123.93091223881306,
              40.06400543578248
            ],
            [
              -123.9307150976971,
              40.0637639504297
            ],
            [
              -123.9307404152132,
              40.06356125362431
            ],
            [
              -123.93084302039189,
              40.06330852444524
            ],
            [
              -123.93091816229301,
              40.06270415050312
            ],
            [
              -123.93090190795714,
              40.062158709879164
            ],
            [
              -123.93080542944467,
              40.061921178690305
            ],
            [
              -123.93077763821262,
              40.06155631418607
            ],
            [
              -123.93079040508997,
              40.06110090271846
            ],
            [
              -123.9308641682256,
              40.06078952737089
            ],
            [
              -123.93178617653626,
              40.05993571372966
            ],
            [
              -123.93175395203276,
              40.05973304189892
            ],
            [
              -123.93141668449545,
              40.05922668840558
            ],
            [
              -123.93125448412012,
              40.05891284657141
            ],
            [
              -123.93107466872289,
              40.058062613811344
            ],
            [
              -123.93099967601377,
              40.05786946044684
            ],
            [
              -123.93080265847242,
              40.05760994469704
            ],
            [
              -123.93033793113693,
              40.057181422504506
            ],
            [
              -123.93012827922122,
              40.057034075485475
            ],
            [
              -123.93009642179348,
              40.05685855430775
            ],
            [
              -123.93017651336655,
              40.05651531414145
            ],
            [
              -123.93034817427801,
              40.05614943200448
            ],
            [
              -123.93041437070875,
              40.055793256216575
            ],
            [
              -123.93040375152488,
              40.055203445048704
            ],
            [
              -123.93045499787164,
              40.054414424661665
            ],
            [
              -123.93037192810768,
              40.053766489504184
            ],
            [
              -123.93001907343137,
              40.05318844570378
            ],
            [
              -123.92945324397371,
              40.052706400769296
            ],
            [
              -123.92899239776933,
              40.05249765105088
            ],
            [
              -123.9288322665595,
              40.05233691659735
            ],
            [
              -123.92880685075994,
              40.05045461315263
            ],
            [
              -123.92872233171879,
              40.05008522844608
            ],
            [
              -123.9284381242842,
              40.04977257613666
            ],
            [
              -123.92808989546532,
              40.04949633816052
            ],
            [
              -123.92785213724916,
              40.04933087757369
            ],
            [
              -123.92715951554844,
              40.04895833470282
            ],
            [
              -123.9264140667348,
              40.04842877831044
            ],
            [
              -123.92548479789097,
              40.047624921189836
            ],
            [
              -123.9250957347527,
              40.04739403918975
            ],
            [
              -123.92400172832636,
              40.04649278020006
            ],
            [
              -123.9237558364248,
              40.04633209216356
            ],
            [
              -123.92331527303504,
              40.0460567856372
            ],
            [
              -123.9224926012208,
              40.0456172386064
            ],
            [
              -123.92178093668709,
              40.04536589684583
            ],
            [
              -123.92115410061942,
              40.04505611108789
            ],
            [
              -123.92063639021029,
              40.04487969764065
            ],
            [
              -123.92041252116115,
              40.04473280732763
            ],
            [
              -123.92026740163102,
              40.044585093946935
            ],
            [
              -123.9199018004294,
              40.0441146787457
            ],
            [
              -123.91984432246079,
              40.04370119848381
            ],
            [
              -123.92019737483093,
              40.04261231254473
            ],
            [
              -123.9207243340754,
              40.04204962150863
            ],
            [
              -123.9209118244881,
              40.041786863273664
            ],
            [
              -123.92130155436952,
              40.04069863610159
            ],
            [
              -123.92152630727135,
              40.04045371708531
            ],
            [
              -123.9218009455682,
              40.040257476091554
            ],
            [
              -123.92230457996376,
              40.040023527388776
            ],
            [
              -123.92255728346687,
              40.03977391674966
            ],
            [
              -123.92240032410302,
              40.03936544636503
            ],
            [
              -123.9211840675429,
              40.03882564489773
            ],
            [
              -123.92055123872657,
              40.038600653377635
            ],
            [
              -123.92024787067324,
              40.03845444486943
            ],
            [
              -123.91963432466716,
              40.03802259560021
            ],
            [
              -123.91921517824724,
              40.03779617889941
            ],
            [
              -123.91761894902542,
              40.0367630077426
            ],
            [
              -123.91731383609998,
              40.03645469014711
            ],
            [
              -123.91711703065205,
              40.03621764634444
            ],
            [
              -123.91701979505167,
              40.03598465606274
            ],
            [
              -123.91693130409077,
              40.035430689246056
            ],
            [
              -123.91695643218341,
              40.035223503896525
            ],
            [
              -123.91735220078154,
              40.03455321091128
            ],
            [
              -123.91741997323957,
              40.03428710077996
            ],
            [
              -123.91750939934715,
              40.0337283345152
            ],
            [
              -123.91766366344116,
              40.033127948100436
            ],
            [
              -123.9176608694802,
              40.032483816880216
            ],
            [
              -123.91752826623855,
              40.03226813330507
            ],
            [
              -123.91729724481073,
              40.03211696485865
            ],
            [
              -123.9158681290809,
              40.03215513653327
            ],
            [
              -123.91540396680851,
              40.03214100890808
            ],
            [
              -123.91440392514316,
              40.03173930195963
            ],
            [
              -123.91419304056632,
              40.03154694983507
            ],
            [
              -123.91391617004695,
              40.03119798425957
            ],
            [
              -123.91371566130947,
              40.030762048356664
            ],
            [
              -123.91359937300419,
              40.03019542015277
            ],
            [
              -123.9135236532851,
              40.0291148143653
            ],
            [
              -123.91335322114978,
              40.02873364989732
            ],
            [
              -123.91292670973257,
              40.02848504845592
            ],
            [
              -123.9124176850494,
              40.028330861424664
            ],
            [
              -123.9117512998733,
              40.028263736749814
            ],
            [
              -123.9099441815733,
              40.02825160687408
            ],
            [
              -123.9092217636394,
              40.028212427912194
            ],
            [
              -123.90814040840986,
              40.02806283262283
            ],
            [
              -123.90725702123147,
              40.027777314439575
            ],
            [
              -123.90668737119401,
              40.027456502414736
            ],
            [
              -123.90630256781189,
              40.02713083152432
            ],
            [
              -123.90578896094448,
              40.02632452268297
            ],
            [
              -123.90523507252091,
              40.02522484685919
            ],
            [
              -123.90527475795889,
              40.02504888747149
            ],
            [
              -123.9060734028988,
              40.02366847285357
            ],
            [
              -123.90619679409932,
              40.023393414516114
            ],
            [
              -123.90622266727274,
              40.023171873178995
            ],
            [
              -123.90586460845243,
              40.02272905330154
            ],
            [
              -123.90524248126552,
              40.022679352103836
            ],
            [
              -123.9047140288209,
              40.02268807226232
            ],
            [
              -123.90433363142311,
              40.022614514004374
            ],
            [
              -123.90364423199381,
              40.022403782221126
            ],
            [
              -123.90291752218795,
              40.022085379471925
            ],
            [
              -123.9021402623116,
              40.021699045056884
            ],
            [
              -123.90091912002156,
              40.02092960422419
            ],
            [
              -123.90022810256949,
              40.02057924350232
            ],
            [
              -123.89993381045832,
              40.020491269791016
            ],
            [
              -123.89961874772453,
              40.02048054564051
            ],
            [
              -123.89856990836068,
              40.020538072649
            ],
            [
              -123.89821114612838,
              40.02040974854122
            ],
            [
              -123.89779385255765,
              40.020214724376096
            ],
            [
              -123.89715453399756,
              40.02002151008469
            ],
            [
              -123.8963589805315,
              40.01986096069853
            ],
            [
              -123.89542945602358,
              40.019805716041745
            ],
            [
              -123.8949560469026,
              40.019678216983245
            ],
            [
              -123.89408887596281,
              40.019103771404325
            ],
            [
              -123.89378425705658,
              40.01884943460299
            ],
            [
              -123.89340214456246,
              40.01865428232048
            ],
            [
              -123.89320015868822,
              40.01851649373041
            ],
            [
              -123.89290367401598,
              40.01825739607522
            ],
            [
              -123.89279236873358,
              40.018019467396066
            ],
            [
              -123.89276491837987,
              40.01763644483432
            ],
            [
              -123.89283130216234,
              40.017370397504145
            ],
            [
              -123.89271041227711,
              40.016556172819115
            ],
            [
              -123.89274860527289,
              40.016235955369645
            ],
            [
              -123.89289126603529,
              40.01583320926695
            ],
            [
              -123.89326152295608,
              40.015348494753354
            ],
            [
              -123.89355688380982,
              40.0150807000132
            ],
            [
              -123.89429658378462,
              40.014658108502644
            ],
            [
              -123.89466124662661,
              40.014459235988504
            ],
            [
              -123.89513702442365,
              40.01427569274816
            ],
            [
              -123.89546284219513,
              40.014097880077344
            ],
            [
              -123.89586560815229,
              40.01382388288499
            ],
            [
              -123.89658203598685,
              40.0135346248795
            ],
            [
              -123.89710643526517,
              40.01327379343572
            ],
            [
              -123.89772068175978,
              40.01287697279467
            ],
            [
              -123.89810415821943,
              40.01232512249746
            ],
            [
              -123.89832675184208,
              40.01193067497237
            ],
            [
              -123.89855089753048,
              40.01123069129438
            ],
            [
              -123.89856086427454,
              40.01097908229928
            ],
            [
              -123.898676823084,
              40.01069428666006
            ],
            [
              -123.89892820390642,
              40.01030427929126
            ],
            [
              -123.89908836676972,
              40.010078478407884
            ],
            [
              -123.8996499296399,
              40.00943821926864
            ],
            [
              -123.89989600710207,
              40.00924304313458
            ],
            [
              -123.90051397619939,
              40.00862972573942
            ],
            [
              -123.90063183048278,
              40.0083944112388
            ],
            [
              -123.9006560641544,
              40.00816940131145
            ],
            [
              -123.90045126952013,
              40.00786954296009
            ],
            [
              -123.90006604343841,
              40.0074447521135
            ],
            [
              -123.89953022938857,
              40.007033744505144
            ],
            [
              -123.89911643202021,
              40.00662238328389
            ],
            [
              -123.89843876978146,
              40.00583477389349
            ],
            [
              -123.898107153815,
              40.00478845617679
            ],
            [
              -123.89802196022143,
              40.00433349302121
            ],
            [
              -123.8980007467142,
              40.00393774875972
            ],
            [
              -123.89806698429645,
              40.00276622863512
            ],
            [
              -123.89818590859687,
              40.00218853246477
            ],
            [
              -123.89838048894376,
              40.00188056903931
            ],
            [
              -123.89919976307729,
              40.00092850916262
            ],
            [
              -123.90065473708657,
              39.999524737361575
            ],
            [
              -123.90106484524438,
              39.99930088184421
            ],
            [
              -123.90156626227788,
              39.99913903043295
            ],
            [
              -123.9020390227993,
              39.99892868874595
            ],
            [
              -123.90325722950614,
              39.998310701660856
            ],
            [
              -123.90433226285415,
              39.997175830061046
            ],
            [
              -123.90460636062133,
              39.99684098293742
            ],
            [
              -123.90485306389752,
              39.99639254747768
            ],
            [
              -123.90504522209045,
              39.99577383323826
            ],
            [
              -123.90527010390142,
              39.99537577817996
            ],
            [
              -123.90566744696324,
              39.994873009621394
            ],
            [
              -123.90599868155137,
              39.99460039518439
            ],
            [
              -123.90615005114518,
              39.99442344729486
            ],
            [
              -123.9062738463832,
              39.99415640648285
            ],
            [
              -123.90628491843125,
              39.993795696700055
            ],
            [
              -123.90624441596488,
              39.99353935904228
            ],
            [
              -123.90611923654873,
              39.993193778096554
            ],
            [
              -123.90583895845357,
              39.99269547836954
            ],
            [
              -123.90593619071058,
              39.99221306437693
            ],
            [
              -123.9059242563692,
              39.99201073381083
            ],
            [
              -123.90581269926786,
              39.99174131385708
            ],
            [
              -123.90553213354039,
              39.99131943104337
            ],
            [
              -123.90547659961778,
              39.99111763273976
            ],
            [
              -123.90544602499513,
              39.99056819232816
            ],
            [
              -123.90552757108095,
              39.99036007813786
            ],
            [
              -123.90593093377255,
              39.98992933808103
            ],
            [
              -123.90667813643915,
              39.98932457356902
            ],
            [
              -123.90738099880971,
              39.988241857874335
            ],
            [
              -123.90807125332442,
              39.987668596235224
            ],
            [
              -123.90854642753604,
              39.98732734913357
            ],
            [
              -123.90909302873047,
              39.986849693295355
            ],
            [
              -123.90916640956233,
              39.98661945397052
            ],
            [
              -123.90921137110935,
              39.986412644920684
            ],
            [
              -123.90918577860992,
              39.9860656272826
            ],
            [
              -123.90909648681009,
              39.9858630562657
            ],
            [
              -123.90839621885536,
              39.985157344818454
            ],
            [
              -123.90837087205061,
              39.98488237263108
            ],
            [
              -123.9086579866974,
              39.98464183447106
            ],
            [
              -123.90896651512293,
              39.98451309686841
            ],
            [
              -123.9099037292517,
              39.98426264547236
            ],
            [
              -123.91043943475684,
              39.984087010721716
            ],
            [
              -123.91107799415046,
              39.983793804133455
            ],
            [
              -123.91145786487296,
              39.98353398731729
            ],
            [
              -123.91177827024543,
              39.982999449935164
            ],
            [
              -123.91186584760112,
              39.98274722594097
            ],
            [
              -123.9119354499407,
              39.98218811550036
            ],
            [
              -123.91203755667568,
              39.982015546713825
            ],
            [
              -123.91221771350588,
              39.981816126896256
            ],
            [
              -123.91265557361407,
              39.98149774642666
            ],
            [
              -123.91323171544074,
              39.98094339120939
            ],
            [
              -123.9138159381272,
              39.98025365672174
            ],
            [
              -123.91396826805854,
              39.98001373104191
            ],
            [
              -123.91415185646625,
              39.97947633496356
            ],
            [
              -123.91445155346503,
              39.978073072098866
            ],
            [
              -123.91470052857873,
              39.97730118541658
            ],
            [
              -123.9147183695228,
              39.97695825281639
            ],
            [
              -123.91465670664456,
              39.976765529904746
            ],
            [
              -123.91434562777613,
              39.97634845996433
            ],
            [
              -123.91470433346377,
              39.976192909517245
            ],
            [
              -123.91510448471463,
              39.976113482393
            ],
            [
              -123.91534282779061,
              39.975858996394805
            ],
            [
              -123.91555210810576,
              39.97556854861667
            ],
            [
              -123.91564109037994,
              39.975343309204746
            ],
            [
              -123.91569280537172,
              39.975085764135414
            ],
            [
              -123.91575161156231,
              39.974108204928356
            ],
            [
              -123.91576137653766,
              39.97322047540672
            ],
            [
              -123.91574005864584,
              39.97173363998946
            ],
            [
              -123.91563294848436,
              39.971049636906
            ],
            [
              -123.91565053464859,
              39.97057259069306
            ],
            [
              -123.9160291680785,
              39.969808265229865
            ],
            [
              -123.91619133459497,
              39.96931564773209
            ],
            [
              -123.91620096926326,
              39.96901803533701
            ],
            [
              -123.91607035850478,
              39.968551011508644
            ],
            [
              -123.91615040760034,
              39.96831607409866
            ],
            [
              -123.91642422903946,
              39.96808846843223
            ],
            [
              -123.9167258633219,
              39.96790136474793
            ],
            [
              -123.91731287602296,
              39.967613285803765
            ],
            [
              -123.91774391599263,
              39.96728523219667
            ],
            [
              -123.91818076607107,
              39.96714691181129
            ],
            [
              -123.91865886247965,
              39.96710200775831
            ],
            [
              -123.91905090293818,
              39.96709054081089
            ],
            [
              -123.91932113433072,
              39.96723229063964
            ],
            [
              -123.92029464494313,
              39.967531133675564
            ],
            [
              -123.92097038352532,
              39.96782314862212
            ],
            [
              -123.9213528968091,
              39.968049741705585
            ],
            [
              -123.92156514307807,
              39.96822316735589
            ],
            [
              -123.92197023349361,
              39.968413816813396
            ],
            [
              -123.92216773953373,
              39.968619262366396
            ],
            [
              -123.9223361953903,
              39.96889770308444
            ],
            [
              -123.92243134250914,
              39.96933795161271
            ],
            [
              -123.92241084609793,
              39.97004584552073
            ],
            [
              -123.92250611282392,
              39.97044103227266
            ],
            [
              -123.92272483675087,
              39.97078178915096
            ],
            [
              -123.92307845993936,
              39.97107684792011
            ],
            [
              -123.92378005253352,
              39.97148076499413
            ],
            [
              -123.92414171281779,
              39.97173504594877
            ],
            [
              -123.92441059467862,
              39.971980433689
            ],
            [
              -123.92525108556381,
              39.972874457130764
            ],
            [
              -123.92555491830876,
              39.9731152057371
            ],
            [
              -123.92608726721897,
              39.9734712863313
            ],
            [
              -123.92676782454022,
              39.973871226915705
            ],
            [
              -123.92700999615144,
              39.97390587753631
            ],
            [
              -123.9272814280569,
              39.97389905765916
            ],
            [
              -123.92915011589577,
              39.973162823612505
            ],
            [
              -123.92998174082841,
              39.972696690052516
            ],
            [
              -123.93014373589021,
              39.972182486133825
            ],
            [
              -123.93067187858982,
              39.97143506114161
            ],
            [
              -123.93088718178282,
              39.971229971771876
            ],
            [
              -123.93211189780125,
              39.970644011333846
            ],
            [
              -123.9326124083653,
              39.97055864945823
            ],
            [
              -123.93341897251159,
              39.97053839654637
            ],
            [
              -123.93389802912525,
              39.97038164241228
            ],
            [
              -123.93414217105384,
              39.97023603699691
            ],
            [
              -123.93439257879395,
              39.9701793333532
            ],
            [
              -123.93492052479556,
              39.970188665069124
            ],
            [
              -123.9352551693691,
              39.9702670850175
            ],
            [
              -123.93599820192003,
              39.970094717790296
            ],
            [
              -123.93633027676606,
              39.96968585730976
            ],
            [
              -123.93654784548943,
              39.96926546700255
            ],
            [
              -123.93683568097734,
              39.96902018809446
            ],
            [
              -123.93720806591811,
              39.968841641059704
            ],
            [
              -123.93770232614804,
              39.968661856838885
            ],
            [
              -123.93832436367053,
              39.96848079298992
            ],
            [
              -123.93925471258765,
              39.968149254959016
            ],
            [
              -123.93969235713057,
              39.96793789297134
            ],
            [
              -123.94001581611782,
              39.967633899130526
            ],
            [
              -123.94080847584407,
              39.96595619233167
            ],
            [
              -123.94111029931412,
              39.965705972215055
            ],
            [
              -123.94189332073019,
              39.965163868593216
            ],
            [
              -123.94228722753458,
              39.96497109247301
            ],
            [
              -123.94311522850673,
              39.96491475395622
            ],
            [
              -123.94372795853052,
              39.964914156950215
            ],
            [
              -123.94452846598415,
              39.96476325731979
            ],
            [
              -123.94598496336963,
              39.96462569268653
            ],
            [
              -123.94643280819089,
              39.96471230360737
            ],
            [
              -123.94673130397149,
              39.964921618625745
            ],
            [
              -123.9477124733573,
              39.96596767711003
            ],
            [
              -123.94850519053799,
              39.96668653077452
            ],
            [
              -123.94894401531833,
              39.96695712593886
            ],
            [
              -123.94974730063795,
              39.96722150395081
            ],
            [
              -123.95046378052974,
              39.96770208842421
            ],
            [
              -123.95078972674496,
              39.967964744333344
            ],
            [
              -123.9510433626985,
              39.96825110260893
            ],
            [
              -123.95133404867208,
              39.96842478827044
            ],
            [
              -123.95167577004392,
              39.96852546645625
            ],
            [
              -123.95192639742247,
              39.9684598628423
            ],
            [
              -123.95288100763217,
              39.96783996610305
            ],
            [
              -123.95322426259135,
              39.967665956932095
            ],
            [
              -123.95355263777986,
              39.96762204659561
            ],
            [
              -123.95398053503264,
              39.96762367386952
            ],
            [
              -123.95433783824724,
              39.96753914408917
            ],
            [
              -123.95457429004153,
              39.96744245586902
            ],
            [
              -123.955031480049,
              39.96736289360978
            ],
            [
              -123.9556016509677,
              39.967394141201986
            ],
            [
              -123.95675238957848,
              39.96714999763458
            ],
            [
              -123.95724565440881,
              39.96699267634061
            ],
            [
              -123.95779148327192,
              39.96666433466139
            ],
            [
              -123.95856607624219,
              39.96610340507614
            ],
            [
              -123.95910310458177,
              39.96586907432309
            ],
            [
              -123.95960381644012,
              39.9657213757339
            ],
            [
              -123.96014061616269,
              39.96559067209415
            ],
            [
              -123.96059700120433,
              39.96557783575007
            ],
            [
              -123.96148951409174,
              39.965461731644666
            ],
            [
              -123.9620247922664,
              39.9654580344016
            ],
            [
              -123.96312141034961,
              39.96555242319776
            ],
            [
              -123.96345025093731,
              39.96554467328743
            ],
            [
              -123.96417890327797,
              39.96534554538862
            ],
            [
              -123.96452981828992,
              39.965184616469074
            ],
            [
              -123.9644827674509,
              39.96493935708044
            ],
            [
              -123.96442889270791,
              39.96466265413557
            ],
            [
              -123.96382096249441,
              39.964280438491606
            ],
            [
              -123.96308519780425,
              39.963944566105404
            ],
            [
              -123.96254865391721,
              39.963641974861666
            ],
            [
              -123.9622693659504,
              39.96314010096074
            ],
            [
              -123.96235151455329,
              39.962670800137985
            ],
            [
              -123.962342755795,
              39.96220709721474
            ],
            [
              -123.96215623363408,
              39.96190225712621
            ],
            [
              -123.96189226375775,
              39.96180981177891
            ],
            [
              -123.9609640929246,
              39.96168647539824
            ],
            [
              -123.95990086680152,
              39.961483737764205
            ],
            [
              -123.95910784249907,
              39.96101734860117
            ],
            [
              -123.95894956169897,
              39.960847603859044
            ],
            [
              -123.95810668223226,
              39.96049444213402
            ],
            [
              -123.95778486493451,
              39.96019943966171
            ],
            [
              -123.95734784801928,
              39.95968544346974
            ],
            [
              -123.95684713890125,
              39.95922583782827
            ],
            [
              -123.95585454317563,
              39.958927047507814
            ],
            [
              -123.95464855162983,
              39.95892788516228
            ],
            [
              -123.95432035409668,
              39.95875105829761
            ],
            [
              -123.95376539306137,
              39.95746699762275
            ],
            [
              -123.95320113149938,
              39.95693551956223
            ],
            [
              -123.9521870226576,
              39.956691436026645
            ],
            [
              -123.94996906486706,
              39.95665540785241
            ],
            [
              -123.949148641862,
              39.95654560016305
            ],
            [
              -123.94857644325285,
              39.95609008156598
            ],
            [
              -123.94838804382198,
              39.95535735899437
            ],
            [
              -123.94839968014486,
              39.954754196878
            ],
            [
              -123.9481712511311,
              39.95453996853994
            ],
            [
              -123.94709398356096,
              39.95439962781264
            ],
            [
              -123.94635861170717,
              39.954216945103056
            ],
            [
              -123.94560822965876,
              39.95388511643457
            ],
            [
              -123.94512153019274,
              39.95342502012332
            ],
            [
              -123.94473296338974,
              39.95265364363854
            ],
            [
              -123.9441962516728,
              39.95202666599828
            ],
            [
              -123.94354630109194,
              39.951797873391975
            ],
            [
              -123.94320310099036,
              39.95157996578023
            ],
            [
              -123.94276594042874,
              39.95099301081595
            ],
            [
              -123.94218611933641,
              39.95043497390134
            ],
            [
              -123.94166994624673,
              39.94979478355627
            ],
            [
              -123.94182424446876,
              39.94931686796558
            ],
            [
              -123.94252820180988,
              39.94879249319595
            ],
            [
              -123.9432024636852,
              39.948151954083926
            ],
            [
              -123.94393485738867,
              39.94767271555797
            ],
            [
              -123.94413232487499,
              39.94727533929784
            ],
            [
              -123.94408537135011,
              39.94627947654483
            ],
            [
              -123.94444823990743,
              39.9460561526522
            ],
            [
              -123.94515998955501,
              39.94600098723706
            ],
            [
              -123.94575070359123,
              39.945698275920584
            ],
            [
              -123.94613465963626,
              39.94530308073996
            ],
            [
              -123.94643207566777,
              39.94517009914309
            ],
            [
              -123.94770687920392,
              39.944822128062164
            ],
            [
              -123.94834053814176,
              39.944582921374135
            ],
            [
              -123.94892344608576,
              39.94428494657433
            ],
            [
              -123.94925127393459,
              39.94415183218973
            ],
            [
              -123.95081121486231,
              39.94387759165134
            ],
            [
              -123.95078805740417,
              39.943585512007296
            ],
            [
              -123.95031404064082,
              39.94275102640486
            ],
            [
              -123.9502270903686,
              39.94242329596447
            ],
            [
              -123.95021936383769,
              39.94078837403863
            ],
            [
              -123.94988897895881,
              39.940205203418394
            ],
            [
              -123.94948101686123,
              39.93985255760379
            ],
            [
              -123.94908686124373,
              39.93930211383143
            ],
            [
              -123.9488073445725,
              39.93905600175376
            ],
            [
              -123.94805773319976,
              39.93875566751983
            ],
            [
              -123.9472663855922,
              39.938618040185304
            ],
            [
              -123.94661718339245,
              39.93835321017416
            ],
            [
              -123.94637214368225,
              39.937878208925234
            ],
            [
              -123.94645510730568,
              39.937246735458785
            ],
            [
              -123.94610315370805,
              39.936757998749584
            ],
            [
              -123.94566853851724,
              39.93654120307575
            ],
            [
              -123.94491927459737,
              39.93651113139778
            ],
            [
              -123.94411398245312,
              39.93641895225553
            ],
            [
              -123.94337911847718,
              39.936194710235895
            ],
            [
              -123.94292049894995,
              39.93573008138088
            ],
            [
              -123.94251872077207,
              39.93508441667756
            ],
            [
              -123.94188913028714,
              39.934382844410855
            ],
            [
              -123.9414445457554,
              39.93380513677724
            ],
            [
              -123.94067208307699,
              39.933189351439246
            ],
            [
              -123.94006586786098,
              39.933027714526446
            ],
            [
              -123.9393030423029,
              39.933002564193636
            ],
            [
              -123.93740112777988,
              39.93317146069531
            ],
            [
              -123.93629054221576,
              39.93340514636867
            ],
            [
              -123.93518636125748,
              39.93356739626379
            ],
            [
              -123.93435969146026,
              39.93360097271018
            ],
            [
              -123.93370887747766,
              39.93326407873392
            ],
            [
              -123.93335889198913,
              39.9328978360369
            ],
            [
              -123.93296435682721,
              39.93240492763891
            ],
            [
              -123.93276317270757,
              39.932082533820726
            ],
            [
              -123.93230657450769,
              39.93176207358276
            ],
            [
              -123.9319135784589,
              39.9315348815871
            ],
            [
              -123.93121863756816,
              39.93068500759534
            ],
            [
              -123.93112558092032,
              39.93050060700876
            ],
            [
              -123.93043285979459,
              39.930321831179945
            ],
            [
              -123.9297423332234,
              39.9304221446326
            ],
            [
              -123.92918578844579,
              39.93022366737029
            ],
            [
              -123.92869310303473,
              39.929952908738386
            ],
            [
              -123.92787884428435,
              39.929706792132
            ],
            [
              -123.92640083505006,
              39.929065682352004
            ],
            [
              -123.92584479396818,
              39.92887617879868
            ],
            [
              -123.92483176069578,
              39.928663388571735
            ],
            [
              -123.92409605929066,
              39.92825073558055
            ],
            [
              -123.92379527945347,
              39.927865742738476
            ],
            [
              -123.92355880581331,
              39.92747152412063
            ],
            [
              -123.92323667480218,
              39.927063703841206
            ],
            [
              -123.92229288461274,
              39.92632798751134
            ],
            [
              -123.92165058777842,
              39.926017776232705
            ],
            [
              -123.92101486025581,
              39.9258291098357
            ],
            [
              -123.91975325499486,
              39.92560883973033
            ],
            [
              -123.91888246862072,
              39.92533743491643
            ],
            [
              -123.91842554447166,
              39.92502946645247
            ],
            [
              -123.91748279338104,
              39.92464502358474
            ],
            [
              -123.91632837085375,
              39.92472226213129
            ],
            [
              -123.91514016191509,
              39.92497442514653
            ],
            [
              -123.91395675806271,
              39.924948130870874
            ],
            [
              -123.91297933934928,
              39.92465385441022
            ],
            [
              -123.91254377952602,
              39.924436278015605
            ],
            [
              -123.91153097276172,
              39.92424673375323
            ],
            [
              -123.91067639379155,
              39.92419461705096
            ],
            [
              -123.91036943518208,
              39.92412961631435
            ],
            [
              -123.91000675377605,
              39.92426725638113
            ],
            [
              -123.90901560197356,
              39.92419411120887
            ],
            [
              -123.90812463031212,
              39.923962093209646
            ],
            [
              -123.90696152317393,
              39.923597108667245
            ],
            [
              -123.90646227291371,
              39.923502162077554
            ],
            [
              -123.90610531180002,
              39.923487446263714
            ],
            [
              -123.90484880823638,
              39.92286142985009
            ],
            [
              -123.90422170921161,
              39.92285346237603
            ],
            [
              -123.90296007629163,
              39.92252040218221
            ],
            [
              -123.90153863429042,
              39.92169789518558
            ],
            [
              -123.90107085898102,
              39.92138388126548
            ],
            [
              -123.9000982795365,
              39.92133541064862
            ],
            [
              -123.89942144882332,
              39.92144412536083
            ],
            [
              -123.89878124501084,
              39.92165638437596
            ],
            [
              -123.89728051851375,
              39.92254621186249
            ],
            [
              -123.89702391701566,
              39.92260741133184
            ],
            [
              -123.89680992002242,
              39.9225277392189
            ],
            [
              -123.89631789843921,
              39.92219829331186
            ],
            [
              -123.8955751344791,
              39.921847917792725
            ],
            [
              -123.89496784702108,
              39.921613884852476
            ],
            [
              -123.89414790698619,
              39.92139472616915
            ],
            [
              -123.89319832012362,
              39.92074907874676
            ],
            [
              -123.89226352351841,
              39.92041373838327
            ],
            [
              -123.89155797153539,
              39.92025233418815
            ],
            [
              -123.89012547637807,
              39.92025438356129
            ],
            [
              -123.88896365603591,
              39.92019196702584
            ],
            [
              -123.88759465355962,
              39.92003963693871
            ],
            [
              -123.8868260370641,
              39.92025308065407
            ],
            [
              -123.88654155196289,
              39.92045759417261
            ],
            [
              -123.88600059417516,
              39.92058811100473
            ],
            [
              -123.88510267372347,
              39.920464122277416
            ],
            [
              -123.88459658118437,
              39.92048640986805
            ],
            [
              -123.88432744395229,
              39.92086244796557
            ],
            [
              -123.88447313339155,
              39.92164526581572
            ],
            [
              -123.88487450851215,
              39.92258305031701
            ],
            [
              -123.88559933344207,
              39.924046658357476
            ],
            [
              -123.88570102607976,
              39.92446421550303
            ],
            [
              -123.8852304695697,
              39.92450876092876
            ],
            [
              -123.88348328859023,
              39.923814257370175
            ],
            [
              -123.88251619119093,
              39.92347087535324
            ],
            [
              -123.88108669708815,
              39.92344117278044
            ],
            [
              -123.88009019486226,
              39.92375452091711
            ],
            [
              -123.87951466413446,
              39.92412399777239
            ],
            [
              -123.87903868691899,
              39.92437588909613
            ],
            [
              -123.8784978469104,
              39.92475775609677
            ],
            [
              -123.87812908709441,
              39.92511270931535
            ],
            [
              -123.8771817268338,
              39.92562801356451
            ],
            [
              -123.876534236726,
              39.925849406004495
            ],
            [
              -123.87602884064646,
              39.926195828682516
            ],
            [
              -123.87535097882183,
              39.926286544503114
            ],
            [
              -123.87492337893742,
              39.92628563916085
            ],
            [
              -123.87381110379141,
              39.9261854849418
            ],
            [
              -123.87351027632963,
              39.92612470224839
            ],
            [
              -123.87236369108223,
              39.9265706586231
            ],
            [
              -123.87084647934304,
              39.927027252390154
            ],
            [
              -123.87009901856092,
              39.927358025583786
            ],
            [
              -123.86927939983715,
              39.927868405892426
            ],
            [
              -123.86886012579504,
              39.92824545190686
            ],
            [
              -123.8682133980581,
              39.92875054344905
            ],
            [
              -123.8668246867593,
              39.92944995564466
            ],
            [
              -123.8662124039775,
              39.92965286246919
            ],
            [
              -123.86539994782316,
              39.92984333743088
            ],
            [
              -123.86424440881936,
              39.92978399190655
            ],
            [
              -123.86384470505726,
              39.92971545585121
            ],
            [
              -123.86356377151974,
              39.92907746750523
            ],
            [
              -123.86338966552508,
              39.928313526325
            ],
            [
              -123.86346684506582,
              39.927781395159045
            ],
            [
              -123.86369861094173,
              39.92691928365109
            ],
            [
              -123.86349021917404,
              39.92621311702863
            ],
            [
              -123.8612164346701,
              39.924730397755475
            ],
            [
              -123.86077407364324,
              39.9246027833947
            ],
            [
              -123.86013104282512,
              39.9242518774568
            ],
            [
              -123.85945806806166,
              39.92350891469035
            ],
            [
              -123.85898534291286,
              39.92278681722554
            ],
            [
              -123.85834096765997,
              39.922120500608614
            ],
            [
              -123.85751202379781,
              39.921437598783356
            ],
            [
              -123.85682499472696,
              39.920767113005255
            ],
            [
              -123.85634996153435,
              39.91977932300423
            ],
            [
              -123.85649793866119,
              39.919075684946286
            ],
            [
              -123.85676784762636,
              39.918663654885705
            ],
            [
              -123.85741384719677,
              39.917861342186704
            ],
            [
              -123.85740548674893,
              39.91743370627179
            ],
            [
              -123.85708258770052,
              39.91700337283798
            ],
            [
              -123.8559696497969,
              39.91672825004558
            ],
            [
              -123.85507727421809,
              39.91646438896393
            ],
            [
              -123.85444093983905,
              39.91599599784622
            ],
            [
              -123.85314423452397,
              39.91436994128686
            ],
            [
              -123.85238564657551,
              39.9135828750462
            ],
            [
              -123.85155721282649,
              39.912886272752004
            ],
            [
              -123.8511133961472,
              39.91255598001238
            ],
            [
              -123.8508410305823,
              39.912229329926305
            ],
            [
              -123.85073297228602,
              39.91187420383745
            ],
            [
              -123.85069452099951,
              39.910897107760384
            ],
            [
              -123.85048588765127,
              39.91032158458266
            ],
            [
              -123.85008608850488,
              39.91009000506464
            ],
            [
              -123.84808697569629,
              39.90955974574173
            ],
            [
              -123.84780880603229,
              39.909413454892196
            ],
            [
              -123.84774302471233,
              39.9087425073114
            ],
            [
              -123.8475055153882,
              39.90819505973122
            ],
            [
              -123.84680494601575,
              39.90776284825966
            ],
            [
              -123.84612758685051,
              39.90768673177471
            ],
            [
              -123.84461425396172,
              39.90713040204617
            ],
            [
              -123.84438395214862,
              39.90644757878021
            ],
            [
              -123.84407589229951,
              39.90602562959343
            ],
            [
              -123.84365977819209,
              39.905060323796555
            ],
            [
              -123.84339433511043,
              39.90471095425347
            ],
            [
              -123.84295288294963,
              39.90455622484157
            ],
            [
              -123.84172525056194,
              39.90443954121608
            ],
            [
              -123.84044148464304,
              39.904147236533035
            ],
            [
              -123.83910691058195,
              39.90390410328723
            ],
            [
              -123.83805864042539,
              39.90376743902562
            ],
            [
              -123.83745204439859,
              39.903749457993804
            ],
            [
              -123.83656870640417,
              39.903895774585614
            ],
            [
              -123.83567878516175,
              39.904320864702974
            ],
            [
              -123.83506708083986,
              39.904712766096
            ],
            [
              -123.83471955576584,
              39.905048894609536
            ],
            [
              -123.83423894170122,
              39.90461526590721
            ],
            [
              -123.83371790466738,
              39.90430350066294
            ],
            [
              -123.83278940557796,
              39.903904488830186
            ],
            [
              -123.83141920871866,
              39.903567900098906
            ],
            [
              -123.83104802120343,
              39.90343983590959
            ],
            [
              -123.83049180588715,
              39.90310579462509
            ],
            [
              -123.8296633982663,
              39.902800915250225
            ],
            [
              -123.82816521792927,
              39.90252769781973
            ],
            [
              -123.82785791431576,
              39.902340887267236
            ],
            [
              -123.82768643284226,
              39.90205793824161
            ],
            [
              -123.82751986839065,
              39.901338775300914
            ],
            [
              -123.82749721113458,
              39.90086567027961
            ],
            [
              -123.82753075527552,
              39.90020783394701
            ],
            [
              -123.82742866352295,
              39.89940657786037
            ],
            [
              -123.82671419390813,
              39.89881703976948
            ],
            [
              -123.82597970538917,
              39.89848051254208
            ],
            [
              -123.82532075349182,
              39.897727936685264
            ],
            [
              -123.82481286533822,
              39.89703752860924
            ],
            [
              -123.8244550105906,
              39.896626087597646
            ],
            [
              -123.82412579098289,
              39.89628595036066
            ],
            [
              -123.82356211624395,
              39.89580800306268
            ],
            [
              -123.82283891230041,
              39.89487636480643
            ],
            [
              -123.82160088079404,
              39.89346174745457
            ],
            [
              -123.82111698892069,
              39.89338853587125
            ],
            [
              -123.8202891774573,
              39.89332230145692
            ],
            [
              -123.81764793187281,
              39.893029364316476
            ],
            [
              -123.81768511989772,
              39.892691358433375
            ],
            [
              -123.81717534657638,
              39.89120809303517
            ],
            [
              -123.81689794875659,
              39.88906185408112
            ],
            [
              -123.81656966442591,
              39.8887171698007
            ],
            [
              -123.81626249652477,
              39.88850330193818
            ],
            [
              -123.81602665745118,
              39.888023173191115
            ],
            [
              -123.81599577752317,
              39.88754584416322
            ],
            [
              -123.8161515966848,
              39.88712564269142
            ],
            [
              -123.8163151602005,
              39.88680442266263
            ],
            [
              -123.81648406621312,
              39.886208304934705
            ],
            [
              -123.81646258641715,
              39.88583961115918
            ],
            [
              -123.81630418643697,
              39.88552556493389
            ],
            [
              -123.81631718718933,
              39.88501169359317
            ],
            [
              -123.81640197714263,
              39.88468208514346
            ],
            [
              -123.81643517505216,
              39.8841143612726
            ],
            [
              -123.81624090385309,
              39.88342223473242
            ],
            [
              -123.81614693153753,
              39.88294051587576
            ],
            [
              -123.81627300034813,
              39.8821059947447
            ],
            [
              -123.81600994229728,
              39.88211232070643
            ],
            [
              -123.81541657141672,
              39.88149027154514
            ],
            [
              -123.81460281850904,
              39.8810181968004
            ],
            [
              -123.81326846591679,
              39.88041993990035
            ],
            [
              -123.81247666649577,
              39.880227400644756
            ],
            [
              -123.81177013724293,
              39.88016903770184
            ],
            [
              -123.81054345912298,
              39.87981696615492
            ],
            [
              -123.81015209491055,
              39.879874130330315
            ],
            [
              -123.80973843469383,
              39.88004373109885
            ],
            [
              -123.80946869956797,
              39.880104288174685
            ],
            [
              -123.80923242851013,
              39.87999267281236
            ],
            [
              -123.80893247328062,
              39.8796082417883
            ],
            [
              -123.80838273823154,
              39.879300960987926
            ],
            [
              -123.8072629781759,
              39.87906984438325
            ],
            [
              -123.80686351807083,
              39.878901169927424
            ],
            [
              -123.80618533758009,
              39.87876182886804
            ],
            [
              -123.80543067452388,
              39.87872659608653
            ],
            [
              -123.80484542872988,
              39.87863656877597
            ],
            [
              -123.80452423486051,
              39.878264481412906
            ],
            [
              -123.80421584247078,
              39.877654278271315
            ],
            [
              -123.80393699423323,
              39.877196272934796
            ],
            [
              -123.80350118615019,
              39.87680790986651
            ],
            [
              -123.80300832588878,
              39.876580875704356
            ],
            [
              -123.80181762707461,
              39.876355426682515
            ],
            [
              -123.80177349930146,
              39.8759090433486
            ],
            [
              -123.80194325324132,
              39.87501198179007
            ],
            [
              -123.80195454409915,
              39.87442156994413
            ],
            [
              -123.80189974451774,
              39.87404407423438
            ],
            [
              -123.80173865012748,
              39.87358512330627
            ],
            [
              -123.80142666769923,
              39.873276801639605
            ],
            [
              -123.80088751110596,
              39.87299615573534
            ],
            [
              -123.80023960707383,
              39.872825150324346
            ],
            [
              -123.79984679383544,
              39.87276971299424
            ],
            [
              -123.79856440580977,
              39.872552562893894
            ],
            [
              -123.7979679466327,
              39.872336750613655
            ],
            [
              -123.79690089451921,
              39.87178044937755
            ],
            [
              -123.79464008500008,
              39.870845739108
            ],
            [
              -123.79371572512073,
              39.87040128086872
            ],
            [
              -123.79237041974321,
              39.869901373733015
            ],
            [
              -123.79177954446678,
              39.869792624376245
            ],
            [
              -123.789996594889,
              39.86976012921498
            ],
            [
              -123.78915508107829,
              39.869824718888324
            ],
            [
              -123.7887124978616,
              39.86989507034945
            ],
            [
              -123.78779793671121,
              39.87015292062792
            ],
            [
              -123.7877778584829,
              39.869928330054606
            ],
            [
              -123.78815206079283,
              39.86935830714074
            ],
            [
              -123.78830487233424,
              39.869032959804265
            ],
            [
              -123.78829736100681,
              39.868050315314186
            ],
            [
              -123.78807883886014,
              39.867610294504836
            ],
            [
              -123.7876406675272,
              39.867032870238035
            ],
            [
              -123.78642156929227,
              39.86598207882038
            ],
            [
              -123.78605436718588,
              39.86542584239049
            ],
            [
              -123.78554278989154,
              39.865173177379916
            ],
            [
              -123.78474368287051,
              39.86511033514097
            ],
            [
              -123.78450183546204,
              39.865031354701614
            ],
            [
              -123.78391566764992,
              39.864264791213905
            ],
            [
              -123.78387869790947,
              39.863418195672814
            ],
            [
              -123.78365498833162,
              39.862807159249705
            ],
            [
              -123.78327350158845,
              39.862242352734036
            ],
            [
              -123.78240039370029,
              39.86161243534455
            ],
            [
              -123.78122965890516,
              39.86087734497429
            ],
            [
              -123.78098940299928,
              39.86046853460371
            ],
            [
              -123.78051950521561,
              39.859368613628924
            ],
            [
              -123.7798632743358,
              39.85820152206511
            ],
            [
              -123.77947530604615,
              39.85767293681221
            ],
            [
              -123.77876456773431,
              39.857344282819604
            ],
            [
              -123.77772556004959,
              39.85716631699537
            ],
            [
              -123.77661281973005,
              39.857083365624575
            ],
            [
              -123.77461594632493,
              39.85711491035766
            ],
            [
              -123.77321874613244,
              39.857187448130425
            ],
            [
              -123.77232885506155,
              39.85697248873187
            ],
            [
              -123.77138369476057,
              39.856501486332746
            ],
            [
              -123.77048807364974,
              39.85599827942951
            ],
            [
              -123.76991199010239,
              39.855790719192136
            ],
            [
              -123.76920700776732,
              39.85566451450286
            ],
            [
              -123.76841771043786,
              39.855449122817745
            ],
            [
              -123.76776521756899,
              39.85498000075624
            ],
            [
              -123.76756936218504,
              39.85435991794871
            ],
            [
              -123.76740348266273,
              39.853576808489954
            ],
            [
              -123.76732341995543,
              39.852996388961024
            ],
            [
              -123.76738835143495,
              39.852172011912025
            ],
            [
              -123.76802425109317,
              39.85161290328909
            ],
            [
              -123.76831173128656,
              39.851246455310914
            ],
            [
              -123.76885857234305,
              39.85048571210297
            ],
            [
              -123.76918391059539,
              39.849938910373744
            ],
            [
              -123.76942968883397,
              39.849423268996354
            ],
            [
              -123.77069187984735,
              39.848262261854906
            ],
            [
              -123.77106140668964,
              39.84748876885621
            ],
            [
              -123.77123170502868,
              39.84665931799537
            ],
            [
              -123.77169280559883,
              39.845804758180016
            ],
            [
              -123.77273622374328,
              39.84450898764742
            ],
            [
              -123.77300212015733,
              39.84412881887733
            ],
            [
              -123.77313436264998,
              39.84365985788188
            ],
            [
              -123.77318628544663,
              39.841200072802074
            ],
            [
              -123.77315547534407,
              39.84053343441268
            ],
            [
              -123.77300911261415,
              39.83999392635534
            ],
            [
              -123.77268771083502,
              39.839180379779705
            ],
            [
              -123.77220091110364,
              39.83836389609211
            ],
            [
              -123.77180707725991,
              39.836586895252765
            ],
            [
              -123.77185365370529,
              39.836109032876266
            ],
            [
              -123.77212834937403,
              39.83548989129301
            ],
            [
              -123.77258876538039,
              39.83500456406365
            ],
            [
              -123.7732807231245,
              39.8347482776688
            ],
            [
              -123.77404546920049,
              39.834585208016776
            ],
            [
              -123.77470357484208,
              39.83427493789528
            ],
            [
              -123.7750705216429,
              39.83377189782526
            ],
            [
              -123.77527430693732,
              39.833167469349206
            ],
            [
              -123.7760639527166,
              39.832242434385044
            ],
            [
              -123.77608966754022,
              39.83163009360141
            ],
            [
              -123.77587381108816,
              39.83100516745842
            ],
            [
              -123.77576299764051,
              39.83047440815271
            ],
            [
              -123.77628503139587,
              39.82916842976742
            ],
            [
              -123.77633965333507,
              39.82859208152691
            ],
            [
              -123.77604409937639,
              39.82799493274178
            ],
            [
              -123.77628199597893,
              39.82756960708887
            ],
            [
              -123.77704629930763,
              39.82730744357492
            ],
            [
              -123.77757512883751,
              39.82706517851679
            ],
            [
              -123.7782845706369,
              39.82661902532708
            ],
            [
              -123.77840953140907,
              39.82598293888179
            ],
            [
              -123.77820977613563,
              39.82494865021206
            ],
            [
              -123.77812358891674,
              39.82407471605738
            ],
            [
              -123.77832752803272,
              39.82383423176044
            ],
            [
              -123.7783627260603,
              39.82370945376863
            ],
            [
              -123.77848997093022,
              39.82355480369699
            ],
            [
              -123.77864575710807,
              39.82347161353939
            ],
            [
              -123.77873716600152,
              39.82329526137988
            ],
            [
              -123.77914239420085,
              39.82319442916811
            ],
            [
              -123.7792414600886,
              39.82311692829951
            ],
            [
              -123.77973304236201,
              39.82310900493876
            ],
            [
              -123.7799528685791,
              39.82297051121774
            ],
            [
              -123.78021625971519,
              39.822925264115476
            ],
            [
              -123.78037927051506,
              39.82284749497533
            ],
            [
              -123.78073531297194,
              39.82281275679015
            ],
            [
              -123.78102613948913,
              39.822640975261976
            ],
            [
              -123.78150240383994,
              39.82250670041856
            ],
            [
              -123.7817652206456,
              39.82240095648626
            ],
            [
              -123.78302363039303,
              39.82210343941102
            ],
            [
              -123.7834283502153,
              39.82191447986373
            ],
            [
              -123.7836913527202,
              39.8218692371232
            ],
            [
              -123.78428627244699,
              39.82141561137721
            ],
            [
              -123.78443398825625,
              39.821134506403716
            ],
            [
              -123.78455416739489,
              39.8210129976994
            ],
            [
              -123.78460898998073,
              39.820737978283276
            ],
            [
              -123.78481359066993,
              39.82048958493927
            ],
            [
              -123.7848472540244,
              39.82023661661334
            ],
            [
              -123.78520002719988,
              39.81992806072632
            ],
            [
              -123.78545248216574,
              39.819538317544
            ],
            [
              -123.7857878928784,
              39.81937402638366
            ],
            [
              -123.78648089907503,
              39.8191129995069
            ],
            [
              -123.78725936436031,
              39.81901345599879
            ],
            [
              -123.78787893300128,
              39.81898621038915
            ],
            [
              -123.78859868996987,
              39.81899474766049
            ],
            [
              -123.78882722407113,
              39.818799369355624
            ],
            [
              -123.78893681470723,
              39.81852395266937
            ],
            [
              -123.78909873577011,
              39.8176578448913
            ],
            [
              -123.78967691486513,
              39.815482632801114
            ],
            [
              -123.79000069983731,
              39.81489066450839
            ],
            [
              -123.79030421655197,
              39.8144292340446
            ],
            [
              -123.7911681131378,
              39.81415306317618
            ],
            [
              -123.79200729762738,
              39.81427314648892
            ],
            [
              -123.79256861338035,
              39.81458915322042
            ],
            [
              -123.79302242601996,
              39.814973207806
            ],
            [
              -123.79349003113968,
              39.815236348433665
            ],
            [
              -123.79410244227424,
              39.81536693379782
            ],
            [
              -123.7945945640998,
              39.81536345272278
            ],
            [
              -123.7958491454007,
              39.81528337142695
            ],
            [
              -123.7965326242664,
              39.815318992917206
            ],
            [
              -123.79745056079452,
              39.81551953591538
            ],
            [
              -123.79839531643098,
              39.815919097489406
            ],
            [
              -123.79913360661054,
              39.8163683636198
            ],
            [
              -123.80048238552077,
              39.81709322707874
            ],
            [
              -123.80119414701755,
              39.81737667365501
            ],
            [
              -123.80201861038188,
              39.817641155259196
            ],
            [
              -123.80274411180994,
              39.81783041285501
            ],
            [
              -123.80326416686596,
              39.81782251056112
            ],
            [
              -123.80358658734285,
              39.8177251337863
            ],
            [
              -123.8038513320471,
              39.81748907152933
            ],
            [
              -123.80413105118116,
              39.817154306781504
            ],
            [
              -123.804297420137,
              39.816819541125106
            ],
            [
              -123.80438566588715,
              39.81640876596591
            ],
            [
              -123.80448628308602,
              39.81528233741106
            ],
            [
              -123.80462277314884,
              39.814605185563856
            ],
            [
              -123.80421354201361,
              39.81438278676509
            ],
            [
              -123.80370958206163,
              39.81402620567441
            ],
            [
              -123.80278122450508,
              39.813226194999594
            ],
            [
              -123.80204997902571,
              39.81288395719367
            ],
            [
              -123.801644299983,
              39.812841609386574
            ],
            [
              -123.80111055365131,
              39.8127193132208
            ],
            [
              -123.80060686517635,
              39.81243043681124
            ],
            [
              -123.79950835424349,
              39.81141494232318
            ],
            [
              -123.79895417087754,
              39.81121585858134
            ],
            [
              -123.79828525383856,
              39.81110772388171
            ],
            [
              -123.79745773997898,
              39.8111134380872
            ],
            [
              -123.7967244702997,
              39.81115957371873
            ],
            [
              -123.79584140177873,
              39.811066059880716
            ],
            [
              -123.79518023649857,
              39.81085491130395
            ],
            [
              -123.79444920970946,
              39.810318970387954
            ],
            [
              -123.79413914524007,
              39.809816902388484
            ],
            [
              -123.7937931407362,
              39.80941770389106
            ],
            [
              -123.79318360974268,
              39.80900329319005
            ],
            [
              -123.79249464768672,
              39.80864339002386
            ],
            [
              -123.78925865777055,
              39.80654798882974
            ],
            [
              -123.78862803771563,
              39.80609266171394
            ],
            [
              -123.7879914589868,
              39.8054032948498
            ],
            [
              -123.78768957213902,
              39.80474785948178
            ],
            [
              -123.7874232847405,
              39.80405976263297
            ],
            [
              -123.78710076488693,
              39.803386790365415
            ],
            [
              -123.78603381615811,
              39.80197935534077
            ],
            [
              -123.78571790868764,
              39.80127830210154
            ],
            [
              -123.78537910294176,
              39.79972686035847
            ],
            [
              -123.78531203439897,
              39.79911004023522
            ],
            [
              -123.78547271188212,
              39.79862219371303
            ],
            [
              -123.78570791968907,
              39.7985002435952
            ],
            [
              -123.78607974865362,
              39.79830724978356
            ],
            [
              -123.78744986003521,
              39.79803719651628
            ],
            [
              -123.78783489473102,
              39.7979082304253
            ],
            [
              -123.78851446390874,
              39.79759722064566
            ],
            [
              -123.78918032587255,
              39.797156033929134
            ],
            [
              -123.78948789354112,
              39.796815947072766
            ],
            [
              -123.78990555808133,
              39.796168993114286
            ],
            [
              -123.79011583522822,
              39.7957571684714
            ],
            [
              -123.79040463310379,
              39.79508437139638
            ],
            [
              -123.79046597274125,
              39.79439423200836
            ],
            [
              -123.79031451581587,
              39.79361619572274
            ],
            [
              -123.79002727879919,
              39.792883575621204
            ],
            [
              -123.7898164970057,
              39.79244786661625
            ],
            [
              -123.789761366238,
              39.79222351928252
            ],
            [
              -123.7898289396978,
              39.79180792029016
            ],
            [
              -123.7900385513715,
              39.79120777921061
            ],
            [
              -123.79042757556164,
              39.79066433453508
            ],
            [
              -123.79068959612638,
              39.789919437699965
            ],
            [
              -123.79072837070012,
              39.78830232842564
            ],
            [
              -123.79090155524501,
              39.78785914118023
            ],
            [
              -123.792124809032,
              39.78595414187014
            ],
            [
              -123.79243477898798,
              39.785415785396474
            ],
            [
              -123.79261070218466,
              39.78479334301447
            ],
            [
              -123.79269345643831,
              39.78404496888512
            ],
            [
              -123.79281832275379,
              39.78359339979587
            ],
            [
              -123.79302681035492,
              39.783218652363786
            ],
            [
              -123.79409462429653,
              39.782283100588934
            ],
            [
              -123.7943400682164,
              39.78178995434962
            ],
            [
              -123.79413175222918,
              39.780993832492356
            ],
            [
              -123.79323828303141,
              39.78035567658304
            ],
            [
              -123.79261334356657,
              39.78007684883502
            ],
            [
              -123.79203252194304,
              39.7795848366324
            ],
            [
              -123.7915453037422,
              39.779002658178555
            ],
            [
              -123.7911148899311,
              39.77829800280791
            ],
            [
              -123.79090456526094,
              39.777848745693596
            ],
            [
              -123.79040169453374,
              39.77633925707512
            ],
            [
              -123.78925410362197,
              39.77335069970938
            ],
            [
              -123.78888711326697,
              39.77279002825827
            ],
            [
              -123.78851234695007,
              39.772522328323525
            ],
            [
              -123.78799322250991,
              39.77229595213946
            ],
            [
              -123.78731925972416,
              39.77192220273636
            ],
            [
              -123.78680196882536,
              39.771525601345616
            ],
            [
              -123.78610961727064,
              39.770818153758974
            ],
            [
              -123.785436381301,
              39.770345288822504
            ],
            [
              -123.78418494600756,
              39.770019979582464
            ],
            [
              -123.7835590338472,
              39.769804048733405
            ],
            [
              -123.78310494942016,
              39.769563144287574
            ],
            [
              -123.78230513756178,
              39.76901490575823
            ],
            [
              -123.78140553133359,
              39.76834531917979
            ],
            [
              -123.78039317350257,
              39.768347596977144
            ],
            [
              -123.77978731013745,
              39.768518510661785
            ],
            [
              -123.77874071708294,
              39.76852998116849
            ],
            [
              -123.77837732429762,
              39.76850962124458
            ],
            [
              -123.77778890232,
              39.7681844240952
            ],
            [
              -123.77730663702563,
              39.76784978310956
            ],
            [
              -123.77579802384821,
              39.76658999540545
            ],
            [
              -123.77546667051324,
              39.76615063419365
            ],
            [
              -123.77493991899183,
              39.765117422972054
            ],
            [
              -123.7746015287572,
              39.764583823545166
            ],
            [
              -123.77409886954386,
              39.76420024725193
            ],
            [
              -123.77222053213039,
              39.76292828737866
            ],
            [
              -123.77194489230985,
              39.762619645801074
            ],
            [
              -123.77185745502193,
              39.762029639157824
            ],
            [
              -123.7720886640391,
              39.76152812772936
            ],
            [
              -123.77262807472525,
              39.76063685882398
            ],
            [
              -123.77270962490473,
              39.76015877385907
            ],
            [
              -123.77258754191307,
              39.7594212353093
            ],
            [
              -123.7724727782741,
              39.75835919864305
            ],
            [
              -123.7722514913612,
              39.75755345985841
            ],
            [
              -123.77168478790497,
              39.757102460590005
            ],
            [
              -123.7709248411784,
              39.75675645071419
            ],
            [
              -123.76985300154455,
              39.756366816454644
            ],
            [
              -123.76952825963828,
              39.75599042496919
            ],
            [
              -123.76925518490711,
              39.75524936207007
            ],
            [
              -123.76878365640725,
              39.754554027226845
            ],
            [
              -123.76819446801024,
              39.75434592072628
            ],
            [
              -123.76721838057487,
              39.75427590555767
            ],
            [
              -123.76628826204644,
              39.75407021265223
            ],
            [
              -123.76554963970464,
              39.753796423547634
            ],
            [
              -123.76495314274497,
              39.75353814557555
            ],
            [
              -123.76442861130039,
              39.75318136475755
            ],
            [
              -123.7639903748279,
              39.75276960393678
            ],
            [
              -123.76354004290427,
              39.752038460421
            ],
            [
              -123.76303793962393,
              39.751591757045034
            ],
            [
              -123.76237930611894,
              39.751140858895255
            ],
            [
              -123.762005164466,
              39.75066138346827
            ],
            [
              -123.76204564428713,
              39.749908868771215
            ],
            [
              -123.76296486426355,
              39.74889808867353
            ],
            [
              -123.76318397409858,
              39.74857246023694
            ],
            [
              -123.76333235664262,
              39.748121210789186
            ],
            [
              -123.7632654338646,
              39.7475449668644
            ],
            [
              -123.76282905471287,
              39.7466017120063
            ],
            [
              -123.76221806567283,
              39.745132365869125
            ],
            [
              -123.76212414613966,
              39.74474074119188
            ],
            [
              -123.76171884702424,
              39.744811697732445
            ],
            [
              -123.76079422771033,
              39.744844473601894
            ],
            [
              -123.75918749002508,
              39.74516116624529
            ],
            [
              -123.75877556065011,
              39.7451954392572
            ],
            [
              -123.75843310896944,
              39.74505364549876
            ],
            [
              -123.75797092020017,
              39.74470028530146
            ],
            [
              -123.75781275366558,
              39.74442222935895
            ],
            [
              -123.75814371776407,
              39.74360961038602
            ],
            [
              -123.75810018154148,
              39.74321731026759
            ],
            [
              -123.75762048193234,
              39.74265816902038
            ],
            [
              -123.75713638540196,
              39.74240374587054
            ],
            [
              -123.75643068490412,
              39.74210639641493
            ],
            [
              -123.75500774633421,
              39.742062453187266
            ],
            [
              -123.75463003593435,
              39.741852475445334
            ],
            [
              -123.75408178730734,
              39.7414151947025
            ],
            [
              -123.75301015057629,
              39.740042785316646
            ],
            [
              -123.75259516649236,
              39.73935652295009
            ],
            [
              -123.75197272162958,
              39.738639606060154
            ],
            [
              -123.75129865676091,
              39.73822515641284
            ],
            [
              -123.75102027265332,
              39.738150750504715
            ],
            [
              -123.75080257299942,
              39.73803495948338
            ],
            [
              -123.75034885716724,
              39.73792987504554
            ],
            [
              -123.74972215602924,
              39.73789762066695
            ],
            [
              -123.74930243556065,
              39.737914077595796
            ],
            [
              -123.74883100321684,
              39.73813279852669
            ],
            [
              -123.74839201895149,
              39.73861371562413
            ],
            [
              -123.74818516452581,
              39.738709253574875
            ],
            [
              -123.74789956159783,
              39.73874316192766
            ],
            [
              -123.74646557899622,
              39.73848144885386
            ],
            [
              -123.7459267217513,
              39.73831871305347
            ],
            [
              -123.74528293923548,
              39.738016740966415
            ],
            [
              -123.74415752369308,
              39.73664488797469
            ],
            [
              -123.74395713706777,
              39.736082706620344
            ],
            [
              -123.74388409536043,
              39.73556968189989
            ],
            [
              -123.74364218967972,
              39.73490966681681
            ],
            [
              -123.74360921514435,
              39.734607933879225
            ],
            [
              -123.74346576226608,
              39.734045844746504
            ],
            [
              -123.74349709968428,
              39.73376650337118
            ],
            [
              -123.74369398773938,
              39.733341680671835
            ],
            [
              -123.74456869107576,
              39.73256559664662
            ],
            [
              -123.74480343201495,
              39.731924432253216
            ],
            [
              -123.74460225576485,
              39.7313756336051
            ],
            [
              -123.74433031851474,
              39.73087782052574
            ],
            [
              -123.74430513651104,
              39.73052181925893
            ],
            [
              -123.7448697061513,
              39.728089845436756
            ],
            [
              -123.74513322992775,
              39.72746213793287
            ],
            [
              -123.74524473727139,
              39.72690298235373
            ],
            [
              -123.74392256868495,
              39.72681714723439
            ],
            [
              -123.74341656162046,
              39.726973018560514
            ],
            [
              -123.74315853829074,
              39.72710965752477
            ],
            [
              -123.74221295327122,
              39.72780495068026
            ],
            [
              -123.74185558209734,
              39.72794743447175
            ],
            [
              -123.74098187371125,
              39.727880304611126
            ],
            [
              -123.74020852350158,
              39.72771916992864
            ],
            [
              -123.73838485225839,
              39.727235193064985
            ],
            [
              -123.73756996562176,
              39.72694741211248
            ],
            [
              -123.73624838735485,
              39.726180447683575
            ],
            [
              -123.73544988589754,
              39.72564092479851
            ],
            [
              -123.7350334962898,
              39.725314948621936
            ],
            [
              -123.7344336482153,
              39.72477740637175
            ],
            [
              -123.73351569254145,
              39.724207153976934
            ],
            [
              -123.73289521490385,
              39.72362970386467
            ],
            [
              -123.73241711672702,
              39.723123633146294
            ],
            [
              -123.73189526344852,
              39.72273964380164
            ],
            [
              -123.73117269675586,
              39.722378773631085
            ],
            [
              -123.73053728729047,
              39.721900826944406
            ],
            [
              -123.73022796615203,
              39.72158328139148
            ],
            [
              -123.72939844452155,
              39.72134992555967
            ],
            [
              -123.72837555867669,
              39.72126117096732
            ],
            [
              -123.72776247529588,
              39.72137787209584
            ],
            [
              -123.7270932930621,
              39.72140449808359
            ],
            [
              -123.72604161050761,
              39.72128058913319
            ],
            [
              -123.725220638631,
              39.720920843209086
            ],
            [
              -123.72468384937464,
              39.72060833571455
            ],
            [
              -123.72399107761417,
              39.720257369158034
            ],
            [
              -123.72233841724434,
              39.719735479103996
            ],
            [
              -123.7204015102703,
              39.718648384344974
            ],
            [
              -123.71950982948836,
              39.71820334225393
            ],
            [
              -123.71842728756226,
              39.717701147892704
            ],
            [
              -123.71763335182445,
              39.71742694121051
            ],
            [
              -123.71713820119112,
              39.71717803930364
            ],
            [
              -123.71576148764476,
              39.71626673532382
            ],
            [
              -123.71533858038093,
              39.71582383225505
            ],
            [
              -123.71438966460491,
              39.714158202837176
            ],
            [
              -123.71366266390233,
              39.713576692212804
            ],
            [
              -123.7125365541056,
              39.713227916223
            ],
            [
              -123.71173485685308,
              39.7129360339377
            ],
            [
              -123.71109206977744,
              39.71253844344555
            ],
            [
              -123.71046494261739,
              39.711961093322884
            ],
            [
              -123.71025662627291,
              39.71151702604029
            ],
            [
              -123.71021188513738,
              39.71105267150117
            ],
            [
              -123.7102257630308,
              39.71044878698574
            ],
            [
              -123.71028594624703,
              39.71016058457875
            ],
            [
              -123.71024631489867,
              39.70981854372437
            ],
            [
              -123.70923796838859,
              39.708337616630004
            ],
            [
              -123.70855000023155,
              39.70753072010651
            ],
            [
              -123.70803513713199,
              39.707114756284994
            ],
            [
              -123.70691050234483,
              39.70654071133098
            ],
            [
              -123.70592861624175,
              39.705902971288914
            ],
            [
              -123.70516256223743,
              39.705555797760404
            ],
            [
              -123.70567778965513,
              39.705489862081656
            ],
            [
              -123.70616349975464,
              39.705324797120845
            ],
            [
              -123.7072503043971,
              39.704678693866974
            ],
            [
              -123.70827288251985,
              39.70414064270421
            ],
            [
              -123.7092649892921,
              39.70376492912624
            ],
            [
              -123.71140404396017,
              39.703274338802665
            ],
            [
              -123.71166235853262,
              39.70302955092421
            ],
            [
              -123.71193758891566,
              39.7025141742988
            ],
            [
              -123.7121283901023,
              39.70194547346931
            ],
            [
              -123.7124097803258,
              39.7016235623724
            ],
            [
              -123.71340955478556,
              39.701126812467415
            ],
            [
              -123.7146835278095,
              39.70038929888602
            ],
            [
              -123.71506897899287,
              39.70023353793815
            ],
            [
              -123.71576920294926,
              39.699860251028625
            ],
            [
              -123.71613362890405,
              39.699699791512444
            ],
            [
              -123.71632106624408,
              39.699482446301424
            ],
            [
              -123.71638783347896,
              39.69925242615334
            ],
            [
              -123.71633468780344,
              39.69751852099823
            ],
            [
              -123.71637664286288,
              39.69621209949098
            ],
            [
              -123.71642268821562,
              39.69583325231042
            ],
            [
              -123.7166547084181,
              39.69550295607888
            ],
            [
              -123.7171022763986,
              39.69546423402523
            ],
            [
              -123.71794378761729,
              39.69591784385662
            ],
            [
              -123.71830488684546,
              39.696037516112916
            ],
            [
              -123.71895913777801,
              39.69608810292065
            ],
            [
              -123.71971138653446,
              39.696236455848315
            ],
            [
              -123.72032040567201,
              39.696430517931034
            ],
            [
              -123.72147884094433,
              39.69710333674301
            ],
            [
              -123.72189782796538,
              39.697277120061976
            ],
            [
              -123.72251567408634,
              39.69728640097098
            ],
            [
              -123.7231848791914,
              39.69721478310705
            ],
            [
              -123.72373242792845,
              39.697126115357875
            ],
            [
              -123.72427508691418,
              39.69695557952349
            ],
            [
              -123.72453113157204,
              39.696918117475995
            ],
            [
              -123.72552785796321,
              39.69684386079965
            ],
            [
              -123.72592496190093,
              39.69684618681328
            ],
            [
              -123.72691973901566,
              39.696912430922836
            ],
            [
              -123.72745225449485,
              39.69703038110249
            ],
            [
              -123.72801042430585,
              39.69719274487622
            ],
            [
              -123.72855832473067,
              39.69744720867659
            ],
            [
              -123.72900307069924,
              39.69753911327207
            ],
            [
              -123.72928563698987,
              39.69749183421277
            ],
            [
              -123.72970095053286,
              39.69737197618355
            ],
            [
              -123.73121900692631,
              39.69654510051749
            ],
            [
              -123.73079895212399,
              39.69648665439347
            ],
            [
              -123.73008409362411,
              39.69618495570209
            ],
            [
              -123.72966201081124,
              39.695715040151015
            ],
            [
              -123.72945357085864,
              39.69535573687579
            ],
            [
              -123.72876943474017,
              39.694697317513715
            ],
            [
              -123.7283262017638,
              39.694312636713384
            ],
            [
              -123.72744259657216,
              39.69381434994168
            ],
            [
              -123.72664593344764,
              39.693188185448406
            ],
            [
              -123.72509694633759,
              39.691639075783755
            ],
            [
              -123.72396687605992,
              39.690312444032706
            ],
            [
              -123.72370031104602,
              39.689913372407396
            ],
            [
              -123.72336703021216,
              39.68917238643576
            ],
            [
              -123.72317095401364,
              39.6882811444666
            ],
            [
              -123.7231897373457,
              39.68775464533869
            ],
            [
              -123.72333913880695,
              39.687063775715636
            ],
            [
              -123.72347169274717,
              39.686621947102516
            ],
            [
              -123.72367786539753,
              39.68629328809585
            ],
            [
              -123.72318335496794,
              39.68604620919729
            ],
            [
              -123.7227525314013,
              39.685567409741225
            ],
            [
              -123.72186135343725,
              39.6853251724383
            ],
            [
              -123.72115843930595,
              39.68536984222218
            ],
            [
              -123.72081146514937,
              39.68557046366875
            ],
            [
              -123.72043896354127,
              39.685892497536926
            ],
            [
              -123.71999868759873,
              39.68639569858222
            ],
            [
              -123.71931331724119,
              39.686620933988166
            ],
            [
              -123.71857318119818,
              39.68673790078281
            ],
            [
              -123.71783828140302,
              39.68693577694176
            ],
            [
              -123.71712518572184,
              39.68723291344372
            ],
            [
              -123.71634840651387,
              39.68736814920655
            ],
            [
              -123.71581630904278,
              39.68732202758658
            ],
            [
              -123.71510039831503,
              39.68713300623826
            ],
            [
              -123.71423324019061,
              39.687025937592594
            ],
            [
              -123.71355834967693,
              39.68707052752998
            ],
            [
              -123.71296847583787,
              39.68704248408319
            ],
            [
              -123.71194895422919,
              39.68664364442887
            ],
            [
              -123.71137239935693,
              39.68605224223402
            ],
            [
              -123.71041152253513,
              39.685449796241386
            ],
            [
              -123.71006020641477,
              39.68510463246748
            ],
            [
              -123.70907365832127,
              39.68425538322572
            ],
            [
              -123.70857178884383,
              39.684005684557995
            ],
            [
              -123.70709901361967,
              39.684127675939195
            ],
            [
              -123.70677408586536,
              39.68393566076298
            ],
            [
              -123.70625374454761,
              39.683502009770486
            ],
            [
              -123.7055817174726,
              39.68314116655394
            ],
            [
              -123.70489250231952,
              39.683045857304684
            ],
            [
              -123.70279443050052,
              39.682576711067455
            ],
            [
              -123.70233313075467,
              39.68243581588846
            ],
            [
              -123.7018229941547,
              39.6823394263082
            ],
            [
              -123.70110475643389,
              39.68231237385982
            ],
            [
              -123.70037180908464,
              39.6824335154481
            ],
            [
              -123.69933284151708,
              39.682498146088165
            ],
            [
              -123.69854137395015,
              39.68271026404714
            ],
            [
              -123.69767040421317,
              39.68312561374421
            ],
            [
              -123.69697357740485,
              39.68312491618242
            ],
            [
              -123.69634493890929,
              39.6827411911542
            ],
            [
              -123.6957880482566,
              39.68232562416151
            ],
            [
              -123.69495389739697,
              39.681830979602495
            ],
            [
              -123.69394298472258,
              39.68134631328004
            ],
            [
              -123.69304375101568,
              39.681013893682504
            ],
            [
              -123.69232134365033,
              39.6807879176938
            ],
            [
              -123.69093336314033,
              39.680413472027105
            ],
            [
              -123.6907944544805,
              39.68008989393158
            ],
            [
              -123.69082964974555,
              39.679378140246804
            ],
            [
              -123.69147420308423,
              39.67771587491738
            ],
            [
              -123.69168166432833,
              39.676926062688594
            ],
            [
              -123.6917327480433,
              39.675488952333524
            ],
            [
              -123.6917976505439,
              39.67475928106759
            ],
            [
              -123.69196668054708,
              39.67417677905316
            ],
            [
              -123.69216333569256,
              39.67372954218917
            ],
            [
              -123.69236475355363,
              39.672813795363396
            ],
            [
              -123.69241999141768,
              39.67234026336818
            ],
            [
              -123.69231177534401,
              39.671858844504776
            ],
            [
              -123.6919806510151,
              39.67096460701046
            ],
            [
              -123.69158191954497,
              39.67039917485377
            ],
            [
              -123.69093237304622,
              39.66998918163104
            ],
            [
              -123.69013134197982,
              39.66972769094365
            ],
            [
              -123.68816195091155,
              39.66918971853223
            ],
            [
              -123.68779549502945,
              39.668917004970034
            ],
            [
              -123.68737164442048,
              39.66738325126334
            ],
            [
              -123.68715744801865,
              39.66681676692017
            ],
            [
              -123.68717498134197,
              39.66647046915842
            ],
            [
              -123.68756996570148,
              39.66612986266569
            ],
            [
              -123.68795593830912,
              39.66589311854389
            ],
            [
              -123.68810980150982,
              39.66554525321844
            ],
            [
              -123.68815697179251,
              39.66506298487188
            ],
            [
              -123.6883992608757,
              39.664385544091026
            ],
            [
              -123.68886704394245,
              39.663869796506084
            ],
            [
              -123.68914807825317,
              39.6634759049313
            ],
            [
              -123.6892947749012,
              39.66302930907867
            ],
            [
              -123.68946659726406,
              39.66227110570293
            ],
            [
              -123.68988460133748,
              39.66183172238403
            ],
            [
              -123.69022772682727,
              39.661577258999664
            ],
            [
              -123.69042964267217,
              39.66132899414973
            ],
            [
              -123.69071499237857,
              39.66120236285156
            ],
            [
              -123.6909842234896,
              39.66064035435001
            ],
            [
              -123.69120566355141,
              39.6598466059827
            ],
            [
              -123.69078767778566,
              39.65912328608618
            ],
            [
              -123.68982127764873,
              39.65840842347472
            ],
            [
              -123.68909824478372,
              39.65767358812085
            ],
            [
              -123.688592187593,
              39.65710503273227
            ],
            [
              -123.68763227911458,
              39.656561083223885
            ],
            [
              -123.68599241891495,
              39.6557231495451
            ],
            [
              -123.68533697749602,
              39.655308663647446
            ],
            [
              -123.68474444073989,
              39.65478068893384
            ],
            [
              -123.6840175035647,
              39.65443773588628
            ],
            [
              -123.68290505311246,
              39.65412882930588
            ],
            [
              -123.68177741428644,
              39.65396000376246
            ],
            [
              -123.68093214424142,
              39.65392410862969
            ],
            [
              -123.67958990681733,
              39.65391830238365
            ],
            [
              -123.67921334026468,
              39.65381251175956
            ],
            [
              -123.67833605649484,
              39.653465970917104
            ],
            [
              -123.67714297232916,
              39.653481862522014
            ],
            [
              -123.67402546250318,
              39.65388770303595
            ],
            [
              -123.67268303126905,
              39.65389983026508
            ],
            [
              -123.67166527070697,
              39.65408154538513
            ],
            [
              -123.6708608505679,
              39.65413992708521
            ],
            [
              -123.66994266923716,
              39.65430782268253
            ],
            [
              -123.66933835030974,
              39.65437904596947
            ],
            [
              -123.66776487585413,
              39.65406747570801
            ],
            [
              -123.66725990380924,
              39.65400331709886
            ],
            [
              -123.66526337598835,
              39.654032372028865
            ],
            [
              -123.66476044465888,
              39.65391396712536
            ],
            [
              -123.66405040289695,
              39.65385506797879
            ],
            [
              -123.66098063190621,
              39.65449416717263
            ],
            [
              -123.66034793981947,
              39.65453822825025
            ],
            [
              -123.6596034111074,
              39.6544162879334
            ],
            [
              -123.65894685428538,
              39.65407741923328
            ],
            [
              -123.658285688103,
              39.65352251946709
            ],
            [
              -123.6574948015281,
              39.65334161230573
            ],
            [
              -123.65704918972321,
              39.65280913400033
            ],
            [
              -123.65670085805395,
              39.65223858114806
            ],
            [
              -123.6561349666434,
              39.65142231769404
            ],
            [
              -123.65573470311834,
              39.65092889977453
            ],
            [
              -123.65529850497497,
              39.65056175978917
            ],
            [
              -123.65418302987439,
              39.649955493198604
            ],
            [
              -123.65345455347362,
              39.64971598391159
            ],
            [
              -123.65266041359146,
              39.6495631079613
            ],
            [
              -123.65191582783923,
              39.649373614058106
            ],
            [
              -123.65106878817815,
              39.648927762332264
            ],
            [
              -123.65016580801061,
              39.648391709445306
            ],
            [
              -123.64904096919919,
              39.64790275158925
            ],
            [
              -123.64808328612511,
              39.647416840748754
            ],
            [
              -123.64738880439171,
              39.64642523970306
            ],
            [
              -123.64713207764227,
              39.645890641960335
            ],
            [
              -123.64712476512204,
              39.64569269884444
            ],
            [
              -123.64639612939943,
              39.644980304009636
            ],
            [
              -123.64593213760052,
              39.64461764911282
            ],
            [
              -123.64466970272883,
              39.643773330841945
            ],
            [
              -123.64390730472476,
              39.64338531187966
            ],
            [
              -123.6432414005667,
              39.643272637900225
            ],
            [
              -123.64275118679922,
              39.64322498740106
            ],
            [
              -123.64225544576202,
              39.64308838890039
            ],
            [
              -123.64178158821812,
              39.64289263025419
            ],
            [
              -123.64050413609255,
              39.642147788291744
            ],
            [
              -123.63941876684056,
              39.64136486773982
            ],
            [
              -123.63873003534388,
              39.64077016719679
            ],
            [
              -123.63767686146086,
              39.63968104418952
            ],
            [
              -123.63614422790202,
              39.63773870523396
            ],
            [
              -123.63581383834953,
              39.63740708649745
            ],
            [
              -123.63479565291199,
              39.637033767117586
            ],
            [
              -123.63328019632843,
              39.636609420472126
            ],
            [
              -123.6329058958634,
              39.636471884970085
            ],
            [
              -123.63272170736693,
              39.63636026366724
            ],
            [
              -123.63231192016461,
              39.63619127601211
            ],
            [
              -123.63117424446558,
              39.63627444375205
            ],
            [
              -123.63079938224216,
              39.63617746143418
            ],
            [
              -123.63018380349709,
              39.6359461402558
            ],
            [
              -123.62921771198788,
              39.63540194483261
            ],
            [
              -123.62854391588681,
              39.63527507740046
            ],
            [
              -123.62767033759047,
              39.63522968123368
            ],
            [
              -123.62706654751423,
              39.635264678417705
            ],
            [
              -123.6258646492309,
              39.63541993446192
            ],
            [
              -123.6257983338017,
              39.63568575291034
            ],
            [
              -123.62436100175438,
              39.636085744482266
            ],
            [
              -123.62383341249442,
              39.63638585801652
            ],
            [
              -123.62335484111229,
              39.636829612708375
            ],
            [
              -123.62299172623523,
              39.63705746836597
            ],
            [
              -123.62253598793882,
              39.637226689030726
            ],
            [
              -123.62183094363755,
              39.63743296104867
            ],
            [
              -123.62123392481512,
              39.6374362062525
            ],
            [
              -123.62053909661185,
              39.63730443683843
            ],
            [
              -123.61993595699414,
              39.63705117233163
            ],
            [
              -123.61934872514928,
              39.63668471716073
            ],
            [
              -123.61899391030848,
              39.636402471355574
            ],
            [
              -123.61805211176319,
              39.63462361882224
            ],
            [
              -123.61747191531218,
              39.634022934524
            ],
            [
              -123.61629429268723,
              39.63359279829592
            ],
            [
              -123.6154729752829,
              39.633209023069206
            ],
            [
              -123.61489469479304,
              39.63224801929937
            ],
            [
              -123.61481286466655,
              39.63165417141864
            ],
            [
              -123.61456748886032,
              39.631056157307604
            ],
            [
              -123.61415699319396,
              39.63061257678541
            ],
            [
              -123.61338523122983,
              39.630242529114156
            ],
            [
              -123.61173261642203,
              39.62961115476997
            ],
            [
              -123.61126513271331,
              39.62940159548564
            ],
            [
              -123.6110020285131,
              39.62934444660838
            ],
            [
              -123.61037769784338,
              39.62929440036919
            ],
            [
              -123.60931525014239,
              39.62861049572678
            ],
            [
              -123.60783857987362,
              39.62709580241462
            ],
            [
              -123.6075053546937,
              39.62693898326785
            ],
            [
              -123.60657042188528,
              39.62638553390201
            ],
            [
              -123.60651386102514,
              39.62632512844324
            ],
            [
              -123.60631561110583,
              39.62611199299064
            ],
            [
              -123.60626209899972,
              39.62563989720572
            ],
            [
              -123.606278872456,
              39.625270153542786
            ],
            [
              -123.60615991660413,
              39.62480165942758
            ],
            [
              -123.6068123454526,
              39.62390622038586
            ],
            [
              -123.60688828432882,
              39.62353206357326
            ],
            [
              -123.60640726798594,
              39.623408415223054
            ],
            [
              -123.60568586396269,
              39.62315575907847
            ],
            [
              -123.60479944988701,
              39.62301614400119
            ],
            [
              -123.60412627787053,
              39.6229655657241
            ],
            [
              -123.60349991890531,
              39.62301376546671
            ],
            [
              -123.60292413594897,
              39.62299464714619
            ],
            [
              -123.6020946111788,
              39.6229215889937
            ],
            [
              -123.60184752245371,
              39.62283344358159
            ],
            [
              -123.60163656936984,
              39.62269467564225
            ],
            [
              -123.60128501325076,
              39.62239428698888
            ],
            [
              -123.60097749087599,
              39.62200421728385
            ],
            [
              -123.60046424870757,
              39.621551936236926
            ],
            [
              -123.59976645892934,
              39.62114092359276
            ],
            [
              -123.59895156842316,
              39.62100986759302
            ],
            [
              -123.59821322482634,
              39.62098197464844
            ],
            [
              -123.59592088938071,
              39.619764071076375
            ],
            [
              -123.59561809322818,
              39.619535963218595
            ],
            [
              -123.59517903044143,
              39.618930203959295
            ],
            [
              -123.59481101814973,
              39.61832405922847
            ],
            [
              -123.5932533713381,
              39.616344950437345
            ],
            [
              -123.59231482909453,
              39.6152818231368
            ],
            [
              -123.59180951663322,
              39.61489217519821
            ],
            [
              -123.59077699493939,
              39.613933530331074
            ],
            [
              -123.5903518204578,
              39.61337224604336
            ],
            [
              -123.59000297088598,
              39.612397261927
            ],
            [
              -123.58963064277276,
              39.61200639041844
            ],
            [
              -123.5897360700927,
              39.611636864372905
            ],
            [
              -123.58975151404583,
              39.61095646533548
            ],
            [
              -123.5895171422475,
              39.61043546989185
            ],
            [
              -123.5889330735384,
              39.60946454365886
            ],
            [
              -123.58869974481924,
              39.609224688183396
            ],
            [
              -123.5883659252645,
              39.608882230456786
            ],
            [
              -123.58743064751435,
              39.60871590857015
            ],
            [
              -123.58632481899356,
              39.60856360245761
            ],
            [
              -123.58564326319733,
              39.608553806202686
            ],
            [
              -123.58503916937237,
              39.60862365585499
            ],
            [
              -123.58449699488021,
              39.60874403972417
            ],
            [
              -123.58408693587602,
              39.60866047436681
            ],
            [
              -123.58347696173948,
              39.60803715275573
            ],
            [
              -123.5830605156191,
              39.60736837397468
            ],
            [
              -123.58290446976106,
              39.60682353807026
            ],
            [
              -123.5829478295816,
              39.606161326363576
            ],
            [
              -123.58158720187753,
              39.604360958665076
            ],
            [
              -123.58115061736015,
              39.604084656363895
            ],
            [
              -123.5798896515468,
              39.603865608365155
            ],
            [
              -123.57940240254865,
              39.60370068974841
            ],
            [
              -123.57878587960458,
              39.603560068800206
            ],
            [
              -123.5783321026701,
              39.60351306357984
            ],
            [
              -123.57780087502299,
              39.603402468011744
            ],
            [
              -123.57638687492936,
              39.60298152617842
            ],
            [
              -123.57484872766369,
              39.602786830023334
            ],
            [
              -123.57429599196637,
              39.602690366147556
            ],
            [
              -123.57395385521254,
              39.60275068620928
            ],
            [
              -123.57354099421279,
              39.6028924504988
            ],
            [
              -123.57289154863867,
              39.60306177922647
            ],
            [
              -123.57242328327636,
              39.603046566879094
            ],
            [
              -123.5721778370836,
              39.603304042304075
            ],
            [
              -123.57201828760624,
              39.60358885985143
            ],
            [
              -123.57195140466388,
              39.60480111961369
            ],
            [
              -123.57169566241059,
              39.60489230264477
            ],
            [
              -123.57109121751407,
              39.60495405240837
            ],
            [
              -123.57065096236562,
              39.60489299458785
            ],
            [
              -123.56983382220041,
              39.60491942734551
            ],
            [
              -123.5691846727266,
              39.605170768556256
            ],
            [
              -123.56850363939375,
              39.605597518817405
            ],
            [
              -123.56724792648652,
              39.60607629525271
            ],
            [
              -123.56651768460426,
              39.60643607242699
            ],
            [
              -123.56537146514898,
              39.60720251665993
            ],
            [
              -123.5649684362636,
              39.607547445595
            ],
            [
              -123.56445309985651,
              39.60790546658541
            ],
            [
              -123.56401083294274,
              39.60799753249997
            ],
            [
              -123.56297365981136,
              39.6080339797866
            ],
            [
              -123.56252691332688,
              39.60798206335291
            ],
            [
              -123.56196889564212,
              39.60782263460041
            ],
            [
              -123.56119524601297,
              39.607695634546864
            ],
            [
              -123.56073452560422,
              39.60769365918118
            ],
            [
              -123.55992368015431,
              39.6077828856168
            ],
            [
              -123.55933114499358,
              39.60797033605244
            ],
            [
              -123.55827253845038,
              39.60850269199159
            ],
            [
              -123.55775886876236,
              39.608686003173545
            ],
            [
              -123.55707434362608,
              39.608877788023214
            ],
            [
              -123.55624920263823,
              39.60900344465762
            ],
            [
              -123.5554111284079,
              39.60901238488777
            ],
            [
              -123.55444746606047,
              39.60885930762633
            ],
            [
              -123.5536189068884,
              39.60868248256247
            ],
            [
              -123.55239016858872,
              39.60861630320985
            ],
            [
              -123.55116822564514,
              39.608735392246366
            ],
            [
              -123.55078129423025,
              39.60896172553957
            ],
            [
              -123.54891955941524,
              39.6105340597666
            ],
            [
              -123.54829517916883,
              39.61100507471009
            ],
            [
              -123.54781897244105,
              39.61150332400616
            ],
            [
              -123.54759751251011,
              39.61164846577821
            ],
            [
              -123.54726411900988,
              39.61164995136265
            ],
            [
              -123.54678887511758,
              39.61154391037726
            ],
            [
              -123.54633960309701,
              39.61124435425589
            ],
            [
              -123.54519001077209,
              39.610578750058785
            ],
            [
              -123.5447131310536,
              39.61019809294536
            ],
            [
              -123.54403352116827,
              39.609529599444
            ],
            [
              -123.54301258478166,
              39.60833609012065
            ],
            [
              -123.54218140328194,
              39.6079079232028
            ],
            [
              -123.54053066482209,
              39.60759981002384
            ],
            [
              -123.53949348066998,
              39.60759101798251
            ],
            [
              -123.5382059442849,
              39.60773252753728
            ],
            [
              -123.53726053292873,
              39.607858000973536
            ],
            [
              -123.53577811413884,
              39.608167228186986
            ],
            [
              -123.53517341339779,
              39.60825485030208
            ],
            [
              -123.53461944173044,
              39.60827628702628
            ],
            [
              -123.53415091520867,
              39.60821054557344
            ],
            [
              -123.53347600433175,
              39.60826318214176
            ],
            [
              -123.53196530732698,
              39.608107661385596
            ],
            [
              -123.53057138394337,
              39.6077586756301
            ],
            [
              -123.52933094170119,
              39.60761521115566
            ],
            [
              -123.526803622739,
              39.60753643196109
            ],
            [
              -123.52586658289322,
              39.607450758818594
            ],
            [
              -123.52404091546762,
              39.60702686430447
            ],
            [
              -123.52305866848177,
              39.6066299311233
            ],
            [
              -123.52232140095272,
              39.606529513071614
            ],
            [
              -123.52152738554328,
              39.60693869113208
            ],
            [
              -123.52134091176244,
              39.60713766994498
            ],
            [
              -123.52094687308526,
              39.607332589402326
            ],
            [
              -123.52008028703489,
              39.60737729851906
            ],
            [
              -123.51957313974013,
              39.607303590714366
            ],
            [
              -123.51997143180992,
              39.60705353471537
            ],
            [
              -123.52048236991202,
              39.6065695823971
            ],
            [
              -123.52093092122323,
              39.60598582746507
            ],
            [
              -123.52115272593443,
              39.6053319055158
            ],
            [
              -123.5211077497728,
              39.60500363547617
            ],
            [
              -123.5207733836052,
              39.60409011760286
            ],
            [
              -123.52029698637321,
              39.60313297798144
            ],
            [
              -123.51996741331506,
              39.60236342600243
            ],
            [
              -123.52002316159316,
              39.60143958255776
            ],
            [
              -123.52035980107017,
              39.60072661231019
            ],
            [
              -123.52162752375929,
              39.59896380569242
            ],
            [
              -123.52167612494382,
              39.598058169161746
            ],
            [
              -123.52100897309174,
              39.59706598990955
            ],
            [
              -123.52059051358846,
              39.59650879523342
            ],
            [
              -123.52080619268767,
              39.59584968514915
            ],
            [
              -123.5213531402203,
              39.59534317215499
            ],
            [
              -123.52149029408936,
              39.594680006968844
            ],
            [
              -123.52092250158056,
              39.594146909719235
            ],
            [
              -123.51964729722675,
              39.59344950066677
            ],
            [
              -123.51892305393945,
              39.592965960793954
            ],
            [
              -123.5183205038706,
              39.59240601784329
            ],
            [
              -123.51662366147218,
              39.590385970264435
            ],
            [
              -123.51611758687335,
              39.58950538906943
            ],
            [
              -123.51609872336712,
              39.588415226260246
            ],
            [
              -123.5162669294675,
              39.587518011699125
            ],
            [
              -123.51666909465945,
              39.58572783972339
            ],
            [
              -123.51686775558466,
              39.58522233168163
            ],
            [
              -123.51709388602043,
              39.58483394795829
            ],
            [
              -123.51689106364928,
              39.58362216770476
            ],
            [
              -123.5174914478106,
              39.582826950913784
            ],
            [
              -123.51757098170553,
              39.582268143059984
            ],
            [
              -123.51742107973844,
              39.58128630045519
            ],
            [
              -123.51740435963644,
              39.580529325306394
            ],
            [
              -123.51766435164917,
              39.57875322852362
            ],
            [
              -123.5177938038823,
              39.57810462533742
            ],
            [
              -123.51786060984016,
              39.577410252152745
            ],
            [
              -123.51724111782042,
              39.576525614625496
            ],
            [
              -123.51624874939637,
              39.57595333268984
            ],
            [
              -123.51552470769408,
              39.57549227870767
            ],
            [
              -123.51493956084704,
              39.5751704753508
            ],
            [
              -123.51454501780455,
              39.57447835208047
            ],
            [
              -123.5149260363451,
              39.57367493924369
            ],
            [
              -123.51526069012355,
              39.573119650929904
            ],
            [
              -123.51552800028055,
              39.57230684290431
            ],
            [
              -123.51552169442384,
              39.57171263499696
            ],
            [
              -123.51537961833873,
              39.571226895241594
            ],
            [
              -123.51564343247192,
              39.57063029372421
            ],
            [
              -123.51603597860581,
              39.56999851767911
            ],
            [
              -123.51635134302288,
              39.56933036891382
            ],
            [
              -123.51638170641215,
              39.56870360847797
            ],
            [
              -123.51635632321957,
              39.568023428814215
            ],
            [
              -123.51663973918438,
              39.56698599238012
            ],
            [
              -123.5167262415032,
              39.56641347048689
            ],
            [
              -123.51669510784735,
              39.566174723466645
            ],
            [
              -123.51596012888906,
              39.56596165351108
            ],
            [
              -123.51478065150744,
              39.56550294097123
            ],
            [
              -123.51281617829542,
              39.564417154728645
            ],
            [
              -123.5111671998766,
              39.56308196702113
            ],
            [
              -123.510595642759,
              39.56288134016174
            ],
            [
              -123.51009527414136,
              39.562600305981775
            ],
            [
              -123.50944383083188,
              39.56203991133548
            ],
            [
              -123.50914192401363,
              39.56133343476247
            ],
            [
              -123.50841570171517,
              39.56094443274533
            ],
            [
              -123.50696989525747,
              39.560783996367384
            ],
            [
              -123.50644087604002,
              39.560565941231204
            ],
            [
              -123.50377537751179,
              39.56038808626578
            ],
            [
              -123.50304177433219,
              39.56012536350333
            ],
            [
              -123.50295201734295,
              39.559467849573515
            ],
            [
              -123.5033888473092,
              39.558664712095094
            ],
            [
              -123.5035191407362,
              39.55804678127898
            ],
            [
              -123.50331963761182,
              39.55756068300749
            ],
            [
              -123.50336473433555,
              39.55688946865454
            ],
            [
              -123.50351774256585,
              39.55619067831023
            ],
            [
              -123.50392378683306,
              39.5555442119675
            ],
            [
              -123.5047397781205,
              39.555040935399916
            ],
            [
              -123.50516132096779,
              39.554863262987915
            ],
            [
              -123.5055223375924,
              39.55444770066537
            ],
            [
              -123.50566279482639,
              39.55405011796715
            ],
            [
              -123.50594126518425,
              39.553485658750056
            ],
            [
              -123.505880046339,
              39.5527696229558
            ],
            [
              -123.50499873353068,
              39.552417408108724
            ],
            [
              -123.50439706549383,
              39.55226265620986
            ],
            [
              -123.50371692686146,
              39.55173808251296
            ],
            [
              -123.50316637393071,
              39.5510153532654
            ],
            [
              -123.50274487762029,
              39.5502420704641
            ],
            [
              -123.50189500905343,
              39.54918299386382
            ],
            [
              -123.50141596660822,
              39.54837898321164
            ],
            [
              -123.50091317363042,
              39.54777828781871
            ],
            [
              -123.50115961602846,
              39.54701479224597
            ],
            [
              -123.50144755946397,
              39.54672471657109
            ],
            [
              -123.50183350417845,
              39.54655696160668
            ],
            [
              -123.50271024422159,
              39.54628245135104
            ],
            [
              -123.50349633223365,
              39.54590978690261
            ],
            [
              -123.50471362968783,
              39.54517427372635
            ],
            [
              -123.50530985481224,
              39.54469892726923
            ],
            [
              -123.50574193061728,
              39.544210141697846
            ],
            [
              -123.50614061216753,
              39.54365491715891
            ],
            [
              -123.50626469575134,
              39.543379364461416
            ],
            [
              -123.50643137276046,
              39.54267120106905
            ],
            [
              -123.50678993651489,
              39.54193965900129
            ],
            [
              -123.50695622868875,
              39.54122263491244
            ],
            [
              -123.50695988826502,
              39.540911832023696
            ],
            [
              -123.50674984571974,
              39.54025044603876
            ],
            [
              -123.50665875598868,
              39.539656000871084
            ],
            [
              -123.50679421960271,
              39.53871374326336
            ],
            [
              -123.50697527448867,
              39.53790255002616
            ],
            [
              -123.50725218493882,
              39.53740567503922
            ],
            [
              -123.50722266370515,
              39.536986913704105
            ],
            [
              -123.50644642685941,
              39.536224665651766
            ],
            [
              -123.50607713677263,
              39.53578043240711
            ],
            [
              -123.50534729128667,
              39.534701765272764
            ],
            [
              -123.50550304423525,
              39.53428207756613
            ],
            [
              -123.5060924756905,
              39.5337664384701
            ],
            [
              -123.50647556559659,
              39.53322864649872
            ],
            [
              -123.50670441696928,
              39.532655612391146
            ],
            [
              -123.5067384853284,
              39.53224940042351
            ],
            [
              -123.50667333298395,
              39.53186218327651
            ],
            [
              -123.50646289919615,
              39.53121446005963
            ],
            [
              -123.50624075020373,
              39.530855249002684
            ],
            [
              -123.50580618830195,
              39.530514635835125
            ],
            [
              -123.50520182128446,
              39.53010230031911
            ],
            [
              -123.50467905237372,
              39.529424682880546
            ],
            [
              -123.5040847588703,
              39.52888695360752
            ],
            [
              -123.50279356946962,
              39.5278738623497
            ],
            [
              -123.50221063547359,
              39.52752030708267
            ],
            [
              -123.50157173412383,
              39.527000883221824
            ],
            [
              -123.50137203859738,
              39.526181768222635
            ],
            [
              -123.50143310093894,
              39.52585215822601
            ],
            [
              -123.50145303496792,
              39.524928522673605
            ],
            [
              -123.5013569233315,
              39.52423518344501
            ],
            [
              -123.50153510408092,
              39.52369878073901
            ],
            [
              -123.50214916300679,
              39.52243497271184
            ],
            [
              -123.50218039371559,
              39.52223596324833
            ],
            [
              -123.50202285483715,
              39.52184057865727
            ],
            [
              -123.50218698372088,
              39.52135326695305
            ],
            [
              -123.50282836663224,
              39.52063870726507
            ],
            [
              -123.50307355253155,
              39.519867228776384
            ],
            [
              -123.50313640099638,
              39.518898215632184
            ],
            [
              -123.50306891758923,
              39.51769973248614
            ],
            [
              -123.50320025481032,
              39.517036763830475
            ],
            [
              -123.50429101387958,
              39.51561343465421
            ],
            [
              -123.50429837841324,
              39.51515845235939
            ],
            [
              -123.5041605997954,
              39.514834546081346
            ],
            [
              -123.50388355724805,
              39.51461998715573
            ],
            [
              -123.50298850566581,
              39.514487976658735
            ],
            [
              -123.50219458922396,
              39.51446926152695
            ],
            [
              -123.50135082417614,
              39.514405138285504
            ],
            [
              -123.500561240426,
              39.51440867879945
            ],
            [
              -123.49998699384344,
              39.51445575055609
            ],
            [
              -123.49934161436293,
              39.514400296592896
            ],
            [
              -123.49823596484738,
              39.51392753418701
            ],
            [
              -123.49775477131044,
              39.513659420904105
            ],
            [
              -123.49708117427016,
              39.51343181968655
            ],
            [
              -123.49635135561263,
              39.51326902335701
            ],
            [
              -123.49571330299378,
              39.51302337787391
            ],
            [
              -123.49523897746371,
              39.51272341104738
            ],
            [
              -123.49491972034211,
              39.512378630125085
            ],
            [
              -123.49456619553861,
              39.51180334671622
            ],
            [
              -123.49414906913961,
              39.51145770314386
            ],
            [
              -123.4935466871065,
              39.5111813369252
            ],
            [
              -123.49308615566642,
              39.51092613644686
            ],
            [
              -123.49261150486392,
              39.510428165265814
            ],
            [
              -123.49189665149262,
              39.50957051879956
            ],
            [
              -123.49147268311958,
              39.509203373210475
            ],
            [
              -123.49057210582896,
              39.508877799230106
            ],
            [
              -123.48958838910158,
              39.50829612620182
            ],
            [
              -123.48867355123663,
              39.50782236836149
            ],
            [
              -123.48789388271557,
              39.50780317568434
            ],
            [
              -123.4869792136192,
              39.50821274567354
            ],
            [
              -123.48626884499794,
              39.50864818182127
            ],
            [
              -123.48563027831807,
              39.509155288049605
            ],
            [
              -123.48496959084045,
              39.50954146223376
            ],
            [
              -123.48450890266197,
              39.509718464864314
            ],
            [
              -123.48381338083915,
              39.50981662170186
            ],
            [
              -123.48332384107279,
              39.5100214589103
            ],
            [
              -123.482621756646,
              39.51017281893585
            ],
            [
              -123.48138060200993,
              39.5102989522472
            ],
            [
              -123.48043066963065,
              39.51031241539832
            ],
            [
              -123.47922553159022,
              39.510384461945414
            ],
            [
              -123.47870015061369,
              39.51028779670737
            ],
            [
              -123.47789266306874,
              39.51027285200022
            ],
            [
              -123.47731776636513,
              39.51050528010198
            ],
            [
              -123.47619716193502,
              39.51067212917697
            ],
            [
              -123.47545211534066,
              39.51084635510538
            ],
            [
              -123.47293375209246,
              39.511252708020834
            ],
            [
              -123.4718570037531,
              39.5111399707125
            ],
            [
              -123.47111951122828,
              39.510859172641055
            ],
            [
              -123.47044595211096,
              39.510853037131554
            ],
            [
              -123.46995834536284,
              39.51016977732593
            ],
            [
              -123.46909492860213,
              39.50919644416122
            ],
            [
              -123.46882707357786,
              39.508827644476014
            ],
            [
              -123.46845794549881,
              39.5085634230338
            ],
            [
              -123.4681110550672,
              39.50851555133681
            ],
            [
              -123.46711188544478,
              39.508117886551595
            ],
            [
              -123.46679367624353,
              39.50806117713445
            ],
            [
              -123.46640320054611,
              39.50810724581993
            ],
            [
              -123.46538080167784,
              39.508449634143254
            ],
            [
              -123.4646294478944,
              39.50842134108722
            ],
            [
              -123.46396464761213,
              39.508076257605616
            ],
            [
              -123.46347507517221,
              39.50767317698956
            ],
            [
              -123.46241281960828,
              39.50695657481176
            ],
            [
              -123.46205233316084,
              39.50689022195341
            ],
            [
              -123.4614844872814,
              39.50690174450429
            ],
            [
              -123.46088924027738,
              39.50679613359345
            ],
            [
              -123.46011673704834,
              39.50644322779268
            ],
            [
              -123.45923118864219,
              39.50623055669911
            ],
            [
              -123.45836694676763,
              39.50608468634087
            ],
            [
              -123.45762969968278,
              39.505853341052074
            ],
            [
              -123.45703514930109,
              39.50552254326119
            ],
            [
              -123.4563826423311,
              39.505290626029534
            ],
            [
              -123.45598034383555,
              39.504954290112245
            ],
            [
              -123.45548451771643,
              39.50434787794039
            ],
            [
              -123.45511709047891,
              39.50411060799694
            ],
            [
              -123.45438580602053,
              39.504082517646374
            ],
            [
              -123.45381260766331,
              39.50400327047622
            ],
            [
              -123.45330947736048,
              39.50385168721406
            ],
            [
              -123.45251583884023,
              39.503395923433715
            ],
            [
              -123.4522901050498,
              39.50336976874182
            ],
            [
              -123.45199183656979,
              39.503271923149555
            ],
            [
              -123.45177921939002,
              39.50306095280464
            ],
            [
              -123.45173117329352,
              39.50238057274405
            ],
            [
              -123.4518675742588,
              39.50162299703616
            ],
            [
              -123.45158576823226,
              39.500777261408814
            ],
            [
              -123.45158828237282,
              39.50033593168966
            ],
            [
              -123.45111347975212,
              39.49856713761662
            ],
            [
              -123.4508637848391,
              39.498302196592526
            ],
            [
              -123.45029721145272,
              39.498015637402695
            ],
            [
              -123.44964449407263,
              39.49775302355594
            ],
            [
              -123.44881962789692,
              39.497273774718906
            ],
            [
              -123.44830028666571,
              39.49655896831692
            ],
            [
              -123.44793515798062,
              39.49567324742969
            ],
            [
              -123.4476482378488,
              39.494701614676764
            ],
            [
              -123.44715601080696,
              39.49395987227132
            ],
            [
              -123.4467431704044,
              39.49345186764929
            ],
            [
              -123.44628762050124,
              39.4928011376624
            ],
            [
              -123.44597314004797,
              39.492225483576675
            ],
            [
              -123.44552907329737,
              39.49100612233489
            ],
            [
              -123.44546308271333,
              39.49026773247503
            ],
            [
              -123.44537589613667,
              39.48987579125435
            ],
            [
              -123.44509647929493,
              39.48898498235127
            ],
            [
              -123.44474582074113,
              39.48818890533969
            ],
            [
              -123.44402694767643,
              39.487205051892566
            ],
            [
              -123.44328153530574,
              39.48509084717952
            ],
            [
              -123.44257178143015,
              39.48292175065376
            ],
            [
              -123.44243568553627,
              39.48247167022472
            ],
            [
              -123.44245430723528,
              39.482124448015036
            ],
            [
              -123.44258551076804,
              39.4819748631608
            ],
            [
              -123.44311127626924,
              39.481364913731134
            ],
            [
              -123.44334299553246,
              39.480845978491956
            ],
            [
              -123.44334046712176,
              39.48029676100638
            ],
            [
              -123.44309743419424,
              39.47976158838297
            ],
            [
              -123.44264230115999,
              39.47918627037273
            ],
            [
              -123.44203076281947,
              39.47861193400091
            ],
            [
              -123.4416386141745,
              39.477991614354636
            ],
            [
              -123.4416010939379,
              39.47756408636357
            ],
            [
              -123.44160588318547,
              39.47685257466681
            ],
            [
              -123.44113900635747,
              39.4752366415613
            ],
            [
              -123.44089466057648,
              39.474246642157915
            ],
            [
              -123.44069693276306,
              39.47273769464076
            ],
            [
              -123.44029813393477,
              39.472122060489426
            ],
            [
              -123.44003426226202,
              39.47156032364085
            ],
            [
              -123.43971734867442,
              39.470286046102835
            ],
            [
              -123.43969320353078,
              39.46962401933563
            ],
            [
              -123.4394984659556,
              39.468651605001874
            ],
            [
              -123.43859055091097,
              39.4664158929263
            ],
            [
              -123.43805484271581,
              39.46526031109255
            ],
            [
              -123.43776996115672,
              39.46484690285727
            ],
            [
              -123.43732915198922,
              39.464357665168095
            ],
            [
              -123.43674014226865,
              39.46400415148712
            ],
            [
              -123.43574059888611,
              39.46373684315474
            ],
            [
              -123.43447175948121,
              39.46323295966411
            ],
            [
              -123.43351381201528,
              39.46275918758187
            ],
            [
              -123.43289639775651,
              39.462396457239606
            ],
            [
              -123.43213763151725,
              39.46202051562725
            ],
            [
              -123.4312949303783,
              39.46179381286781
            ],
            [
              -123.43106042102539,
              39.46150687615171
            ],
            [
              -123.43147487126075,
              39.46076589662042
            ],
            [
              -123.43183422215544,
              39.46040915238606
            ],
            [
              -123.43288668142867,
              39.459648462500276
            ],
            [
              -123.43335182862113,
              39.45926807446646
            ],
            [
              -123.43367578364204,
              39.45893297212783
            ],
            [
              -123.43375245922215,
              39.45855897365154
            ],
            [
              -123.43371619059523,
              39.4582033013537
            ],
            [
              -123.4335150282603,
              39.45771282979213
            ],
            [
              -123.4333862714605,
              39.45714549010337
            ],
            [
              -123.43321563463928,
              39.457011681386454
            ],
            [
              -123.43283260406177,
              39.45687735306816
            ],
            [
              -123.43261975793608,
              39.45671138342352
            ],
            [
              -123.43242001605893,
              39.45632077178773
            ],
            [
              -123.43227727839871,
              39.45592854388884
            ],
            [
              -123.43199198124904,
              39.45557453971753
            ],
            [
              -123.43121795609471,
              39.45487850011051
            ],
            [
              -123.43094740383282,
              39.4544431570086
            ],
            [
              -123.43076941081843,
              39.45401942085711
            ],
            [
              -123.43067296911543,
              39.45315499536274
            ],
            [
              -123.43056537219184,
              39.452619575396874
            ],
            [
              -123.43023726011016,
              39.45199476601871
            ],
            [
              -123.42950631704244,
              39.451371371902006
            ],
            [
              -123.42917129167408,
              39.45094852828413
            ],
            [
              -123.42886552179368,
              39.45040513917981
            ],
            [
              -123.4283891351757,
              39.44982049524635
            ],
            [
              -123.42796115066018,
              39.44897982929841
            ],
            [
              -123.42710753705889,
              39.44786996430502
            ],
            [
              -123.42649697126231,
              39.44750251731953
            ],
            [
              -123.42597361496644,
              39.44755415568845
            ],
            [
              -123.42526687436309,
              39.44792227743617
            ],
            [
              -123.42468074504593,
              39.44802335700916
            ],
            [
              -123.42393709136734,
              39.44802161688297
            ],
            [
              -123.42293899211946,
              39.44788109081548
            ],
            [
              -123.42181875613839,
              39.44748382776287
            ],
            [
              -123.42111115769418,
              39.44740535893764
            ],
            [
              -123.42078452217449,
              39.44705979056176
            ],
            [
              -123.42020157443676,
              39.44656630277383
            ],
            [
              -123.41964070626213,
              39.446234447904
            ],
            [
              -123.41912069785279,
              39.445164750943334
            ],
            [
              -123.41870906411954,
              39.44479621220096
            ],
            [
              -123.417165584012,
              39.444607942948394
            ],
            [
              -123.4164780046521,
              39.444435204967334
            ],
            [
              -123.41610931388287,
              39.444310423292045
            ],
            [
              -123.4142724477623,
              39.44329372505914
            ],
            [
              -123.41342287753015,
              39.44293653235688
            ],
            [
              -123.41283409895821,
              39.44260526065002
            ],
            [
              -123.41166405188469,
              39.44206438209251
            ],
            [
              -123.41147200187655,
              39.441867112840995
            ],
            [
              -123.41052928633518,
              39.44125753836361
            ],
            [
              -123.41013825897656,
              39.44092541206495
            ],
            [
              -123.40982596670771,
              39.44056577142665
            ],
            [
              -123.40968195242432,
              39.4400484878714
            ],
            [
              -123.40960929207017,
              39.4394633617196
            ],
            [
              -123.40930216589892,
              39.438486754354216
            ],
            [
              -123.40932234770001,
              39.43819355836685
            ],
            [
              -123.4094689178653,
              39.437787925870204
            ],
            [
              -123.40906325602039,
              39.43702300798071
            ],
            [
              -123.40824052045092,
              39.436466916308085
            ],
            [
              -123.4075109225175,
              39.43624043691909
            ],
            [
              -123.40688011152984,
              39.4359806649718
            ],
            [
              -123.40657465958687,
              39.435540753643764
            ],
            [
              -123.40638767688571,
              39.43477059243079
            ],
            [
              -123.40638440269107,
              39.433846864358046
            ],
            [
              -123.40676323478428,
              39.43296288729344
            ],
            [
              -123.40707249255632,
              39.43250673803489
            ],
            [
              -123.40749603973126,
              39.432108744125266
            ],
            [
              -123.40786852959698,
              39.43144104010286
            ],
            [
              -123.40789491856803,
              39.431030604825395
            ],
            [
              -123.40767425012383,
              39.430662085909034
            ],
            [
              -123.40739673674665,
              39.42994674864127
            ],
            [
              -123.40766266911339,
              39.429238821065276
            ],
            [
              -123.40796506284585,
              39.42886306370727
            ],
            [
              -123.40870716226921,
              39.428311135078275
            ],
            [
              -123.40909444693405,
              39.42793118535758
            ],
            [
              -123.40948892784878,
              39.42738528020142
            ],
            [
              -123.40999367128065,
              39.426130447622064
            ],
            [
              -123.41026792494188,
              39.425602365654726
            ],
            [
              -123.41037216347995,
              39.42511590299208
            ],
            [
              -123.41023575901357,
              39.424535250139
            ],
            [
              -123.40968081890573,
              39.42380247567512
            ],
            [
              -123.40930438833585,
              39.42316364863139
            ],
            [
              -123.40944424230818,
              39.42261413941106
            ],
            [
              -123.40980927010368,
              39.42213940893224
            ],
            [
              -123.41008982743807,
              39.42148945616728
            ],
            [
              -123.41024871725772,
              39.42040365011029
            ],
            [
              -123.41025430910474,
              39.41977317852772
            ],
            [
              -123.4101946510825,
              39.419169716229035
            ],
            [
              -123.40986080920783,
              39.41853968326659
            ],
            [
              -123.40978053047553,
              39.418040326763965
            ],
            [
              -123.40951840845254,
              39.417702789162405
            ],
            [
              -123.40895163695254,
              39.417394409074376
            ],
            [
              -123.40853929195785,
              39.416935835065374
            ],
            [
              -123.4086091849226,
              39.41665656442182
            ],
            [
              -123.40904679891737,
              39.41634457249993
            ],
            [
              -123.4097310528675,
              39.41592748873174
            ],
            [
              -123.41012563220154,
              39.415533815224826
            ],
            [
              -123.41034369676018,
              39.41506500382977
            ],
            [
              -123.41053888465738,
              39.41418965830485
            ],
            [
              -123.41089534195888,
              39.4132964300579
            ],
            [
              -123.41160116436875,
              39.41252391883911
            ],
            [
              -123.41319015855969,
              39.41175211633003
            ],
            [
              -123.4138240580116,
              39.411105967343296
            ],
            [
              -123.41468158145278,
              39.40981426289464
            ],
            [
              -123.41499035507262,
              39.40900694437495
            ],
            [
              -123.41506676166775,
              39.4085013952075
            ],
            [
              -123.41546020155563,
              39.40792863161588
            ],
            [
              -123.41597532854246,
              39.407534267018185
            ],
            [
              -123.41605834189015,
              39.407092543520406
            ],
            [
              -123.4158666149622,
              39.40664316363199
            ],
            [
              -123.41570079793588,
              39.40600847928507
            ],
            [
              -123.4158896467557,
              39.40544395091575
            ],
            [
              -123.4162827645068,
              39.404591067299926
            ],
            [
              -123.41683121454491,
              39.40368798176159
            ],
            [
              -123.41743757797045,
              39.40310012007776
            ],
            [
              -123.41883514774158,
              39.40234358116764
            ],
            [
              -123.41946875382499,
              39.40164689917557
            ],
            [
              -123.42004107168626,
              39.401374292494225
            ],
            [
              -123.42111678434783,
              39.40129920928905
            ],
            [
              -123.42220276163644,
              39.4007267752027
            ],
            [
              -123.42256806671266,
              39.40000521431325
            ],
            [
              -123.42267105393323,
              39.399049700758106
            ],
            [
              -123.42308541874404,
              39.398507714411906
            ],
            [
              -123.42321901367957,
              39.39806104926893
            ],
            [
              -123.4231965064808,
              39.39775005440205
            ],
            [
              -123.42434307403995,
              39.397831537815435
            ],
            [
              -123.4255468594018,
              39.398259769168234
            ],
            [
              -123.42641051408438,
              39.39849939590393
            ],
            [
              -123.42749954925351,
              39.39844643632818
            ],
            [
              -123.42779672871163,
              39.398530836359164
            ],
            [
              -123.42879603228839,
              39.39921687883
            ],
            [
              -123.429434196592,
              39.39956102253565
            ],
            [
              -123.43059600962565,
              39.400061566925785
            ],
            [
              -123.43194112730492,
              39.40025435235612
            ],
            [
              -123.43309997009484,
              39.39997605813436
            ],
            [
              -123.43469397836155,
              39.39882564496857
            ],
            [
              -123.43514352790781,
              39.398423171133544
            ],
            [
              -123.43542682702143,
              39.39818744611723
            ],
            [
              -123.43603185155335,
              39.397450942187014
            ],
            [
              -123.4370832130695,
              39.396856827120175
            ],
            [
              -123.43716008681581,
              39.39661339657344
            ],
            [
              -123.43721537510814,
              39.396234491853676
            ],
            [
              -123.43768340201288,
              39.3948544913257
            ],
            [
              -123.43812643400464,
              39.394158710066044
            ],
            [
              -123.43886645825383,
              39.39357515198253
            ],
            [
              -123.43907029654517,
              39.39316422499255
            ],
            [
              -123.43942149425568,
              39.392595094857334
            ],
            [
              -123.43998488073831,
              39.392111044577916
            ],
            [
              -123.4406779836428,
              39.39189163210606
            ],
            [
              -123.44161029946109,
              39.39166733171672
            ],
            [
              -123.44251120589465,
              39.391168445923945
            ],
            [
              -123.44198734888957,
              39.39058071550704
            ],
            [
              -123.44183695225445,
              39.390031164378335
            ],
            [
              -123.4418497512041,
              39.389684121458856
            ],
            [
              -123.44200290916584,
              39.38905316899798
            ],
            [
              -123.44205052112251,
              39.388557430038716
            ],
            [
              -123.44188597663101,
              39.388147843224424
            ],
            [
              -123.44144664347776,
              39.387874873502724
            ],
            [
              -123.4398609923876,
              39.38756092240406
            ],
            [
              -123.43911069221876,
              39.38722548414532
            ],
            [
              -123.43845807244396,
              39.38671888862108
            ],
            [
              -123.43822932183363,
              39.38625609129661
            ],
            [
              -123.43831937619942,
              39.38569712522553
            ],
            [
              -123.43835249322319,
              39.38503886588818
            ],
            [
              -123.4382869016204,
              39.384530119626504
            ],
            [
              -123.4381070513181,
              39.383963395475135
            ],
            [
              -123.43733391740054,
              39.383272079286975
            ],
            [
              -123.43542141404266,
              39.382468508080926
            ],
            [
              -123.43499368615515,
              39.381479165880634
            ],
            [
              -123.43488942544778,
              39.38007375792614
            ],
            [
              -123.43477357578942,
              39.379407162752784
            ],
            [
              -123.43452381007441,
              39.37889008823051
            ],
            [
              -123.43375082913239,
              39.378370659982004
            ],
            [
              -123.43244805629205,
              39.37790196127243
            ],
            [
              -123.43172573968782,
              39.37757202327777
            ],
            [
              -123.43107604637466,
              39.37704714773988
            ],
            [
              -123.43112912744418,
              39.37691608994613
            ],
            [
              -123.4314778894684,
              39.37662168377399
            ],
            [
              -123.4316403155598,
              39.37643621786094
            ],
            [
              -123.43228604622404,
              39.37595170212543
            ],
            [
              -123.4324262232436,
              39.37574869460805
            ],
            [
              -123.43293317160088,
              39.37517901577352
            ],
            [
              -123.43352795468492,
              39.374848045756664
            ],
            [
              -123.43385913641546,
              39.374698337475664
            ],
            [
              -123.43432230405219,
              39.374380887043166
            ],
            [
              -123.43442898004992,
              39.374277147015555
            ],
            [
              -123.43454697084148,
              39.37401989676954
            ],
            [
              -123.43461275011094,
              39.373686713913024
            ],
            [
              -123.43463585140745,
              39.37313230804105
            ],
            [
              -123.43456407371572,
              39.37217253277528
            ],
            [
              -123.43460852024683,
              39.37185711800903
            ],
            [
              -123.43476326872566,
              39.37160868335688
            ],
            [
              -123.43507196118983,
              39.37132820838861
            ],
            [
              -123.43516736118539,
              39.371278669974174
            ],
            [
              -123.43551403259835,
              39.371258939178176
            ],
            [
              -123.43587061446885,
              39.37130295741693
            ],
            [
              -123.43606106283787,
              39.371297608077434
            ],
            [
              -123.43641718759426,
              39.37108417779252
            ],
            [
              -123.4367084737121,
              39.370975138878144
            ],
            [
              -123.43711700826361,
              39.37094212118134
            ],
            [
              -123.43740233421195,
              39.3709773119596
            ],
            [
              -123.43779153785877,
              39.37109778788204
            ],
            [
              -123.43817088545406,
              39.371154677164505
            ],
            [
              -123.43866201385036,
              39.37109403132362
            ],
            [
              -123.43920607269544,
              39.37106975551964
            ],
            [
              -123.44087148011731,
              39.37119402087026
            ],
            [
              -123.4411759585374,
              39.37118829600072
            ],
            [
              -123.44160021619858,
              39.371064642595876
            ],
            [
              -123.4420166274205,
              39.370703591117895
            ],
            [
              -123.44296535049382,
              39.36976647762275
            ],
            [
              -123.44351617684305,
              39.36914319989109
            ],
            [
              -123.44387101319876,
              39.36867765283687
            ],
            [
              -123.44407077388466,
              39.36835236564479
            ],
            [
              -123.44454000323238,
              39.36780158691091
            ],
            [
              -123.44557842453777,
              39.36695029767301
            ],
            [
              -123.44570251799466,
              39.366769377536805
            ],
            [
              -123.44574107413194,
              39.36647662251665
            ],
            [
              -123.4454754239129,
              39.366063586831956
            ],
            [
              -123.44516801810973,
              39.36543376826875
            ],
            [
              -123.44478655043795,
              39.36485837165567
            ],
            [
              -123.44461070951627,
              39.36465620878679
            ],
            [
              -123.44389879490105,
              39.3639964148165
            ],
            [
              -123.44380449048424,
              39.36384418113187
            ],
            [
              -123.44356787037204,
              39.363205193187135
            ],
            [
              -123.44335958720521,
              39.36189288903365
            ],
            [
              -123.44155006224055,
              39.36253257497644
            ],
            [
              -123.44038470518899,
              39.363014718572245
            ],
            [
              -123.43923206072427,
              39.36353686132771
            ],
            [
              -123.43842254381953,
              39.36376950091106
            ],
            [
              -123.43628243422587,
              39.364160940631244
            ],
            [
              -123.43570149623068,
              39.36423479657583
            ],
            [
              -123.43388045656214,
              39.363970735101034
            ],
            [
              -123.43331063497598,
              39.363761599780204
            ],
            [
              -123.43133850029896,
              39.362719353656665
            ],
            [
              -123.42989606114787,
              39.36217000450781
            ],
            [
              -123.42796248297661,
              39.36135258625064
            ],
            [
              -123.4269510752416,
              39.36084782982653
            ],
            [
              -123.4257802975519,
              39.36066265244953
            ],
            [
              -123.42452838148478,
              39.36068502305344
            ],
            [
              -123.4228704823009,
              39.36044325027461
            ],
            [
              -123.42202173916056,
              39.35998258700681
            ],
            [
              -123.42157415841731,
              39.35908299095252
            ],
            [
              -123.42116858302981,
              39.35871079732781
            ],
            [
              -123.42059005059085,
              39.35864045267778
            ],
            [
              -123.4198895058228,
              39.358647502822606
            ],
            [
              -123.41920510454239,
              39.35857291981699
            ],
            [
              -123.41807046982083,
              39.358266110453194
            ],
            [
              -123.41719863508297,
              39.35790946035687
            ],
            [
              -123.41724617991719,
              39.3575579538394
            ],
            [
              -123.41711090447228,
              39.357148376105236
            ],
            [
              -123.41650500049607,
              39.35643413217398
            ],
            [
              -123.41598029523819,
              39.35605258169675
            ],
            [
              -123.41541051495422,
              39.35588839890085
            ],
            [
              -123.41470397602079,
              39.355813561577804
            ],
            [
              -123.41428638990475,
              39.355806354595565
            ],
            [
              -123.41386912591186,
              39.355853169516635
            ],
            [
              -123.41354811337641,
              39.35602505630964
            ],
            [
              -123.41265352542429,
              39.356826187074155
            ],
            [
              -123.41213924435763,
              39.357192538819035
            ],
            [
              -123.41164810186778,
              39.35747817179617
            ],
            [
              -123.40983775488687,
              39.35807971216275
            ],
            [
              -123.40798762723705,
              39.3584508799608
            ],
            [
              -123.40750517339586,
              39.35850216308482
            ],
            [
              -123.40667449562936,
              39.35875756778249
            ],
            [
              -123.4052825174696,
              39.35816234663948
            ],
            [
              -123.40350551259232,
              39.35735369343673
            ],
            [
              -123.40332635503985,
              39.35699850762821
            ],
            [
              -123.40348485016193,
              39.356280946899275
            ],
            [
              -123.40308101369669,
              39.3558186010629
            ],
            [
              -123.40253432338852,
              39.35547814010872
            ],
            [
              -123.40201268283414,
              39.35540343378589
            ],
            [
              -123.40125505778182,
              39.35543265655343
            ],
            [
              -123.40064624848495,
              39.35550710336315
            ],
            [
              -123.39943388790704,
              39.35575422418603
            ],
            [
              -123.39870502058248,
              39.35584747012614
            ],
            [
              -123.39674912823104,
              39.356169071215724
            ],
            [
              -123.39558759423895,
              39.356258989550604
            ],
            [
              -123.39379835633186,
              39.356345459596746
            ],
            [
              -123.39208712862826,
              39.35635153188454
            ],
            [
              -123.39032559159475,
              39.35595196566637
            ],
            [
              -123.38957762703993,
              39.355860133956995
            ],
            [
              -123.38822854033408,
              39.355765091389976
            ],
            [
              -123.38775908074568,
              39.35546026746026
            ],
            [
              -123.3876398097668,
              39.355243811217264
            ],
            [
              -123.38593993899526,
              39.355070256905215
            ],
            [
              -123.38465912814634,
              39.35516418504671
            ],
            [
              -123.3833500989643,
              39.355308430869115
            ],
            [
              -123.38267082555058,
              39.35528768286558
            ],
            [
              -123.382120835532,
              39.35518131275749
            ],
            [
              -123.38143607089796,
              39.35515239297826
            ],
            [
              -123.3807012564261,
              39.35506916156655
            ],
            [
              -123.37972211542566,
              39.354900916214774
            ],
            [
              -123.37885590603615,
              39.354637542066556
            ],
            [
              -123.37733511703871,
              39.35368273013552
            ],
            [
              -123.37667893700612,
              39.35356396271606
            ],
            [
              -123.37612881309462,
              39.353525100192016
            ],
            [
              -123.37567108463097,
              39.35371061723375
            ],
            [
              -123.37494187872052,
              39.35409638572268
            ],
            [
              -123.3741154271521,
              39.3543739666556
            ],
            [
              -123.3733671829383,
              39.35467820770599
            ],
            [
              -123.37256592546663,
              39.3549190681797
            ],
            [
              -123.37185333184657,
              39.355241181545736
            ],
            [
              -123.37161463121932,
              39.35540449021118
            ],
            [
              -123.37099035202489,
              39.356289723645304
            ],
            [
              -123.37058244604752,
              39.35658810685069
            ],
            [
              -123.37026354214875,
              39.35672928122303
            ],
            [
              -123.36979873167125,
              39.356752913316384
            ],
            [
              -123.36956925478916,
              39.3567222250446
            ],
            [
              -123.36787592138896,
              39.35603331877609
            ],
            [
              -123.36758856188452,
              39.35594384576619
            ],
            [
              -123.36690367045729,
              39.35599152468914
            ],
            [
              -123.36611714971285,
              39.355841251039806
            ],
            [
              -123.36549045739665,
              39.355780105877706
            ],
            [
              -123.3643945890182,
              39.35633697846257
            ],
            [
              -123.36380691765747,
              39.35659622828363
            ],
            [
              -123.36356110623574,
              39.3567632384744
            ],
            [
              -123.36318470417217,
              39.35725079832486
            ],
            [
              -123.36272203996457,
              39.35813056565702
            ],
            [
              -123.36191610614519,
              39.359056777685105
            ],
            [
              -123.36158756928732,
              39.359265723588045
            ],
            [
              -123.36139267735373,
              39.359324096927885
            ],
            [
              -123.36111079622779,
              39.3593616804489
            ],
            [
              -123.36064139886777,
              39.35931772583421
            ],
            [
              -123.36029707467857,
              39.35922911830421
            ],
            [
              -123.35977542798089,
              39.35902734183473
            ],
            [
              -123.35879570687085,
              39.358314076994304
            ],
            [
              -123.35781806654647,
              39.35711450389018
            ],
            [
              -123.35739964675476,
              39.35645334817263
            ],
            [
              -123.35708821560013,
              39.35617023907858
            ],
            [
              -123.356587609853,
              39.35595170014317
            ],
            [
              -123.35512732278842,
              39.35552802224957
            ],
            [
              -123.35389491504885,
              39.355387061974604
            ],
            [
              -123.35359469616299,
              39.35532509080363
            ],
            [
              -123.3530568994623,
              39.355078698130114
            ],
            [
              -123.35232799992774,
              39.35443236401206
            ],
            [
              -123.35202067238562,
              39.354239047045446
            ],
            [
              -123.35134536429433,
              39.353930712204026
            ],
            [
              -123.35090615389247,
              39.353783327608284
            ],
            [
              -123.35030664582756,
              39.353704376956905
            ],
            [
              -123.34939744538563,
              39.353769756988754
            ],
            [
              -123.34895670265061,
              39.353739468400725
            ],
            [
              -123.34852093096907,
              39.35365952914369
            ],
            [
              -123.34804618580395,
              39.35352127658426
            ],
            [
              -123.3467525000227,
              39.3530299111338
            ],
            [
              -123.34569874830065,
              39.35277593776408
            ],
            [
              -123.34485417970986,
              39.352625273699736
            ],
            [
              -123.34394409896157,
              39.35241605768381
            ],
            [
              -123.34289325657468,
              39.35207291337752
            ],
            [
              -123.34155751897292,
              39.35173389359671
            ],
            [
              -123.34103135448214,
              39.35168621635978
            ],
            [
              -123.34015412011452,
              39.35171100771987
            ],
            [
              -123.3397630597177,
              39.35167128952288
            ],
            [
              -123.33917012895786,
              39.35156044321281
            ],
            [
              -123.33858254398123,
              39.35156661911983
            ],
            [
              -123.33822676773514,
              39.35153664678298
            ],
            [
              -123.33696529228185,
              39.35136846724102
            ],
            [
              -123.3366626079062,
              39.351283988473796
            ],
            [
              -123.33578172052331,
              39.35148443853
            ],
            [
              -123.33446242059753,
              39.3512899469907
            ],
            [
              -123.33386998430788,
              39.350269762468635
            ],
            [
              -123.33372268762496,
              39.35004867504662
            ],
            [
              -123.33348232942686,
              39.349793132586605
            ],
            [
              -123.3331595066271,
              39.34956880726345
            ],
            [
              -123.33229684335471,
              39.3492014522864
            ],
            [
              -123.33222174507807,
              39.349107128787125
            ],
            [
              -123.33199911827109,
              39.348274007227566
            ],
            [
              -123.33129166706608,
              39.34747841634951
            ],
            [
              -123.33100763840763,
              39.34706027161856
            ],
            [
              -123.33079559766072,
              39.346660026041796
            ],
            [
              -123.32820027888599,
              39.34566717333922
            ],
            [
              -123.32767025273768,
              39.345356603944005
            ],
            [
              -123.32682090934749,
              39.34461705605322
            ],
            [
              -123.32574549219545,
              39.34383141001939
            ],
            [
              -123.32401949620049,
              39.3433272488335
            ],
            [
              -123.32352628557057,
              39.34310751330524
            ],
            [
              -123.32299413510499,
              39.342821176501545
            ],
            [
              -123.3227493485366,
              39.3427314589722
            ],
            [
              -123.32154696558781,
              39.3425003171549
            ],
            [
              -123.32114836501142,
              39.34231669036941
            ],
            [
              -123.3198508769972,
              39.3410903663527
            ],
            [
              -123.31954560068202,
              39.340681792851804
            ],
            [
              -123.31922708060915,
              39.34014119551564
            ],
            [
              -123.31848439419014,
              39.33936449362285
            ],
            [
              -123.31749881315505,
              39.338659250832656
            ],
            [
              -123.31647108624132,
              39.33797762259895
            ],
            [
              -123.31599638856478,
              39.33769969412637
            ],
            [
              -123.31560846920192,
              39.33757416132425
            ],
            [
              -123.31500538669576,
              39.33754913282037
            ],
            [
              -123.31452403388595,
              39.33769454549783
            ],
            [
              -123.31432584422268,
              39.337807977261704
            ],
            [
              -123.31399004865997,
              39.338033990795786
            ],
            [
              -123.31301981490367,
              39.338802242833786
            ],
            [
              -123.31249542161103,
              39.33917743524493
            ],
            [
              -123.31195287153888,
              39.33951258550023
            ],
            [
              -123.31067799624773,
              39.340691563751754
            ],
            [
              -123.31053344696763,
              39.34075483625912
            ],
            [
              -123.31029359082062,
              39.34077399802444
            ],
            [
              -123.31013705241385,
              39.34075656828803
            ],
            [
              -123.30967006246516,
              39.34049640407072
            ],
            [
              -123.3093176576434,
              39.33987117441929
            ],
            [
              -123.30897965151296,
              39.339096963358685
            ],
            [
              -123.30888063188377,
              39.33896191304076
            ],
            [
              -123.30872483174566,
              39.338831902714816
            ],
            [
              -123.30859440444065,
              39.33877339903103
            ],
            [
              -123.30743341121607,
              39.338637222831395
            ],
            [
              -123.30689634416908,
              39.3385211734259
            ],
            [
              -123.30580312603819,
              39.33806000356496
            ],
            [
              -123.30535198692797,
              39.3376913546448
            ],
            [
              -123.30516406012991,
              39.33748485207414
            ],
            [
              -123.30435442705715,
              39.3370231777433
            ],
            [
              -123.30331213012802,
              39.336732675798466
            ],
            [
              -123.30234435429938,
              39.336370633363956
            ],
            [
              -123.3019685610892,
              39.335691139828526
            ],
            [
              -123.30181901778002,
              39.335538455517906
            ],
            [
              -123.30162246808047,
              39.33543035614389
            ],
            [
              -123.30085567021169,
              39.33512142323434
            ],
            [
              -123.30033731382902,
              39.33496082456662
            ],
            [
              -123.29982509580012,
              39.33491245051114
            ],
            [
              -123.29912980389182,
              39.33499971746078
            ],
            [
              -123.29873848904815,
              39.33495172779818
            ],
            [
              -123.2985573820311,
              39.33488008725198
            ],
            [
              -123.29753698822437,
              39.33432317009754
            ],
            [
              -123.2970585460613,
              39.3341218169046
            ],
            [
              -123.29587703512574,
              39.333445018873284
            ],
            [
              -123.29412101769991,
              39.332237108331434
            ],
            [
              -123.29374418701055,
              39.33181508109097
            ],
            [
              -123.29303636819914,
              39.33073932572069
            ],
            [
              -123.29271767409632,
              39.330059967235925
            ],
            [
              -123.29262142407546,
              39.329726748332206
            ],
            [
              -123.29200101934288,
              39.32881870690981
            ],
            [
              -123.2909439263167,
              39.32798279073615
            ],
            [
              -123.29048444184272,
              39.32757928107115
            ],
            [
              -123.29009606480054,
              39.32733664441318
            ],
            [
              -123.28978479360111,
              39.32721094341935
            ],
            [
              -123.28947075509878,
              39.327144545279225
            ],
            [
              -123.28841931375291,
              39.32719628561005
            ],
            [
              -123.28798678415588,
              39.32718357767142
            ],
            [
              -123.28640705726,
              39.326899203164984
            ],
            [
              -123.28575973919311,
              39.326815735053145
            ],
            [
              -123.28543692547552,
              39.32673969718156
            ],
            [
              -123.28477512375619,
              39.32666476358811
            ],
            [
              -123.28431665170378,
              39.326696903380764
            ],
            [
              -123.28328715145604,
              39.3268982771308
            ],
            [
              -123.28227521976936,
              39.32702177812173
            ],
            [
              -123.28152037716282,
              39.32708255302513
            ],
            [
              -123.2811092111049,
              39.32705222738202
            ],
            [
              -123.27994132343326,
              39.326780061908394
            ],
            [
              -123.2794611951514,
              39.32653815756284
            ],
            [
              -123.27861017425808,
              39.32623319459654
            ],
            [
              -123.27833119994382,
              39.32618030326386
            ],
            [
              -123.27770635561563,
              39.325997131356274
            ],
            [
              -123.27607212120196,
              39.32548266635879
            ],
            [
              -123.27535077960624,
              39.325610014030104
            ],
            [
              -123.27501799377978,
              39.32561992471288
            ],
            [
              -123.27429783658924,
              39.32551398875511
            ],
            [
              -123.2740369284312,
              39.32552364978407
            ],
            [
              -123.2738963977332,
              39.32555538627701
            ],
            [
              -123.27334337816788,
              39.32578629041931
            ],
            [
              -123.27271725414914,
              39.326120807742356
            ],
            [
              -123.2721122323536,
              39.326334252653155
            ],
            [
              -123.27116597816861,
              39.32636755840307
            ],
            [
              -123.27089190590162,
              39.32640006144045
            ],
            [
              -123.27071832600042,
              39.32646323318338
            ],
            [
              -123.27099874303808,
              39.32749481589474
            ],
            [
              -123.27118747632076,
              39.32797596975043
            ],
            [
              -123.27125885818414,
              39.32827385492407
            ],
            [
              -123.27064287483458,
              39.328788191865335
            ],
            [
              -123.26975048978518,
              39.32877700620905
            ],
            [
              -123.26914614154597,
              39.32885069921611
            ],
            [
              -123.26897882562461,
              39.32903073853749
            ],
            [
              -123.26891308241437,
              39.32927475890202
            ],
            [
              -123.26886034795577,
              39.33028372194503
            ],
            [
              -123.26900186257465,
              39.33095972360468
            ],
            [
              -123.26951583356117,
              39.33170131449264
            ],
            [
              -123.26957665763643,
              39.33191761037757
            ],
            [
              -123.26955024668865,
              39.33249906190268
            ],
            [
              -123.26960237787907,
              39.33268306238465
            ],
            [
              -123.26992277096123,
              39.33325074068861
            ],
            [
              -123.27012452737782,
              39.33345244328065
            ],
            [
              -123.2703441324511,
              39.33358263775524
            ],
            [
              -123.27075593884251,
              39.33374901448565
            ],
            [
              -123.27093886243914,
              39.333870176312324
            ],
            [
              -123.27141674895044,
              39.33421571547995
            ],
            [
              -123.2717511496371,
              39.33450291300822
            ],
            [
              -123.27190482837489,
              39.33474191257614
            ],
            [
              -123.27215770613721,
              39.33535823026128
            ],
            [
              -123.27255450416887,
              39.33605090963695
            ],
            [
              -123.27262516591851,
              39.33630830224162
            ],
            [
              -123.27259303237396,
              39.33652424557044
            ],
            [
              -123.27215830652094,
              39.33686283802355
            ],
            [
              -123.27173575687642,
              39.337026200376435
            ],
            [
              -123.27141944251416,
              39.33720303840381
            ],
            [
              -123.27101564242392,
              39.33746962115284
            ],
            [
              -123.27092343929971,
              39.33759178115302
            ],
            [
              -123.27065511995437,
              39.338267903551944
            ],
            [
              -123.27046183955677,
              39.339308493802434
            ],
            [
              -123.27045183719412,
              39.339939886710006
            ],
            [
              -123.27052405814935,
              39.340624050219304
            ],
            [
              -123.27046362300388,
              39.34122358198921
            ],
            [
              -123.27056058016883,
              39.341444241406215
            ],
            [
              -123.27090656540213,
              39.34290345403104
            ],
            [
              -123.27148161688939,
              39.343888477139686
            ],
            [
              -123.27160475151288,
              39.34419934501354
            ],
            [
              -123.27165257774914,
              39.344572710772006
            ],
            [
              -123.27161443858222,
              39.34478431581432
            ],
            [
              -123.27136172640385,
              39.3451098669026
            ],
            [
              -123.27056477185495,
              39.34568855051086
            ],
            [
              -123.2696571608886,
              39.34659600358602
            ],
            [
              -123.2691832119205,
              39.34727762193726
            ],
            [
              -123.26905379316014,
              39.34763321170601
            ],
            [
              -123.26932817083971,
              39.347867164477584
            ],
            [
              -123.26982053353463,
              39.348096118439166
            ],
            [
              -123.27073874538944,
              39.34844525170469
            ],
            [
              -123.27093702518104,
              39.348593019281324
            ],
            [
              -123.27103299842122,
              39.348791337950985
            ],
            [
              -123.27103440910807,
              39.34895336958942
            ],
            [
              -123.27049551137048,
              39.34922072387486
            ],
            [
              -123.26892467327404,
              39.34976508263191
            ],
            [
              -123.26840727588856,
              39.350149039079234
            ],
            [
              -123.26817306632599,
              39.35027134105673
            ],
            [
              -123.26768322127568,
              39.35038529695186
            ],
            [
              -123.26651481545251,
              39.35050019038595
            ],
            [
              -123.26574409447451,
              39.350650461750185
            ],
            [
              -123.26466115061814,
              39.35119340791424
            ],
            [
              -123.26333666353165,
              39.35171942597942
            ],
            [
              -123.26277264882303,
              39.35189652475257
            ],
            [
              -123.26099864993563,
              39.35260292054397
            ],
            [
              -123.26059397997545,
              39.35272990003119
            ],
            [
              -123.26045177648545,
              39.35310901858906
            ],
            [
              -123.26037788708976,
              39.353464943973144
            ],
            [
              -123.26026978827667,
              39.35437538686278
            ],
            [
              -123.26017100865369,
              39.35476786000455
            ],
            [
              -123.25948621523945,
              39.355079565863626
            ],
            [
              -123.25761758436553,
              39.35575055693144
            ],
            [
              -123.2575528505719,
              39.35586314230501
            ],
            [
              -123.25735882373709,
              39.35649940024941
            ],
            [
              -123.25720179107812,
              39.35672500975281
            ],
            [
              -123.25640621568833,
              39.3570776343724
            ],
            [
              -123.25536445980664,
              39.35748069330391
            ],
            [
              -123.25426967883398,
              39.35886669639877
            ],
            [
              -123.25398583988913,
              39.35912366728487
            ],
            [
              -123.253262447678,
              39.359377835478824
            ],
            [
              -123.25249278384118,
              39.35954600855216
            ],
            [
              -123.25218165231361,
              39.359556107070546
            ],
            [
              -123.25185392605746,
              39.35950264078464
            ],
            [
              -123.25098907229116,
              39.3592356435586
            ],
            [
              -123.25033964547421,
              39.35915933850583
            ],
            [
              -123.24996217938437,
              39.359163873482025
            ],
            [
              -123.24805666405217,
              39.35943237589797
            ],
            [
              -123.2481773729489,
              39.3601909807366
            ],
            [
              -123.24826264599729,
              39.360460521398544
            ],
            [
              -123.24859177789263,
              39.36104602714112
            ],
            [
              -123.24868936689194,
              39.36138839199781
            ],
            [
              -123.24881484067971,
              39.36236097735915
            ],
            [
              -123.24986257711936,
              39.36371524170485
            ],
            [
              -123.24923291454245,
              39.36584250273577
            ],
            [
              -123.2490276961931,
              39.36601452238472
            ],
            [
              -123.25159474504062,
              39.3677389625889
            ],
            [
              -123.25185338524518,
              39.36812557987851
            ],
            [
              -123.2519885049375,
              39.36826521190563
            ],
            [
              -123.25214452904105,
              39.36881928182219
            ],
            [
              -123.25208448836662,
              39.36943216643278
            ],
            [
              -123.25209290059921,
              39.36985960509132
            ],
            [
              -123.25226693102135,
              39.37005757967017
            ],
            [
              -123.25339941618809,
              39.370730771707294
            ],
            [
              -123.25360651519551,
              39.37143742049312
            ],
            [
              -123.25349422952439,
              39.37187074354174
            ],
            [
              -123.25332682233535,
              39.37218231562097
            ],
            [
              -123.25136020643512,
              39.373965958937674
            ],
            [
              -123.2512720547381,
              39.37444366937093
            ],
            [
              -123.25053788664475,
              39.375499457538105
            ],
            [
              -123.24949615990339,
              39.37594310347887
            ],
            [
              -123.24917219629053,
              39.37613277131713
            ],
            [
              -123.24867363656307,
              39.3765303584632
            ],
            [
              -123.24757071630741,
              39.3774789907072
            ],
            [
              -123.24717258553187,
              39.37788924782126
            ],
            [
              -123.24684930565347,
              39.37825078993534
            ],
            [
              -123.24667115582699,
              39.37853464571461
            ],
            [
              -123.24649804178128,
              39.37893186656209
            ],
            [
              -123.24641573076312,
              39.37943645187626
            ],
            [
              -123.24641967401585,
              39.37983784415904
            ],
            [
              -123.24646094511866,
              39.38026992619599
            ],
            [
              -123.2465826491689,
              39.38073843235412
            ],
            [
              -123.24686729295063,
              39.381548385807825
            ],
            [
              -123.24715390687525,
              39.38206582591947
            ],
            [
              -123.24754169995809,
              39.382948590419346
            ],
            [
              -123.24765874350874,
              39.38362360250548
            ],
            [
              -123.24786542393547,
              39.38427172840758
            ],
            [
              -123.24803202607909,
              39.38451492064377
            ],
            [
              -123.24862322102159,
              39.385109669376845
            ],
            [
              -123.24746121468309,
              39.385489828255764
            ],
            [
              -123.24701963374004,
              39.38556736046193
            ],
            [
              -123.24678527413481,
              39.38555825572263
            ],
            [
              -123.2462047914702,
              39.385410591190265
            ],
            [
              -123.24586289141936,
              39.385384735872925
            ],
            [
              -123.24493844375435,
              39.38542721678347
            ],
            [
              -123.2439028206802,
              39.38556896961862
            ],
            [
              -123.24263506025802,
              39.38584200069355
            ],
            [
              -123.24154336170386,
              39.386132574643625
            ],
            [
              -123.24112162423495,
              39.38621003907121
            ],
            [
              -123.24079175125975,
              39.38626897067299
            ],
            [
              -123.23989545999969,
              39.38632503225747
            ],
            [
              -123.23894118114572,
              39.38650701942327
            ],
            [
              -123.23843203643656,
              39.38653581964757
            ],
            [
              -123.23582624146927,
              39.38638764482068
            ],
            [
              -123.23516112238539,
              39.38623147122821
            ],
            [
              -123.23427553624343,
              39.38575515618842
            ],
            [
              -123.23338529821827,
              39.385369701777975
            ],
            [
              -123.23311751075327,
              39.385230197727246
            ],
            [
              -123.23198299752596,
              39.384435364263666
            ],
            [
              -123.23007961196052,
              39.38415971721175
            ],
            [
              -123.22874472740429,
              39.38391495616272
            ],
            [
              -123.2284946958722,
              39.38373064404574
            ],
            [
              -123.22835122007966,
              39.38353269569955
            ],
            [
              -123.22796424746207,
              39.382663352632605
            ],
            [
              -123.22769992493438,
              39.38169960595137
            ],
            [
              -123.22740040755299,
              39.380885469542164
            ],
            [
              -123.22709709560327,
              39.3804397536497
            ],
            [
              -123.22694993522303,
              39.38032292680914
            ],
            [
              -123.22618019594515,
              39.380049772108386
            ],
            [
              -123.22547297106642,
              39.37993417558008
            ],
            [
              -123.22506944406145,
              39.379925524885614
            ],
            [
              -123.22487974406891,
              39.37994843041073
            ],
            [
              -123.22435322929589,
              39.380052866018396
            ],
            [
              -123.22366014839248,
              39.380234894877546
            ],
            [
              -123.22305826078075,
              39.38007796940397
            ],
            [
              -123.22225783362677,
              39.37958848674453
            ],
            [
              -123.22125896457771,
              39.37913127557392
            ],
            [
              -123.22060302598501,
              39.37888472353681
            ],
            [
              -123.21987089187614,
              39.3782007127566
            ],
            [
              -123.21948886037842,
              39.37791279547381
            ],
            [
              -123.21901654236947,
              39.37748159568909
            ],
            [
              -123.21822494880487,
              39.376581973838626
            ],
            [
              -123.21786911375843,
              39.376253790968214
            ],
            [
              -123.21670989164679,
              39.375503493292314
            ],
            [
              -123.21631176984808,
              39.37517097844998
            ],
            [
              -123.21619104150705,
              39.3750184090162
            ],
            [
              -123.21613294882266,
              39.37477852120682
            ],
            [
              -123.21570873715594,
              39.374406159698296
            ],
            [
              -123.21528245393824,
              39.373753768138364
            ],
            [
              -123.21526239970287,
              39.37321323260652
            ],
            [
              -123.21536781208506,
              39.37283412294182
            ],
            [
              -123.21555366337581,
              39.372383491323745
            ],
            [
              -123.21574582355004,
              39.37212640433088
            ],
            [
              -123.2161682645553,
              39.37115725645909
            ],
            [
              -123.21555849531293,
              39.36914381537671
            ],
            [
              -123.21539597808517,
              39.36887864436104
            ],
            [
              -123.21490076180173,
              39.36760894914051
            ],
            [
              -123.21363437606182,
              39.368016681396135
            ],
            [
              -123.21263935522106,
              39.36809076034742
            ],
            [
              -123.21227495519477,
              39.36815446898939
            ],
            [
              -123.21182022487596,
              39.36834000124231
            ],
            [
              -123.21150600618759,
              39.368669472064504
            ],
            [
              -123.21118211329981,
              39.36916148470128
            ],
            [
              -123.21087849351161,
              39.369468400372284
            ],
            [
              -123.21043451829263,
              39.36968078838297
            ],
            [
              -123.20937695234633,
              39.37005616516413
            ],
            [
              -123.20855804332007,
              39.37028288123479
            ],
            [
              -123.20760328472649,
              39.3704244952728
            ],
            [
              -123.2057110574467,
              39.37082428495642
            ],
            [
              -123.20498813869703,
              39.37073996382084
            ],
            [
              -123.20473272382323,
              39.37074506925847
            ],
            [
              -123.20338964382209,
              39.370995327384485
            ],
            [
              -123.20311614646319,
              39.370936787855726
            ],
            [
              -123.20267554968895,
              39.37093320272009
            ],
            [
              -123.20237700737833,
              39.37101914735912
            ],
            [
              -123.20205502502328,
              39.37117345246742
            ],
            [
              -123.20111999783173,
              39.371828175220315
            ],
            [
              -123.20075222540865,
              39.372031360176095
            ],
            [
              -123.20110305497475,
              39.372530896922854
            ],
            [
              -123.20115942675082,
              39.37270683087018
            ],
            [
              -123.20125427764005,
              39.37339130414777
            ],
            [
              -123.20141663099581,
              39.37383272668896
            ],
            [
              -123.20230450230181,
              39.37511476834564
            ],
            [
              -123.20226692231626,
              39.37566446509368
            ],
            [
              -123.20231780189185,
              39.37632667124658
            ],
            [
              -123.20234843868516,
              39.376542795234926
            ],
            [
              -123.20249791263245,
              39.37701116313014
            ],
            [
              -123.20263729418046,
              39.37772723914157
            ],
            [
              -123.20262953113475,
              39.37834869848077
            ],
            [
              -123.20244346533877,
              39.37891279361396
            ],
            [
              -123.20224148137427,
              39.379287208925454
            ],
            [
              -123.20204838441627,
              39.37954887146057
            ],
            [
              -123.20200459478775,
              39.37969268649458
            ],
            [
              -123.20151711305641,
              39.379418722560665
            ],
            [
              -123.20117238131034,
              39.37929350082633
            ],
            [
              -123.20091786586025,
              39.379298076129494
            ],
            [
              -123.20004752559579,
              39.379466259645795
            ],
            [
              -123.19961461330084,
              39.37944898164513
            ],
            [
              -123.19934031326841,
              39.379345903096166
            ],
            [
              -123.19905142596429,
              39.37919321504568
            ],
            [
              -123.19860200898523,
              39.37883314494443
            ],
            [
              -123.19817278640397,
              39.37858189349663
            ],
            [
              -123.19723773414408,
              39.37825018622222
            ],
            [
              -123.19624147097348,
              39.37769280091127
            ],
            [
              -123.19581685640301,
              39.3775180754843
            ],
            [
              -123.19557281161913,
              39.37746883565084
            ],
            [
              -123.1953974805784,
              39.377495930014256
            ],
            [
              -123.19485333834878,
              39.37781275570855
            ],
            [
              -123.1939480323821,
              39.37877809350156
            ],
            [
              -123.19338475946955,
              39.37945939457762
            ],
            [
              -123.19232465213864,
              39.380285612379176
            ],
            [
              -123.19150544247067,
              39.380183327169995
            ],
            [
              -123.19134680514932,
              39.380120934453366
            ],
            [
              -123.19093894036298,
              39.379855123495844
            ],
            [
              -123.18998783035951,
              39.37950076704427
            ],
            [
              -123.18934389907243,
              39.37920918660525
            ],
            [
              -123.18914799761706,
              39.37908785182525
            ],
            [
              -123.18882951783696,
              39.37879097524201
            ],
            [
              -123.18733117598991,
              39.37823024778619
            ],
            [
              -123.18698286237513,
              39.37818081218965
            ],
            [
              -123.18650191283008,
              39.37821316210632
            ],
            [
              -123.18558186193836,
              39.37836400492322
            ],
            [
              -123.18508790675602,
              39.3782562879022
            ],
            [
              -123.18429193161818,
              39.37788815066472
            ],
            [
              -123.18294070238167,
              39.37744422985325
            ],
            [
              -123.18115513441987,
              39.37677122774633
            ],
            [
              -123.18053375731454,
              39.37667302015792
            ],
            [
              -123.1799397385445,
              39.3766694683135
            ],
            [
              -123.17923694968971,
              39.376787731256286
            ],
            [
              -123.17850064761342,
              39.37709964740252
            ],
            [
              -123.1781730965351,
              39.37720785989782
            ],
            [
              -123.17736419575024,
              39.37729182307486
            ],
            [
              -123.17687276433784,
              39.37720014260389
            ],
            [
              -123.17661703284493,
              39.37718963390367
            ],
            [
              -123.17599725703734,
              39.376940175135076
            ],
            [
              -123.1757180864013,
              39.37669374781756
            ],
            [
              -123.17517586435397,
              39.37643146640553
            ],
            [
              -123.17473842187471,
              39.3761282384654
            ],
            [
              -123.17450757231487,
              39.376029159672
            ],
            [
              -123.17408473478045,
              39.37573657751462
            ],
            [
              -123.17320686792739,
              39.37523466921277
            ],
            [
              -123.17311561254391,
              39.375077330654534
            ],
            [
              -123.17310614051023,
              39.374835593399936
            ],
            [
              -123.17315078346714,
              39.37470808735384
            ],
            [
              -123.17310095376342,
              39.3745222731371
            ],
            [
              -123.17295084982597,
              39.37431132645639
            ],
            [
              -123.17239314349153,
              39.373834927561234
            ],
            [
              -123.17216813239129,
              39.37370270491427
            ],
            [
              -123.17188899547745,
              39.37363773296614
            ],
            [
              -123.17120678557244,
              39.37378563896713
            ],
            [
              -123.17093708934138,
              39.373962384315405
            ],
            [
              -123.17060879347932,
              39.37445397312618
            ],
            [
              -123.17056049993963,
              39.3746695664246
            ],
            [
              -123.17030047571494,
              39.37509355578695
            ],
            [
              -123.17000866533398,
              39.37543031918106
            ],
            [
              -123.16979973399857,
              39.37589161455763
            ],
            [
              -123.16957063774048,
              39.376743816695054
            ],
            [
              -123.1689382689137,
              39.37798484524164
            ],
            [
              -123.16864516313032,
              39.378651597258035
            ],
            [
              -123.16772156322195,
              39.38006438504156
            ],
            [
              -123.16732276880929,
              39.381113007339735
            ],
            [
              -123.16769062493614,
              39.382251480030206
            ],
            [
              -123.16764373466744,
              39.38235536587206
            ],
            [
              -123.1678144446686,
              39.38299471084441
            ],
            [
              -123.16786482626735,
              39.383792045882245
            ],
            [
              -123.16761909829847,
              39.38555862019159
            ],
            [
              -123.16781607311037,
              39.38677883676336
            ],
            [
              -123.16798254680629,
              39.38716198128903
            ],
            [
              -123.16819225101708,
              39.38741371159028
            ],
            [
              -123.16834957484201,
              39.38775964172521
            ],
            [
              -123.16854729835237,
              39.38795326484665
            ],
            [
              -123.16872799486178,
              39.38805079684035
            ],
            [
              -123.1697247283374,
              39.38830937670592
            ],
            [
              -123.17041017204576,
              39.388555620179595
            ],
            [
              -123.17026422469883,
              39.38867346957265
            ],
            [
              -123.16941297482175,
              39.38919182583663
            ],
            [
              -123.16862879753882,
              39.389553379709724
            ],
            [
              -123.16856321593225,
              39.389679361523534
            ],
            [
              -123.1685869263979,
              39.39033783804245
            ],
            [
              -123.16838982298121,
              39.39083771607142
            ],
            [
              -123.16823074540606,
              39.3910812376818
            ],
            [
              -123.16813242800806,
              39.39141470232827
            ],
            [
              -123.1680647915792,
              39.39178880666831
            ],
            [
              -123.16794440735535,
              39.39304145439874
            ],
            [
              -123.16782859142695,
              39.39328898186694
            ],
            [
              -123.16771727614851,
              39.39367280988691
            ],
            [
              -123.16760484454848,
              39.39462829869324
            ],
            [
              -123.16749715090167,
              39.39490301716144
            ],
            [
              -123.16726177325742,
              39.39516472112424
            ],
            [
              -123.16706939827309,
              39.395313382461694
            ],
            [
              -123.16679205677625,
              39.39543529186247
            ],
            [
              -123.16591300492924,
              39.395725468178284
            ],
            [
              -123.1655389711398,
              39.39591924641513
            ],
            [
              -123.1651472407402,
              39.39616760182294
            ],
            [
              -123.16485653748016,
              39.396483377391
            ],
            [
              -123.1647215047363,
              39.3967809280475
            ],
            [
              -123.16464415929867,
              39.39741578028133
            ],
            [
              -123.16456473188897,
              39.39770471983367
            ],
            [
              -123.16455008322292,
              39.39800612757969
            ],
            [
              -123.16459452700103,
              39.39820025531747
            ],
            [
              -123.16478163065509,
              39.39857844753919
            ],
            [
              -123.16459035280455,
              39.39873188927126
            ],
            [
              -123.16425797041923,
              39.398916841637586
            ],
            [
              -123.16371321701861,
              39.39906651303708
            ],
            [
              -123.16333257909778,
              39.399107589405766
            ],
            [
              -123.16273388690652,
              39.399027323900484
            ],
            [
              -123.16211149426708,
              39.3987263171893
            ],
            [
              -123.16112061228579,
              39.39812356357103
            ],
            [
              -123.16023827172394,
              39.397724211068265
            ],
            [
              -123.1589634897085,
              39.397252834393335
            ],
            [
              -123.15712609884815,
              39.39578210959406
            ],
            [
              -123.15678758312336,
              39.395480225929155
            ],
            [
              -123.15618977762897,
              39.394801207333145
            ],
            [
              -123.15579874969274,
              39.39460351366093
            ],
            [
              -123.15476724975576,
              39.39434833338784
            ],
            [
              -123.15427703106037,
              39.3943034015581
            ],
            [
              -123.15331361472826,
              39.39431373705455
            ],
            [
              -123.15130382026048,
              39.39420331378452
            ],
            [
              -123.15110042027727,
              39.39407809108734
            ],
            [
              -123.15078445968513,
              39.393979166159234
            ],
            [
              -123.14979314629477,
              39.39350298069002
            ],
            [
              -123.14920813526366,
              39.392922142671345
            ],
            [
              -123.1482446251682,
              39.39230202810289
            ],
            [
              -123.14796229136756,
              39.392149180432185
            ],
            [
              -123.1460432941976,
              39.391367514955
            ],
            [
              -123.14557354098349,
              39.391007831006526
            ],
            [
              -123.14513601675526,
              39.39072454196741
            ],
            [
              -123.14403753778903,
              39.39038361057952
            ],
            [
              -123.14351773760018,
              39.39032591733648
            ],
            [
              -123.14300080968282,
              39.39017347951435
            ],
            [
              -123.14239515806482,
              39.38992610479708
            ],
            [
              -123.14197354230825,
              39.38969198045245
            ],
            [
              -123.1404137180391,
              39.389482295299956
            ],
            [
              -123.1401588747067,
              39.38946941854201
            ],
            [
              -123.13983588141784,
              39.38952806509364
            ],
            [
              -123.13882085826641,
              39.389799867529845
            ],
            [
              -123.13847931366726,
              39.38978161411318
            ],
            [
              -123.13784420379432,
              39.38949907123316
            ],
            [
              -123.1374723184323,
              39.38925552479529
            ],
            [
              -123.13739221023091,
              39.38906235977959
            ],
            [
              -123.13742253491404,
              39.38879651449881
            ],
            [
              -123.13739533113984,
              39.38865244352278
            ],
            [
              -123.13727696522851,
              39.38838185470468
            ],
            [
              -123.13713393255394,
              39.38818862494173
            ],
            [
              -123.13678486466287,
              39.38783311732838
            ],
            [
              -123.13663798342074,
              39.387549208196205
            ],
            [
              -123.136366266626,
              39.387171322738745
            ],
            [
              -123.1356658910254,
              39.386401815175326
            ],
            [
              -123.13576715593652,
              39.385991412950226
            ],
            [
              -123.1358518922281,
              39.38519857588222
            ],
            [
              -123.13586003128319,
              39.385036339819926
            ],
            [
              -123.13576870877348,
              39.38459047252878
            ],
            [
              -123.13545773734764,
              39.38381598233874
            ],
            [
              -123.13501532210063,
              39.38328075538283
            ],
            [
              -123.1345527511863,
              39.38290277859404
            ],
            [
              -123.13320302480595,
              39.38202067041757
            ],
            [
              -123.13256683992894,
              39.381548518620406
            ],
            [
              -123.13123405761179,
              39.3807214961599
            ],
            [
              -123.1300503956931,
              39.37975323531785
            ],
            [
              -123.12940628187492,
              39.37929069398483
            ],
            [
              -123.12856668147633,
              39.37857033242856
            ],
            [
              -123.1281951800839,
              39.378336542762604
            ],
            [
              -123.12758425147723,
              39.37829199383503
            ],
            [
              -123.1269798843995,
              39.37836961916976
            ],
            [
              -123.1267530657174,
              39.37836542186143
            ],
            [
              -123.12631147909005,
              39.37831635436328
            ],
            [
              -123.1255728898669,
              39.378167795855134
            ],
            [
              -123.12527333569282,
              39.37814144594069
            ],
            [
              -123.12211390463139,
              39.378090360992836
            ],
            [
              -123.12142475283913,
              39.37787481696151
            ],
            [
              -123.12094827231941,
              39.3776503777719
            ],
            [
              -123.12039316090917,
              39.377227451942346
            ],
            [
              -123.12005358332951,
              39.37692572380875
            ],
            [
              -123.11974904195587,
              39.37673701929042
            ],
            [
              -123.11917375493731,
              39.37651232721248
            ],
            [
              -123.11811285338626,
              39.37616649125636
            ],
            [
              -123.1176502107666,
              39.37613063432751
            ],
            [
              -123.1168564013897,
              39.37594697711597
            ],
            [
              -123.1163959208163,
              39.37544329366548
            ],
            [
              -123.11621945394994,
              39.375145182198345
            ],
            [
              -123.11602640034396,
              39.37492508531516
            ],
            [
              -123.11527484596847,
              39.374173428141475
            ],
            [
              -123.11502485299188,
              39.37400698122515
            ],
            [
              -123.11476616439087,
              39.373935145585996
            ],
            [
              -123.11417271675852,
              39.37385940303636
            ],
            [
              -123.11232374869489,
              39.37334724835424
            ],
            [
              -123.11138914711307,
              39.37284797475457
            ],
            [
              -123.11070714529392,
              39.372826189763984
            ],
            [
              -123.10957844882321,
              39.37254368563141
            ],
            [
              -123.10900036996561,
              39.37234144080126
            ],
            [
              -123.10872133178799,
              39.372287332062456
            ],
            [
              -123.10819428765062,
              39.37224304575688
            ],
            [
              -123.107334536488,
              39.3723612304628
            ],
            [
              -123.10619395066867,
              39.37262759926506
            ],
            [
              -123.10491560763911,
              39.37312403376921
            ],
            [
              -123.10462566625915,
              39.373138546304375
            ],
            [
              -123.10441672261696,
              39.37308434533638
            ],
            [
              -123.10332119361637,
              39.37235950947433
            ],
            [
              -123.10004716523909,
              39.37171837538619
            ],
            [
              -123.09855059586734,
              39.37106683297259
            ],
            [
              -123.09573147417117,
              39.36992002574705
            ],
            [
              -123.09497508082235,
              39.36956903690308
            ],
            [
              -123.09442831392026,
              39.36955585518327
            ],
            [
              -123.0926872231103,
              39.369606852989754
            ],
            [
              -123.09207238244797,
              39.36965689428364
            ],
            [
              -123.09124901164544,
              39.36949983958771
            ],
            [
              -123.0910246459462,
              39.36941858722063
            ],
            [
              -123.08932658544134,
              39.368559295987055
            ],
            [
              -123.0887030905503,
              39.36843851726481
            ],
            [
              -123.08818373735244,
              39.368272180527576
            ],
            [
              -123.08789803016865,
              39.368110214780295
            ],
            [
              -123.08749520828488,
              39.36770954283751
            ],
            [
              -123.08744742347649,
              39.367623661497944
            ],
            [
              -123.0874067350369,
              39.36739862639791
            ],
            [
              -123.08720791802266,
              39.36684923904479
            ],
            [
              -123.08591333878785,
              39.36439050396563
            ],
            [
              -123.08553396552925,
              39.36403907599639
            ],
            [
              -123.08526818336482,
              39.363854604753506
            ],
            [
              -123.08460905043253,
              39.36359873674249
            ],
            [
              -123.08399701987882,
              39.363414253451715
            ],
            [
              -123.08301313045254,
              39.362788123842414
            ],
            [
              -123.0828227603516,
              39.3622659559195
            ],
            [
              -123.08284617165549,
              39.361112233451706
            ],
            [
              -123.0827037520103,
              39.360702680718845
            ],
            [
              -123.08244347306218,
              39.36021627604252
            ],
            [
              -123.08183976922615,
              39.35925690043353
            ],
            [
              -123.08162722504412,
              39.35859039796956
            ],
            [
              -123.08145055839655,
              39.3575362548554
            ],
            [
              -123.08108640873697,
              39.3573608367067
            ],
            [
              -123.08097179335296,
              39.35720350852321
            ],
            [
              -123.08008357121992,
              39.3565011025786
            ],
            [
              -123.07976861332634,
              39.35497396325697
            ],
            [
              -123.0802203273274,
              39.35399561940049
            ],
            [
              -123.08062122944098,
              39.35341445375786
            ],
            [
              -123.08072063450814,
              39.35276576154983
            ],
            [
              -123.08102579991824,
              39.351566982578646
            ],
            [
              -123.08102257334801,
              39.350962012874675
            ],
            [
              -123.07940559552392,
              39.34869790615094
            ],
            [
              -123.07907859762744,
              39.348522673308594
            ],
            [
              -123.07865174228756,
              39.34823913637786
            ],
            [
              -123.07821429818462,
              39.34775283541536
            ],
            [
              -123.07795139846988,
              39.346937507827654
            ],
            [
              -123.07783837509109,
              39.3466853259562
            ],
            [
              -123.0772982588213,
              39.34623549671447
            ],
            [
              -123.07722034220262,
              39.346126621990024
            ],
            [
              -123.07702693794072,
              39.345555001183875
            ],
            [
              -123.07679481572264,
              39.3451722818876
            ],
            [
              -123.07668878458418,
              39.345059596754005
            ],
            [
              -123.07638977176538,
              39.34490664663756
            ],
            [
              -123.07590589021969,
              39.34472644668351
            ],
            [
              -123.07491270264352,
              39.34445249426531
            ],
            [
              -123.07388279846279,
              39.34388148751356
            ],
            [
              -123.07332796118358,
              39.34370536606985
            ],
            [
              -123.07296519514595,
              39.34365188269706
            ],
            [
              -123.07249484612389,
              39.34350754331191
            ],
            [
              -123.07201390736665,
              39.34311622392988
            ],
            [
              -123.0716436219569,
              39.34295452466314
            ],
            [
              -123.07110037785196,
              39.34285563692562
            ],
            [
              -123.0706547584932,
              39.34261740693489
            ],
            [
              -123.07034620863449,
              39.34240991942578
            ],
            [
              -123.06954993646906,
              39.34170344397692
            ],
            [
              -123.06852226852197,
              39.341158374073856
            ],
            [
              -123.06810311040573,
              39.340879367441445
            ],
            [
              -123.06785885011281,
              39.34067677006217
            ],
            [
              -123.06725324486277,
              39.34036189141496
            ],
            [
              -123.06538273448845,
              39.340633098910104
            ],
            [
              -123.06491273839188,
              39.34059728913626
            ],
            [
              -123.06431065479036,
              39.34047598712913
            ],
            [
              -123.06417363431284,
              39.3398907127352
            ],
            [
              -123.06372596493917,
              39.33946259267763
            ],
            [
              -123.06323708579318,
              39.33918771404368
            ],
            [
              -123.06244113629604,
              39.338625119441836
            ],
            [
              -123.06181637225971,
              39.33807621165916
            ],
            [
              -123.06152423341226,
              39.33764321295405
            ],
            [
              -123.06116538479597,
              39.33700400738826
            ],
            [
              -123.06093634256672,
              39.33644533670245
            ],
            [
              -123.06051514986436,
              39.33598138151489
            ],
            [
              -123.06007102662679,
              39.3357520762014
            ],
            [
              -123.05947466567298,
              39.33559507759459
            ],
            [
              -123.05812532217331,
              39.33516683486541
            ],
            [
              -123.05726778283181,
              39.33448335517315
            ],
            [
              -123.05681347650912,
              39.334068894090954
            ],
            [
              -123.05633255292464,
              39.333424523408624
            ],
            [
              -123.0555975804542,
              39.33265451726497
            ],
            [
              -123.055246810218,
              39.33245194031089
            ],
            [
              -123.05478636563547,
              39.33205117834207
            ],
            [
              -123.05425637661251,
              39.33168207760862
            ],
            [
              -123.05378605458688,
              39.33148408708044
            ],
            [
              -123.05342753782669,
              39.331416520777545
            ],
            [
              -123.05265381141872,
              39.33138081928523
            ],
            [
              -123.05205910915063,
              39.331268771414834
            ],
            [
              -123.05112037478237,
              39.331205796635864
            ],
            [
              -123.0503198731997,
              39.331088900350125
            ],
            [
              -123.04948708716644,
              39.33100794771675
            ],
            [
              -123.0488550749449,
              39.33098142892629
            ],
            [
              -123.04765623318443,
              39.33083323727203
            ],
            [
              -123.04707507715831,
              39.33068443042824
            ],
            [
              -123.04679708027044,
              39.33053623542857
            ],
            [
              -123.04606904973187,
              39.330293636656165
            ],
            [
              -123.04570662548213,
              39.330266322705675
            ],
            [
              -123.04554077517474,
              39.33035180398387
            ],
            [
              -123.04518017991614,
              39.330645215794505
            ],
            [
              -123.04473508009364,
              39.331203643975435
            ],
            [
              -123.04449533573599,
              39.3313573236005
            ],
            [
              -123.04397194949898,
              39.331371202273786
            ],
            [
              -123.04278024012913,
              39.33069957754694
            ],
            [
              -123.04259768331825,
              39.33058281416217
            ],
            [
              -123.0422856970883,
              39.33030810100688
            ],
            [
              -123.04126218066386,
              39.33011062437528
            ],
            [
              -123.0409260233008,
              39.329929917969444
            ],
            [
              -123.04056595710071,
              39.32968244988732
            ],
            [
              -123.04001286506403,
              39.32938977528198
            ],
            [
              -123.0396518670287,
              39.32928636832324
            ],
            [
              -123.03893740674434,
              39.32916906658586
            ],
            [
              -123.0384605242833,
              39.32912445982631
            ],
            [
              -123.03832565027965,
              39.32912449247169
            ],
            [
              -123.03802400284115,
              39.329187247435684
            ],
            [
              -123.03680953243972,
              39.32967472438231
            ],
            [
              -123.03625292036382,
              39.329868597709584
            ],
            [
              -123.03628812488341,
              39.32920150947243
            ],
            [
              -123.03643862125544,
              39.328823215885784
            ],
            [
              -123.03647203510235,
              39.32836780747012
            ],
            [
              -123.03636310205069,
              39.32792668369436
            ],
            [
              -123.03614036849808,
              39.32759365021397
            ],
            [
              -123.03615367258953,
              39.327155815415495
            ],
            [
              -123.03603470406294,
              39.32666976702047
            ],
            [
              -123.03585538946831,
              39.326485318953516
            ],
            [
              -123.03541075440276,
              39.32612456824845
            ],
            [
              -123.03495168924016,
              39.325868129412314
            ],
            [
              -123.03450390533685,
              39.32557088160682
            ],
            [
              -123.0341676048049,
              39.325381753627646
            ],
            [
              -123.03363296763635,
              39.32517916306278
            ],
            [
              -123.03346850500274,
              39.325161191379244
            ],
            [
              -123.03328581106037,
              39.325183277208836
            ],
            [
              -123.03281720130542,
              39.32531010440555
            ],
            [
              -123.03215965047798,
              39.32531924074821
            ],
            [
              -123.0317340045299,
              39.325179394900005
            ],
            [
              -123.03100761902667,
              39.32471579686177
            ],
            [
              -123.03067363692807,
              39.32456294400742
            ],
            [
              -123.03025778115041,
              39.324476893104695
            ],
            [
              -123.02906549007442,
              39.324432573879164
            ],
            [
              -123.02889710144521,
              39.324459498334086
            ],
            [
              -123.02838511188294,
              39.32429742323008
            ],
            [
              -123.02796376093428,
              39.32409928561886
            ],
            [
              -123.02726587765348,
              39.323090645577224
            ],
            [
              -123.02694214076512,
              39.32273404511589
            ],
            [
              -123.02663033361658,
              39.32231995325952
            ],
            [
              -123.0258509090284,
              39.32164467841121
            ],
            [
              -123.02560254235888,
              39.32150944089998
            ],
            [
              -123.02552042261065,
              39.32143228103105
            ],
            [
              -123.02503315302286,
              39.3207659417662
            ],
            [
              -123.02452967605807,
              39.319820073430535
            ],
            [
              -123.02448596092513,
              39.31966177525045
            ],
            [
              -123.02386245566802,
              39.319806874093366
            ],
            [
              -123.02331379043788,
              39.31987896608595
            ],
            [
              -123.02188988601434,
              39.31973491375835
            ],
            [
              -123.02113074074927,
              39.319604289565916
            ],
            [
              -123.02014225295669,
              39.31951432206852
            ],
            [
              -123.01620164645554,
              39.31922624729152
            ],
            [
              -123.01553384976854,
              39.31919937269771
            ],
            [
              -123.01388317994534,
              39.31947007333355
            ],
            [
              -123.0120921270625,
              39.31992069970723
            ],
            [
              -123.01059947944158,
              39.320506625614904
            ],
            [
              -123.01000108491782,
              39.32084452407218
            ],
            [
              -123.00995252195878,
              39.32073144032491
            ],
            [
              -123.00899320062132,
              39.31999345070715
            ],
            [
              -123.00881161677233,
              39.3197863426444
            ],
            [
              -123.00738833595948,
              39.317754196319825
            ],
            [
              -123.00733448441626,
              39.31754661782848
            ],
            [
              -123.00725842566396,
              39.31608286659479
            ],
            [
              -123.00710256502337,
              39.31553752344585
            ],
            [
              -123.00678559586983,
              39.315028630733146
            ],
            [
              -123.00498771991258,
              39.314654183210095
            ],
            [
              -123.0046054224762,
              39.31438857678482
            ],
            [
              -123.00407365504209,
              39.31383036201972
            ],
            [
              -123.00375672008472,
              39.31360492752854
            ],
            [
              -123.00307217324107,
              39.31338848653008
            ],
            [
              -123.00209103204936,
              39.31313798783548
            ],
            [
              -123.00066259001892,
              39.31236645238213
            ],
            [
              -122.99927815194663,
              39.311676515860626
            ],
            [
              -122.99828975438318,
              39.31147399381871
            ],
            [
              -122.99767174234246,
              39.311437800529994
            ],
            [
              -122.99663861850387,
              39.31144692337961
            ],
            [
              -122.99545391560298,
              39.31150048123724
            ],
            [
              -122.9947144613384,
              39.311446395463506
            ],
            [
              -122.99437662827505,
              39.311360766775564
            ],
            [
              -122.99393992342011,
              39.3111627457926
            ],
            [
              -122.99379887623626,
              39.3110635193888
            ],
            [
              -122.99215548729148,
              39.30957241389169
            ],
            [
              -122.99159852680918,
              39.30927009383087
            ],
            [
              -122.98967844063412,
              39.30899464562957
            ],
            [
              -122.98932033644105,
              39.308814802348074
            ],
            [
              -122.98905723701918,
              39.30856246049804
            ],
            [
              -122.9888486684134,
              39.308292006393685
            ],
            [
              -122.98855296810187,
              39.30753500524696
            ],
            [
              -122.98843395909529,
              39.307318909937095
            ],
            [
              -122.98743098040379,
              39.3070122456447
            ],
            [
              -122.98688668925682,
              39.306904225636906
            ],
            [
              -122.98554822282965,
              39.306769287060504
            ],
            [
              -122.98393540110595,
              39.30653857258936
            ],
            [
              -122.98303782028725,
              39.306448636388225
            ],
            [
              -122.98124950225417,
              39.306362831526066
            ],
            [
              -122.97979040416246,
              39.30611479878252
            ],
            [
              -122.97828629648001,
              39.30581734448414
            ],
            [
              -122.97789731994638,
              39.305816975515214
            ],
            [
              -122.97751961535208,
              39.30589819446178
            ],
            [
              -122.97674378699497,
              39.30615010674983
            ],
            [
              -122.97609240594724,
              39.30626259998495
            ],
            [
              -122.9754937593029,
              39.30642014016821
            ],
            [
              -122.97425629026402,
              39.30665462048017
            ],
            [
              -122.97293235149228,
              39.306536448752446
            ],
            [
              -122.97066118614113,
              39.306536111652754
            ],
            [
              -122.97012006014347,
              39.306477390807196
            ],
            [
              -122.96907466057834,
              39.306495098879836
            ],
            [
              -122.96799462128625,
              39.306431738716434
            ],
            [
              -122.96767972291704,
              39.3064874698006
            ],
            [
              -122.96732096340716,
              39.306855051014495
            ],
            [
              -122.96716443740075,
              39.307066293376835
            ],
            [
              -122.96698261152864,
              39.307219886414885
            ],
            [
              -122.96665994671582,
              39.30736843441191
            ],
            [
              -122.96513543416916,
              39.307656490179454
            ],
            [
              -122.96449402594278,
              39.307588358225885
            ],
            [
              -122.96363466954351,
              39.30764684572531
            ],
            [
              -122.96339166900167,
              39.30772309519163
            ],
            [
              -122.96128076213564,
              39.308588127348486
            ],
            [
              -122.95982588325633,
              39.30930837865639
            ],
            [
              -122.95886481716498,
              39.30966389218517
            ],
            [
              -122.95868177786295,
              39.30978969781466
            ],
            [
              -122.95843189638956,
              39.31010466906451
            ],
            [
              -122.95799061129111,
              39.310848209379344
            ],
            [
              -122.95779280336455,
              39.311303188933586
            ],
            [
              -122.95755841176366,
              39.31208654380781
            ],
            [
              -122.95744965375572,
              39.3122672094724
            ],
            [
              -122.95725049972613,
              39.31248741661571
            ],
            [
              -122.9569955694715,
              39.31269503367924
            ],
            [
              -122.9567903220364,
              39.31282533767852
            ],
            [
              -122.95650677083685,
              39.312938157053125
            ],
            [
              -122.95626893408162,
              39.31296957406401
            ],
            [
              -122.95595613294813,
              39.31295595305938
            ],
            [
              -122.95490044061096,
              39.31281162702669
            ],
            [
              -122.9543822605548,
              39.312775475535624
            ],
            [
              -122.95372342914469,
              39.312878753595804
            ],
            [
              -122.95339010568213,
              39.312991164119595
            ],
            [
              -122.95304717180981,
              39.31315797579282
            ],
            [
              -122.9511892353424,
              39.314112096352936
            ],
            [
              -122.95048469592288,
              39.31406239477737
            ],
            [
              -122.94993911122725,
              39.313922528435015
            ],
            [
              -122.94960414411902,
              39.313881087275185
            ],
            [
              -122.94932761103345,
              39.31387227141736
            ],
            [
              -122.94875025421469,
              39.31395751592362
            ],
            [
              -122.94840847903892,
              39.31366459846102
            ],
            [
              -122.94655868176929,
              39.312708586553434
            ],
            [
              -122.94600813930288,
              39.31249680525821
            ],
            [
              -122.94493495370479,
              39.31220304653947
            ],
            [
              -122.94440587377498,
              39.312212121832296
            ],
            [
              -122.94362492797455,
              39.31240112662742
            ],
            [
              -122.94278577982911,
              39.31209356421825
            ],
            [
              -122.9425408986804,
              39.31168841069631
            ],
            [
              -122.9423413752992,
              39.31143600851528
            ],
            [
              -122.94171956255981,
              39.31089935714358
            ],
            [
              -122.94158998967963,
              39.310507504903406
            ],
            [
              -122.94057903645097,
              39.30961942501896
            ],
            [
              -122.93971061686445,
              39.30895174222363
            ],
            [
              -122.93947023016725,
              39.30793833108368
            ],
            [
              -122.93693641470362,
              39.30746360531807
            ],
            [
              -122.93681057997478,
              39.30736918615306
            ],
            [
              -122.93592168003944,
              39.30639148265405
            ],
            [
              -122.93581104608869,
              39.30620605861149
            ],
            [
              -122.93571558203837,
              39.30579618052658
            ],
            [
              -122.93567975561466,
              39.305332102029155
            ],
            [
              -122.93556578244734,
              39.30498028578741
            ],
            [
              -122.93538162860523,
              39.304759770568644
            ],
            [
              -122.93507281159398,
              39.304557311999865
            ],
            [
              -122.93418465734648,
              39.304268036703675
            ],
            [
              -122.93375948090225,
              39.30402883810396
            ],
            [
              -122.93333607158044,
              39.303483551834546
            ],
            [
              -122.93289752685922,
              39.30314573577646
            ],
            [
              -122.9324476478343,
              39.3029558006549
            ],
            [
              -122.93222796757243,
              39.30282962997183
            ],
            [
              -122.93066244283504,
              39.30166171553982
            ],
            [
              -122.93049905611946,
              39.301431901261324
            ],
            [
              -122.93016184682656,
              39.300431346479606
            ],
            [
              -122.9287273068989,
              39.298520173834305
            ],
            [
              -122.92828826620236,
              39.29816861923421
            ],
            [
              -122.92771910801622,
              39.29754686396963
            ],
            [
              -122.92738245419574,
              39.297374867941635
            ],
            [
              -122.9271660272496,
              39.29730287243465
            ],
            [
              -122.92609765931934,
              39.296599347779676
            ],
            [
              -122.92577540729073,
              39.296315290703006
            ],
            [
              -122.92551122104209,
              39.29548594042896
            ],
            [
              -122.92523142899337,
              39.29425596933397
            ],
            [
              -122.92508106156106,
              39.29389543034068
            ],
            [
              -122.92497703651445,
              39.29381874994148
            ],
            [
              -122.92403078794541,
              39.29361090696373
            ],
            [
              -122.92256919952904,
              39.29308325093042
            ],
            [
              -122.92178219933594,
              39.29259159353068
            ],
            [
              -122.9207946005006,
              39.29172124790889
            ],
            [
              -122.92021768899356,
              39.29134427372174
            ],
            [
              -122.91735107755322,
              39.28933964746873
            ],
            [
              -122.91662415638308,
              39.28924877114329
            ],
            [
              -122.91553659356943,
              39.28893259966354
            ],
            [
              -122.91483757272002,
              39.288837710125804
            ],
            [
              -122.91449251121647,
              39.28874326262731
            ],
            [
              -122.91410151824566,
              39.28860318943658
            ],
            [
              -122.9133698263482,
              39.28797597629711
            ],
            [
              -122.91334989451512,
              39.28776879284763
            ],
            [
              -122.91303293867783,
              39.28708823400619
            ],
            [
              -122.91238010564834,
              39.286727526797556
            ],
            [
              -122.91200175040758,
              39.286438615961714
            ],
            [
              -122.9116886462444,
              39.28617711426986
            ],
            [
              -122.91146342646991,
              39.2858572661851
            ],
            [
              -122.91134535161613,
              39.28554583540699
            ],
            [
              -122.91119854234151,
              39.28488819315955
            ],
            [
              -122.91145082793504,
              39.28369416365247
            ],
            [
              -122.91140191620005,
              39.283374521849574
            ],
            [
              -122.91052463094866,
              39.2825540573279
            ],
            [
              -122.91015119718278,
              39.28223801431476
            ],
            [
              -122.9099458115529,
              39.28212088813638
            ],
            [
              -122.90868590445227,
              39.28175973943878
            ],
            [
              -122.90717602273574,
              39.2810016000176
            ],
            [
              -122.90664976549928,
              39.28084307754782
            ],
            [
              -122.90637944466398,
              39.28069882048867
            ],
            [
              -122.90633983348442,
              39.279843007473936
            ],
            [
              -122.90650849446912,
              39.27935203445781
            ],
            [
              -122.90688444689349,
              39.278792964603944
            ],
            [
              -122.9068017717487,
              39.278613159739606
            ],
            [
              -122.90620777767651,
              39.27861733239297
            ],
            [
              -122.9053208093228,
              39.27878793093141
            ],
            [
              -122.90506350459664,
              39.278738202367336
            ],
            [
              -122.9046209112461,
              39.278552497661344
            ],
            [
              -122.90388629424567,
              39.27846641490083
            ],
            [
              -122.90324787377331,
              39.27831284866161
            ],
            [
              -122.90297719417975,
              39.27816391012277
            ],
            [
              -122.90222488425805,
              39.27765418482483
            ],
            [
              -122.90172163743809,
              39.27740145372968
            ],
            [
              -122.90126271031329,
              39.27730194984396
            ],
            [
              -122.89995830379442,
              39.277719613083036
            ],
            [
              -122.89912772620846,
              39.278349773461024
            ],
            [
              -122.8989613806238,
              39.27852088894515
            ],
            [
              -122.89801594741694,
              39.27752892603475
            ],
            [
              -122.89778738339137,
              39.277384951128525
            ],
            [
              -122.89760041654657,
              39.277325389865126
            ],
            [
              -122.89712440866559,
              39.27728929347904
            ],
            [
              -122.8959084793214,
              39.27706742801853
            ],
            [
              -122.89569251859486,
              39.27700431052207
            ],
            [
              -122.89540699816543,
              39.276855228116546
            ],
            [
              -122.89519643357754,
              39.27663878856621
            ],
            [
              -122.89520265299512,
              39.27617504196207
            ],
            [
              -122.89517143062491,
              39.276003893295126
            ],
            [
              -122.89495900805132,
              39.27564783702994
            ],
            [
              -122.89422419907964,
              39.275200778700054
            ],
            [
              -122.89376718594225,
              39.274794797257904
            ],
            [
              -122.89364447143713,
              39.27474537917984
            ],
            [
              -122.8932230380171,
              39.274681647599294
            ],
            [
              -122.89260140971545,
              39.274460463700706
            ],
            [
              -122.89189132256041,
              39.273373485781235
            ],
            [
              -122.89162894548969,
              39.27301759297982
            ],
            [
              -122.891440971041,
              39.27284134053019
            ],
            [
              -122.89125150983214,
              39.272746927892484
            ],
            [
              -122.89049807217769,
              39.27267409943035
            ],
            [
              -122.89014647563597,
              39.272709906065664
            ],
            [
              -122.88991075812108,
              39.27267763034903
            ],
            [
              -122.88955528112277,
              39.27251553243328
            ],
            [
              -122.88916313993366,
              39.27225868639191
            ],
            [
              -122.88856604304043,
              39.27162293789344
            ],
            [
              -122.88814109043693,
              39.270909978516194
            ],
            [
              -122.88755901842829,
              39.27006262034514
            ],
            [
              -122.88734621995727,
              39.26901716824491
            ],
            [
              -122.8873135337856,
              39.268602427683554
            ],
            [
              -122.88754188427248,
              39.26817939792126
            ],
            [
              -122.88766987145608,
              39.267836986171
            ],
            [
              -122.88775757992715,
              39.26708023480578
            ],
            [
              -122.88776197344801,
              39.26693189817392
            ],
            [
              -122.88772036348624,
              39.26681401888865
            ],
            [
              -122.88744182145302,
              39.26654828897725
            ],
            [
              -122.88707474814537,
              39.26633146189262
            ],
            [
              -122.88671201331938,
              39.266051956430374
            ],
            [
              -122.88641739447162,
              39.265641690290494
            ],
            [
              -122.8863472502783,
              39.265420426981954
            ],
            [
              -122.8863278757684,
              39.265218078895856
            ],
            [
              -122.88641225920703,
              39.26497509672786
            ],
            [
              -122.88687020786536,
              39.2644935089958
            ],
            [
              -122.88708643706202,
              39.264209320234706
            ],
            [
              -122.88712084133567,
              39.2640789880805
            ],
            [
              -122.88710690165821,
              39.26396183766346
            ],
            [
              -122.88699174152498,
              39.26380644431613
            ],
            [
              -122.88645193834971,
              39.26388938827322
            ],
            [
              -122.88624328220928,
              39.263834969551745
            ],
            [
              -122.88555420463365,
              39.2635459874696
            ],
            [
              -122.88531197936881,
              39.263527537620966
            ],
            [
              -122.88499058402648,
              39.26358579213007
            ],
            [
              -122.88473576554733,
              39.26368915591914
            ],
            [
              -122.88426267477085,
              39.26404909598524
            ],
            [
              -122.88409963468405,
              39.26426998379807
            ],
            [
              -122.88279373788804,
              39.26523704749158
            ],
            [
              -122.8823071785617,
              39.265493368941286
            ],
            [
              -122.88174867892747,
              39.2657224578485
            ],
            [
              -122.88039554515949,
              39.26613610220182
            ],
            [
              -122.87994310739752,
              39.26613959609317
            ],
            [
              -122.87952407694048,
              39.26587345469437
            ],
            [
              -122.87864476260818,
              39.265494004218404
            ],
            [
              -122.8780322583358,
              39.26425441594549
            ],
            [
              -122.8779034139014,
              39.26377683978138
            ],
            [
              -122.87790417443614,
              39.26343924354971
            ],
            [
              -122.87778982422054,
              39.263186218419726
            ],
            [
              -122.87711425726927,
              39.26264930193631
            ],
            [
              -122.87698443829414,
              39.262500697898396
            ],
            [
              -122.87680184640466,
              39.26216703247051
            ],
            [
              -122.8765216609458,
              39.26117560882939
            ],
            [
              -122.87644280423383,
              39.26069794288416
            ],
            [
              -122.87644437048706,
              39.26014810239462
            ],
            [
              -122.87637038194224,
              39.259859852207654
            ],
            [
              -122.87609626435416,
              39.25919756696187
            ],
            [
              -122.87578753445112,
              39.25884107734725
            ],
            [
              -122.8754410000443,
              39.25870518793699
            ],
            [
              -122.87418107462658,
              39.25856025946292
            ],
            [
              -122.8737851066305,
              39.25855058506815
            ],
            [
              -122.87364563957836,
              39.25857735427356
            ],
            [
              -122.87251189391843,
              39.25904961614208
            ],
            [
              -122.87222573869612,
              39.25912094674906
            ],
            [
              -122.87194353352615,
              39.25914314204144
            ],
            [
              -122.87170433478728,
              39.25901672107868
            ],
            [
              -122.8714322723626,
              39.25844423907376
            ],
            [
              -122.87104219313383,
              39.25804731952863
            ],
            [
              -122.87020577951934,
              39.257492208745774
            ],
            [
              -122.86973365370561,
              39.25725774173299
            ],
            [
              -122.86942340668001,
              39.25727485625504
            ],
            [
              -122.8688459603363,
              39.257432464570925
            ],
            [
              -122.86840101953136,
              39.257450084673856
            ],
            [
              -122.86817786900953,
              39.25738144820435
            ],
            [
              -122.867760141349,
              39.2571109617647
            ],
            [
              -122.86750095722729,
              39.25688970280713
            ],
            [
              -122.86731339502786,
              39.25680859589227
            ],
            [
              -122.86640864982384,
              39.25682079448574
            ],
            [
              -122.86584845484235,
              39.25652785168893
            ],
            [
              -122.86539285945639,
              39.2563603299192
            ],
            [
              -122.86460287862354,
              39.25624648182359
            ],
            [
              -122.86402683722542,
              39.256201027939504
            ],
            [
              -122.86376865284116,
              39.25612831928362
            ],
            [
              -122.86348429392167,
              39.25597961923555
            ],
            [
              -122.86329190170112,
              39.25580357847846
            ],
            [
              -122.86301797115236,
              39.25532575959103
            ],
            [
              -122.8628407868072,
              39.25518138630839
            ],
            [
              -122.86161408036708,
              39.254607895195356
            ],
            [
              -122.86018066647556,
              39.25438573076403
            ],
            [
              -122.85922999943439,
              39.25431611623492
            ],
            [
              -122.85914223260626,
              39.2540010049685
            ],
            [
              -122.85884728359576,
              39.253514027490375
            ],
            [
              -122.85835782248076,
              39.25283314929935
            ],
            [
              -122.85773347863105,
              39.25187284717725
            ],
            [
              -122.8573780271164,
              39.25144454656596
            ],
            [
              -122.85644877085988,
              39.2506092364131
            ],
            [
              -122.85589887015297,
              39.2502529754043
            ],
            [
              -122.85511142702005,
              39.24981494897238
            ],
            [
              -122.85468110072992,
              39.249742705741625
            ],
            [
              -122.85468143143935,
              39.249394357316824
            ],
            [
              -122.85440699229763,
              39.24887748556276
            ],
            [
              -122.85442832573833,
              39.24866314126033
            ],
            [
              -122.85452015443087,
              39.24846530957124
            ],
            [
              -122.85379770179544,
              39.24694541154713
            ],
            [
              -122.85383229484881,
              39.24664229919397
            ],
            [
              -122.85378232042812,
              39.24615406867341
            ],
            [
              -122.8538470436463,
              39.24502077409543
            ],
            [
              -122.85340751002418,
              39.24448998614075
            ],
            [
              -122.85301430885941,
              39.24432660543365
            ],
            [
              -122.85121582304212,
              39.243871811707194
            ],
            [
              -122.85096507238575,
              39.243746691970884
            ],
            [
              -122.8505424391026,
              39.24346057661555
            ],
            [
              -122.85018338077423,
              39.24305905723752
            ],
            [
              -122.8496059308805,
              39.2425364531112
            ],
            [
              -122.84916210565144,
              39.24231625893917
            ],
            [
              -122.84871144891504,
              39.24190918446691
            ],
            [
              -122.84789470989365,
              39.24106757986422
            ],
            [
              -122.84753568590706,
              39.24062208196394
            ],
            [
              -122.8472147062018,
              39.240384138915104
            ],
            [
              -122.84710581367727,
              39.24058328379712
            ],
            [
              -122.84680942981646,
              39.24095683839432
            ],
            [
              -122.8465308244812,
              39.24124043201087
            ],
            [
              -122.84553286789875,
              39.24177485585107
            ],
            [
              -122.84468279803644,
              39.24233281799305
            ],
            [
              -122.84413853860332,
              39.24244433086866
            ],
            [
              -122.84338392569296,
              39.24271444324791
            ],
            [
              -122.84314119875715,
              39.24283207673031
            ],
            [
              -122.84287883125738,
              39.24287800658524
            ],
            [
              -122.84201028503617,
              39.24286641677108
            ],
            [
              -122.8418824616322,
              39.24289765407021
            ],
            [
              -122.84125674382861,
              39.24308708116309
            ],
            [
              -122.84098123897256,
              39.24323395706614
            ],
            [
              -122.8403858783436,
              39.24343627958647
            ],
            [
              -122.8401742290674,
              39.243617509078135
            ],
            [
              -122.8396378386549,
              39.24428215162686
            ],
            [
              -122.83946109675907,
              39.244754730693735
            ],
            [
              -122.83912959796677,
              39.24493584992556
            ],
            [
              -122.83814314545488,
              39.24464369673598
            ],
            [
              -122.83751614469932,
              39.24439034613912
            ],
            [
              -122.83643818960704,
              39.244015663648334
            ],
            [
              -122.83578276474371,
              39.24395464804298
            ],
            [
              -122.83514828132283,
              39.24406952406997
            ],
            [
              -122.83471080814232,
              39.24444840634908
            ],
            [
              -122.83413954641232,
              39.24475024836286
            ],
            [
              -122.83327930428072,
              39.24501883961186
            ],
            [
              -122.83287057421265,
              39.24494152142306
            ],
            [
              -122.83227151662884,
              39.24490251997499
            ],
            [
              -122.83038998221198,
              39.24460402932728
            ],
            [
              -122.82969922450647,
              39.244603404683915
            ],
            [
              -122.8290501699438,
              39.24508102730049
            ],
            [
              -122.82840099573058,
              39.24564657229939
            ],
            [
              -122.82833698178031,
              39.24608626926887
            ],
            [
              -122.82802607731699,
              39.246679616452674
            ],
            [
              -122.82751766443319,
              39.247393702863995
            ],
            [
              -122.82614894239632,
              39.248359846488086
            ],
            [
              -122.82587335331523,
              39.24888175962746
            ],
            [
              -122.8258445160264,
              39.249359948115504
            ],
            [
              -122.82567696550899,
              39.2503495453117
            ],
            [
              -122.82561922467893,
              39.25040945348642
            ],
            [
              -122.82549757638408,
              39.25222534198617
            ],
            [
              -122.8252296658888,
              39.25289134158579
            ],
            [
              -122.82480170272287,
              39.25335468290964
            ],
            [
              -122.82423042567673,
              39.2536372852518
            ],
            [
              -122.82364511258879,
              39.25380383854463
            ],
            [
              -122.82277602667654,
              39.25395528387581
            ],
            [
              -122.82161215126948,
              39.25401198461257
            ],
            [
              -122.82115216522372,
              39.25411951043281
            ],
            [
              -122.8206137056577,
              39.25435745892165
            ],
            [
              -122.82015477794866,
              39.254645098711364
            ],
            [
              -122.81996209168146,
              39.25473055655211
            ],
            [
              -122.8196965448869,
              39.25479787674562
            ],
            [
              -122.81834702676232,
              39.25481797587749
            ],
            [
              -122.81777154429625,
              39.255037628753534
            ],
            [
              -122.81693207971195,
              39.25559516643553
            ],
            [
              -122.81621113147156,
              39.25585494668767
            ],
            [
              -122.81510682786259,
              39.256619515023054
            ],
            [
              -122.81495691105584,
              39.25685788630439
            ],
            [
              -122.81433337551186,
              39.25736616401948
            ],
            [
              -122.81366632194802,
              39.25797319060982
            ],
            [
              -122.81309017670314,
              39.25858958759595
            ],
            [
              -122.81277667980031,
              39.258796675199534
            ],
            [
              -122.81160289410597,
              39.259447749148705
            ],
            [
              -122.81133731728094,
              39.25966346451188
            ],
            [
              -122.81111984130571,
              39.259922209226424
            ],
            [
              -122.81075008205363,
              39.25990105283988
            ],
            [
              -122.80987053686299,
              39.25971970220112
            ],
            [
              -122.80962610806834,
              39.25963824879731
            ],
            [
              -122.80944247619023,
              39.259507296240116
            ],
            [
              -122.8092742442939,
              39.25902492353133
            ],
            [
              -122.80905272868995,
              39.25857403006922
            ],
            [
              -122.80691400599098,
              39.25758828195287
            ],
            [
              -122.80615736991383,
              39.25771316708356
            ],
            [
              -122.80570323282087,
              39.25782503486124
            ],
            [
              -122.80478185931925,
              39.25818390953918
            ],
            [
              -122.80426704162409,
              39.258349745530545
            ],
            [
              -122.8038301633517,
              39.258236360282986
            ],
            [
              -122.8034776884173,
              39.25799697842016
            ],
            [
              -122.80229281811688,
              39.25750837019049
            ],
            [
              -122.80180976491157,
              39.25746699859372
            ],
            [
              -122.80070212849328,
              39.25751022513966
            ],
            [
              -122.80032539752759,
              39.25748652414489
            ],
            [
              -122.7995558501778,
              39.25735925244265
            ],
            [
              -122.79754801945305,
              39.25737372243328
            ],
            [
              -122.79727367307292,
              39.257148610604105
            ],
            [
              -122.79712934439021,
              39.25707625275424
            ],
            [
              -122.7967982920336,
              39.256975795608945
            ],
            [
              -122.79630451064264,
              39.25686269114986
            ],
            [
              -122.79567947759391,
              39.25681234052989
            ],
            [
              -122.79524668851927,
              39.256658382381666
            ],
            [
              -122.79464483463738,
              39.256364395293964
            ],
            [
              -122.79429474645671,
              39.256034816892075
            ],
            [
              -122.79453422775657,
              39.25482757012133
            ],
            [
              -122.794507046562,
              39.25456624939391
            ],
            [
              -122.79357302501735,
              39.254177110737366
            ],
            [
              -122.79289849182116,
              39.25397767832702
            ],
            [
              -122.79193172540462,
              39.253755165589816
            ],
            [
              -122.79094941170588,
              39.25337013483048
            ],
            [
              -122.79057299819934,
              39.253324697665434
            ],
            [
              -122.79032698618806,
              39.2533512793677
            ],
            [
              -122.7899989958432,
              39.25342727998944
            ],
            [
              -122.78958936896802,
              39.25357488827354
            ],
            [
              -122.78837315883183,
              39.25423995924101
            ],
            [
              -122.78814867404327,
              39.254410769512404
            ],
            [
              -122.78790794477355,
              39.25467145799869
            ],
            [
              -122.7874387321163,
              39.2550264436355
            ],
            [
              -122.7872732100836,
              39.255098581957206
            ],
            [
              -122.78704941959911,
              39.255129848913185
            ],
            [
              -122.78659527470836,
              39.255119505412644
            ],
            [
              -122.78613161775719,
              39.25515976337704
            ],
            [
              -122.7843444582994,
              39.25585396387546
            ],
            [
              -122.7836605555401,
              39.256024395566
            ],
            [
              -122.78318750462472,
              39.25603699914342
            ],
            [
              -122.78268250754373,
              39.25599533336014
            ],
            [
              -122.78205378945466,
              39.255728353504075
            ],
            [
              -122.78052968356522,
              39.2552476327788
            ],
            [
              -122.77937924213279,
              39.25476801620913
            ],
            [
              -122.77878407263555,
              39.25473994564937
            ],
            [
              -122.77767961621925,
              39.25458962534041
            ],
            [
              -122.77680270391461,
              39.25456454049617
            ],
            [
              -122.77456506021488,
              39.25423620758541
            ],
            [
              -122.7740643571391,
              39.25412709870154
            ],
            [
              -122.77228017078244,
              39.253550950406535
            ],
            [
              -122.7720248528889,
              39.253393215912574
            ],
            [
              -122.77176692212664,
              39.25307282294268
            ],
            [
              -122.77154453380074,
              39.25246855490322
            ],
            [
              -122.77129988172277,
              39.252130271865674
            ],
            [
              -122.77007664738088,
              39.25172235321005
            ],
            [
              -122.76926250640835,
              39.25157687879604
            ],
            [
              -122.7677786309399,
              39.25097796724269
            ],
            [
              -122.76755213459732,
              39.25071430090902
            ],
            [
              -122.76744147960068,
              39.25029303612644
            ],
            [
              -122.76744240804909,
              39.25001715603982
            ],
            [
              -122.76748007142005,
              39.24991560488547
            ],
            [
              -122.76742799067782,
              39.24989479057975
            ],
            [
              -122.76742853773432,
              39.24925202288915
            ],
            [
              -122.76735513412086,
              39.24906421839087
            ],
            [
              -122.76716710379877,
              39.24894621012566
            ],
            [
              -122.76663428548022,
              39.248768443170654
            ],
            [
              -122.76550629220246,
              39.24897788610691
            ],
            [
              -122.76508976559815,
              39.24896655663751
            ],
            [
              -122.76488572678375,
              39.24893074498031
            ],
            [
              -122.76459215116613,
              39.248794768443645
            ],
            [
              -122.76422051142275,
              39.248674182071085
            ],
            [
              -122.76379109136894,
              39.248300097397305
            ],
            [
              -122.76364001077657,
              39.24811117247988
            ],
            [
              -122.76360030098009,
              39.247977543127526
            ],
            [
              -122.76346775113738,
              39.24792197068367
            ],
            [
              -122.76327431192465,
              39.247732473498786
            ],
            [
              -122.7628648084195,
              39.247105933305825
            ],
            [
              -122.76262974562383,
              39.246882864495134
            ],
            [
              -122.76248573166859,
              39.24669405511234
            ],
            [
              -122.76233012528024,
              39.24639520504482
            ],
            [
              -122.76224914095357,
              39.24592162688963
            ],
            [
              -122.76230462539361,
              39.245658691333595
            ],
            [
              -122.76243678308539,
              39.24544081234672
            ],
            [
              -122.76273182251992,
              39.24520320984373
            ],
            [
              -122.76411991123392,
              39.24443159924943
            ],
            [
              -122.76427828010134,
              39.24430194976154
            ],
            [
              -122.76423867412598,
              39.244180541585635
            ],
            [
              -122.76347655045544,
              39.24414788072879
            ],
            [
              -122.76287581632643,
              39.244161415551545
            ],
            [
              -122.76267153893977,
              39.244136575416306
            ],
            [
              -122.7624023098512,
              39.24417125889259
            ],
            [
              -122.76158470073236,
              39.244401503240894
            ],
            [
              -122.76104097232673,
              39.2443938476687
            ],
            [
              -122.76061187034031,
              39.24431639981121
            ],
            [
              -122.76031047888517,
              39.24421327751639
            ],
            [
              -122.75995136876692,
              39.24416429627656
            ],
            [
              -122.75954671552833,
              39.24394435364365
            ],
            [
              -122.7591401896018,
              39.243806787139334
            ],
            [
              -122.75871109234953,
              39.24372931420546
            ],
            [
              -122.75815776235716,
              39.24352374980852
            ],
            [
              -122.75790381647083,
              39.24350918604772
            ],
            [
              -122.75749852719805,
              39.24362434344635
            ],
            [
              -122.75706601147401,
              39.24369516716132
            ],
            [
              -122.75668433155053,
              39.243706270936016
            ],
            [
              -122.75642393625412,
              39.2436641588313
            ],
            [
              -122.75613644261625,
              39.24357219842795
            ],
            [
              -122.75594227248111,
              39.24341563379606
            ],
            [
              -122.75573914150755,
              39.243341366378395
            ],
            [
              -122.7555561739475,
              39.243311295628985
            ],
            [
              -122.7542770362599,
              39.243337215421526
            ],
            [
              -122.75398197902355,
              39.24326711971927
            ],
            [
              -122.7537586864667,
              39.243148596491444
            ],
            [
              -122.75257497475418,
              39.24240672105477
            ],
            [
              -122.75208487431634,
              39.242218491119324
            ],
            [
              -122.75160762522519,
              39.24208540659498
            ],
            [
              -122.75148840440748,
              39.24207822916981
            ],
            [
              -122.75125224977016,
              39.24195289351344
            ],
            [
              -122.75078387029494,
              39.24189362627756
            ],
            [
              -122.7501720325963,
              39.242066543188955
            ],
            [
              -122.75001167341506,
              39.242147289703745
            ],
            [
              -122.7490860437207,
              39.24245616970769
            ],
            [
              -122.74872945981046,
              39.242630708199265
            ],
            [
              -122.74824948392039,
              39.24295036576599
            ],
            [
              -122.74714893774231,
              39.243389102091875
            ],
            [
              -122.74638486211687,
              39.24365293888218
            ],
            [
              -122.74463273366423,
              39.24401454579634
            ],
            [
              -122.74300331166636,
              39.244456775657085
            ],
            [
              -122.74225698869284,
              39.24460800509024
            ],
            [
              -122.74060125683236,
              39.24484792460624
            ],
            [
              -122.73908731320405,
              39.24512383663491
            ],
            [
              -122.73827015295463,
              39.24523485422971
            ],
            [
              -122.73599530241509,
              39.24530609207518
            ],
            [
              -122.73558521024091,
              39.24524660368315
            ],
            [
              -122.73509368217421,
              39.245106142055626
            ],
            [
              -122.73350961982739,
              39.24506155398471
            ],
            [
              -122.73238850777304,
              39.24517170145068
            ],
            [
              -122.73007035929751,
              39.245193357033685
            ],
            [
              -122.72951852745037,
              39.24517405392439
            ],
            [
              -122.72778242977294,
              39.244935673280686
            ],
            [
              -122.7265499599144,
              39.24482921802621
            ],
            [
              -122.7258719121536,
              39.24484147574805
            ],
            [
              -122.72554073234421,
              39.24489034670698
            ],
            [
              -122.72443905336276,
              39.244963447635165
            ],
            [
              -122.7236590739327,
              39.24545342567808
            ],
            [
              -122.72265928625819,
              39.24661764679986
            ],
            [
              -122.72216859010732,
              39.246805382676456
            ],
            [
              -122.72170107033234,
              39.247088521578334
            ],
            [
              -122.7215018801463,
              39.247349254204664
            ],
            [
              -122.72132123472922,
              39.247830618593476
            ],
            [
              -122.72090754144452,
              39.24862298725273
            ],
            [
              -122.72001402303694,
              39.24943601377057
            ],
            [
              -122.71970728189581,
              39.24961119949347
            ],
            [
              -122.71955267715623,
              39.24978911811511
            ],
            [
              -122.71893336579447,
              39.250240349387084
            ],
            [
              -122.71796500906557,
              39.251091271106205
            ],
            [
              -122.71716481595334,
              39.25199845312737
            ],
            [
              -122.71689212439908,
              39.25239795703912
            ],
            [
              -122.71663269320557,
              39.25285805894977
            ],
            [
              -122.71645847511805,
              39.25326377868959
            ],
            [
              -122.71609203865965,
              39.25383311294199
            ],
            [
              -122.71582893706531,
              39.25438261637912
            ],
            [
              -122.71564368161019,
              39.25452118723417
            ],
            [
              -122.714732580429,
              39.25465863423303
            ],
            [
              -122.71410401905445,
              39.25479223091327
            ],
            [
              -122.71315543845348,
              39.25488002146599
            ],
            [
              -122.71278612130175,
              39.25495992017834
            ],
            [
              -122.71247449704929,
              39.255063056385225
            ],
            [
              -122.71207641798563,
              39.255314085908644
            ],
            [
              -122.71142408549322,
              39.25613725316967
            ],
            [
              -122.71124698565829,
              39.256458058542826
            ],
            [
              -122.7115924953232,
              39.25677749667262
            ],
            [
              -122.71210407459324,
              39.25690481468885
            ],
            [
              -122.71232964123526,
              39.257009094366005
            ],
            [
              -122.71239058659243,
              39.2571623256239
            ],
            [
              -122.71231247211803,
              39.257315399652136
            ],
            [
              -122.71232998815127,
              39.25782444802865
            ],
            [
              -122.71260793801443,
              39.25858666386591
            ],
            [
              -122.71279896742338,
              39.258988084344196
            ],
            [
              -122.71308546060376,
              39.259412254601116
            ],
            [
              -122.7132068498449,
              39.259493681539126
            ],
            [
              -122.71368454318412,
              39.259625543915625
            ],
            [
              -122.71499517208032,
              39.260300121308646
            ],
            [
              -122.71529912692674,
              39.26039098402316
            ],
            [
              -122.71698278160837,
              39.26034555100527
            ],
            [
              -122.71706125362972,
              39.26046279096971
            ],
            [
              -122.7170260871334,
              39.260570906757046
            ],
            [
              -122.71665298529803,
              39.261110562784644
            ],
            [
              -122.71637505995223,
              39.261425340773116
            ],
            [
              -122.71621928399237,
              39.261762862422934
            ],
            [
              -122.71617574963423,
              39.26198802910757
            ],
            [
              -122.716175991926,
              39.262303388017365
            ],
            [
              -122.71634896749862,
              39.262848931852595
            ],
            [
              -122.7164359796673,
              39.263020405273025
            ],
            [
              -122.71660098875516,
              39.263237008437464
            ],
            [
              -122.71727836031191,
              39.263810861463746
            ],
            [
              -122.7179207954212,
              39.264195321850785
            ],
            [
              -122.71814644040896,
              39.26428159660896
            ],
            [
              -122.7184323719068,
              39.264345272986084
            ],
            [
              -122.71897984346481,
              39.264603434825716
            ],
            [
              -122.71921361026008,
              39.264649004773915
            ],
            [
              -122.71990825379217,
              39.26459670754048
            ],
            [
              -122.72022078301063,
              39.26461998450522
            ],
            [
              -122.72103699011359,
              39.26459943096141
            ],
            [
              -122.72136694010545,
              39.26461824267584
            ],
            [
              -122.72169675323676,
              39.26473607598194
            ],
            [
              -122.7220526354804,
              39.26498033283318
            ],
            [
              -122.72227825958382,
              39.26507546830902
            ],
            [
              -122.72284279176046,
              39.26516233195579
            ],
            [
              -122.72300759875372,
              39.26522587643548
            ],
            [
              -122.72313763488414,
              39.26533423918167
            ],
            [
              -122.7231811015422,
              39.26551458797734
            ],
            [
              -122.72312059215915,
              39.265726217135295
            ],
            [
              -122.7227731617458,
              39.26652289010913
            ],
            [
              -122.722738456515,
              39.26671198685031
            ],
            [
              -122.72292071600043,
              39.26727110697621
            ],
            [
              -122.72347651357916,
              39.267885191994935
            ],
            [
              -122.723649838581,
              39.2680072092424
            ],
            [
              -122.7238843837588,
              39.268264582686655
            ],
            [
              -122.72452671719626,
              39.2692798741479
            ],
            [
              -122.72481292272279,
              39.269600362039434
            ],
            [
              -122.72540355215936,
              39.270056846241935
            ],
            [
              -122.72610650658027,
              39.270770327111514
            ],
            [
              -122.72637583193223,
              39.271104407074525
            ],
            [
              -122.72759958926024,
              39.272287715339345
            ],
            [
              -122.72793828638062,
              39.27277060811043
            ],
            [
              -122.72823318739516,
              39.273046040097974
            ],
            [
              -122.72853730023307,
              39.27322252228418
            ],
            [
              -122.72869340423973,
              39.27340315716319
            ],
            [
              -122.72915337800794,
              39.27361146224938
            ],
            [
              -122.72943249902228,
              39.273612067489616
            ],
            [
              -122.72983916093466,
              39.273342702770286
            ],
            [
              -122.73020376234197,
              39.27301920797144
            ],
            [
              -122.73129782749007,
              39.27237742591589
            ],
            [
              -122.73176662663312,
              39.27218931448687
            ],
            [
              -122.7327647717412,
              39.27199778870795
            ],
            [
              -122.73390205738212,
              39.271977970761604
            ],
            [
              -122.73432723467637,
              39.271996885293
            ],
            [
              -122.73494355879784,
              39.27207943854391
            ],
            [
              -122.73555138925522,
              39.27238272968757
            ],
            [
              -122.73578579353409,
              39.272464260270915
            ],
            [
              -122.73615890651757,
              39.2725012032246
            ],
            [
              -122.73654104762998,
              39.27260573234588
            ],
            [
              -122.7368794902011,
              39.27275963383641
            ],
            [
              -122.73713137990126,
              39.27294049108665
            ],
            [
              -122.73751321895143,
              39.27314404431158
            ],
            [
              -122.73806871998882,
              39.273496743155455
            ],
            [
              -122.73814705019653,
              39.273681635008465
            ],
            [
              -122.73818168252019,
              39.2739203992607
            ],
            [
              -122.7381553530597,
              39.274235785822384
            ],
            [
              -122.73839861393003,
              39.27469588313697
            ],
            [
              -122.7386245763356,
              39.274948648078315
            ],
            [
              -122.7389541675215,
              39.27515674210249
            ],
            [
              -122.7393968051724,
              39.275360494274516
            ],
            [
              -122.74023921716658,
              39.27595246854388
            ],
            [
              -122.74089003842049,
              39.27621524369672
            ],
            [
              -122.74148885602337,
              39.27640589856823
            ],
            [
              -122.74196636704798,
              39.27651953632779
            ],
            [
              -122.74246124188402,
              39.27671886096317
            ],
            [
              -122.74301681485703,
              39.27687334869103
            ],
            [
              -122.74335535822026,
              39.277018215740995
            ],
            [
              -122.74349441831787,
              39.27715364146223
            ],
            [
              -122.74412796728261,
              39.27756055305392
            ],
            [
              -122.74441456449566,
              39.27766930591517
            ],
            [
              -122.74549077050118,
              39.278216910439504
            ],
            [
              -122.74628105076445,
              39.2784348957294
            ],
            [
              -122.74699273080931,
              39.278670664029875
            ],
            [
              -122.74730524613933,
              39.278725381186405
            ],
            [
              -122.74780009155506,
              39.27894282694562
            ],
            [
              -122.74828615638982,
              39.279308713810806
            ],
            [
              -122.74843362283144,
              39.27949823993209
            ],
            [
              -122.74931046275717,
              39.28039673139602
            ],
            [
              -122.75012648096232,
              39.28082649913
            ],
            [
              -122.75058634278705,
              39.28116990365245
            ],
            [
              -122.7511332609253,
              39.281648770497135
            ],
            [
              -122.75186278933879,
              39.28182603582927
            ],
            [
              -122.75215769532836,
              39.28214643524878
            ],
            [
              -122.75253986588403,
              39.2822599126671
            ],
            [
              -122.75330383637956,
              39.28295541159542
            ],
            [
              -122.75354689859066,
              39.2830775140993
            ],
            [
              -122.75373769695508,
              39.28334384088235
            ],
            [
              -122.75406766754566,
              39.28345708886359
            ],
            [
              -122.75434540231223,
              39.28350274599741
            ],
            [
              -122.75455391442823,
              39.28345824233876
            ],
            [
              -122.75470997388871,
              39.283494546981885
            ],
            [
              -122.75507460646996,
              39.28346831481923
            ],
            [
              -122.75616844233282,
              39.28366886761408
            ],
            [
              -122.7572622495904,
              39.284351410006224
            ],
            [
              -122.75780051331873,
              39.28483918328623
            ],
            [
              -122.75800880547143,
              39.28507387818095
            ],
            [
              -122.75806107734726,
              39.285263293085706
            ],
            [
              -122.75800882189989,
              39.28546587068182
            ],
            [
              -122.75708878865531,
              39.28622985351316
            ],
            [
              -122.75693221671641,
              39.286436775131214
            ],
            [
              -122.75674130948302,
              39.287468150525086
            ],
            [
              -122.7568282792517,
              39.287896326631156
            ],
            [
              -122.75701920492644,
              39.288311169630624
            ],
            [
              -122.75703648450799,
              39.288761732544565
            ],
            [
              -122.75715816361252,
              39.28942879816147
            ],
            [
              -122.75759227098956,
              39.29067326574133
            ],
            [
              -122.75793935529785,
              39.29196705958229
            ],
            [
              -122.75819965796822,
              39.29223336158914
            ],
            [
              -122.75835601475231,
              39.29249496638869
            ],
            [
              -122.75842544446695,
              39.29298177904549
            ],
            [
              -122.7583211999057,
              39.293562794381224
            ],
            [
              -122.75851225678174,
              39.2940768029985
            ],
            [
              -122.75891171430861,
              39.294672334544266
            ],
            [
              -122.75964076128487,
              39.29514243095045
            ],
            [
              -122.75991867230702,
              39.29540423962049
            ],
            [
              -122.76030053879178,
              39.29593222643235
            ],
            [
              -122.76054376379915,
              39.29614898428978
            ],
            [
              -122.76120347829183,
              39.29650625856337
            ],
            [
              -122.76222779904904,
              39.29720668868027
            ],
            [
              -122.76269668978256,
              39.29810417825447
            ],
            [
              -122.76328697075395,
              39.29865965478702
            ],
            [
              -122.76349536173535,
              39.29902951694501
            ],
            [
              -122.76361685912687,
              39.2993855987891
            ],
            [
              -122.76410320146759,
              39.29987323441982
            ],
            [
              -122.76441553070389,
              39.300099115955916
            ],
            [
              -122.76478004746153,
              39.30041972289361
            ],
            [
              -122.76512723691991,
              39.30056913251258
            ],
            [
              -122.76571754645383,
              39.30070544463751
            ],
            [
              -122.76601267196362,
              39.300863773172516
            ],
            [
              -122.7662385066902,
              39.301089487423276
            ],
            [
              -122.76639457254983,
              39.301342093637366
            ],
            [
              -122.76651645457468,
              39.301635277781855
            ],
            [
              -122.76665534158613,
              39.302279734805325
            ],
            [
              -122.76648175044633,
              39.30324813262895
            ],
            [
              -122.76658576516095,
              39.303563679294996
            ],
            [
              -122.76672458275702,
              39.30369458928519
            ],
            [
              -122.76708925443329,
              39.30389352439595
            ],
            [
              -122.76762741153233,
              39.304011742577174
            ],
            [
              -122.76804392781209,
              39.30430994333029
            ],
            [
              -122.76835663507013,
              39.30468011013038
            ],
            [
              -122.76863431360515,
              39.30534293847932
            ],
            [
              -122.76908578848766,
              39.30615022548869
            ],
            [
              -122.76922466694664,
              39.30689396266594
            ],
            [
              -122.76969574216314,
              39.308066936130885
            ],
            [
              -122.77007574727466,
              39.30901313757273
            ],
            [
              -122.77017971794433,
              39.30936032071704
            ],
            [
              -122.77037060753854,
              39.30970763590165
            ],
            [
              -122.77066604384474,
              39.3099694693071
            ],
            [
              -122.7708221904324,
              39.31006438165744
            ],
            [
              -122.77177689783308,
              39.31021041984473
            ],
            [
              -122.77236753971928,
              39.31040985876355
            ],
            [
              -122.77340892535871,
              39.31107869843003
            ],
            [
              -122.77455485513597,
              39.3116080440264
            ],
            [
              -122.7749542887681,
              39.3117214893825
            ],
            [
              -122.77521478805382,
              39.311888732915
            ],
            [
              -122.77537098139756,
              39.31211431756918
            ],
            [
              -122.7755966958514,
              39.31284007685203
            ],
            [
              -122.77568335743396,
              39.31396211793428
            ],
            [
              -122.77580499008548,
              39.3146651668101
            ],
            [
              -122.77564865479759,
              39.31528214086594
            ],
            [
              -122.77490221395865,
              39.316425067752505
            ],
            [
              -122.77439888122545,
              39.3172936485054
            ],
            [
              -122.77314861536351,
              39.31895364107214
            ],
            [
              -122.77309660777644,
              39.31935893431527
            ],
            [
              -122.77318366605388,
              39.31966557135514
            ],
            [
              -122.773374363516,
              39.32109864418206
            ],
            [
              -122.77335720403381,
              39.32129680389591
            ],
            [
              -122.77330490517078,
              39.32151292524504
            ],
            [
              -122.77316624850927,
              39.32182353913558
            ],
            [
              -122.77283614527373,
              39.32318811506565
            ],
            [
              -122.77271472107003,
              39.32355278139231
            ],
            [
              -122.77229817787351,
              39.32408363540812
            ],
            [
              -122.77153423296737,
              39.32455064421364
            ],
            [
              -122.77016268520362,
              39.32510650802425
            ],
            [
              -122.76875615031506,
              39.325360583517394
            ],
            [
              -122.76851315678765,
              39.32549971489919
            ],
            [
              -122.76849589888138,
              39.325576341446045
            ],
            [
              -122.76854814411809,
              39.32579260107668
            ],
            [
              -122.76873908840022,
              39.326063445485154
            ],
            [
              -122.768895213662,
              39.326185353552546
            ],
            [
              -122.76917316740591,
              39.32655535245433
            ],
            [
              -122.76924266067753,
              39.32670413008992
            ],
            [
              -122.76931199549799,
              39.32711876888824
            ],
            [
              -122.76931203291377,
              39.3274611381012
            ],
            [
              -122.76912116132176,
              39.32828536076309
            ],
            [
              -122.76891275224199,
              39.32865888873907
            ],
            [
              -122.76873893424954,
              39.3296271952602
            ],
            [
              -122.76844387173269,
              39.330446457115954
            ],
            [
              -122.76785377576041,
              39.331738404300076
            ],
            [
              -122.76766276000083,
              39.3320443162537
            ],
            [
              -122.76747167483096,
              39.33225118720462
            ],
            [
              -122.76670769998739,
              39.3329029757862
            ],
            [
              -122.76656904134377,
              39.33317757575975
            ],
            [
              -122.76637779607827,
              39.33343846831699
            ],
            [
              -122.76599613017923,
              39.33384769586025
            ],
            [
              -122.76540574963586,
              39.3345942968479
            ],
            [
              -122.76497182628339,
              39.334994433602205
            ],
            [
              -122.76474606561119,
              39.33573280519882
            ],
            [
              -122.76474606659154,
              39.33594014516286
            ],
            [
              -122.76467645496265,
              39.33625088526168
            ],
            [
              -122.76478081098989,
              39.33680074450153
            ],
            [
              -122.76502397293864,
              39.337513046337286
            ],
            [
              -122.76535382284213,
              39.33790113103473
            ],
            [
              -122.76559686091912,
              39.33851890960875
            ],
            [
              -122.76563153305274,
              39.33887496989575
            ],
            [
              -122.76552723295443,
              39.339464854345906
            ],
            [
              -122.76556208976763,
              39.33967227303735
            ],
            [
              -122.76580511320533,
              39.34001967625449
            ],
            [
              -122.76585702813328,
              39.34029912899192
            ],
            [
              -122.76589195715465,
              39.34123625720511
            ],
            [
              -122.7657879639477,
              39.341988490321796
            ],
            [
              -122.76552740908164,
              39.34249243512742
            ],
            [
              -122.7653191188898,
              39.342735441048745
            ],
            [
              -122.76509334477697,
              39.34292860151684
            ],
            [
              -122.76491956667809,
              39.34302296301132
            ],
            [
              -122.7643641230063,
              39.343233567391955
            ],
            [
              -122.76384330266748,
              39.343318034721534
            ],
            [
              -122.76332245160205,
              39.34327650318948
            ],
            [
              -122.76280153441229,
              39.34332048096181
            ],
            [
              -122.76261056998761,
              39.34345516151614
            ],
            [
              -122.76212467909762,
              39.343985888696544
            ],
            [
              -122.76184684715844,
              39.34422859692946
            ],
            [
              -122.76162088774008,
              39.344412757824436
            ],
            [
              -122.76141275735026,
              39.34452507301965
            ],
            [
              -122.76108291954736,
              39.34459638492346
            ],
            [
              -122.76000646908565,
              39.344603203534824
            ],
            [
              -122.75969400748711,
              39.34456652223238
            ],
            [
              -122.75920760352551,
              39.34445734382685
            ],
            [
              -122.75894731999925,
              39.34445689178326
            ],
            [
              -122.75872151490705,
              39.344514880540466
            ],
            [
              -122.75761039371777,
              39.34512534391827
            ],
            [
              -122.75741950784425,
              39.34516552571244
            ],
            [
              -122.75681187074925,
              39.34512363664457
            ],
            [
              -122.75644735084944,
              39.345131852545435
            ],
            [
              -122.75618675551691,
              39.3451764058505
            ],
            [
              -122.7555097890961,
              39.34539123805148
            ],
            [
              -122.75464181643643,
              39.34561910758223
            ],
            [
              -122.75375601221238,
              39.345738908648336
            ],
            [
              -122.75323547177176,
              39.34577383957679
            ],
            [
              -122.75273179924126,
              39.345759273018196
            ],
            [
              -122.75252361596021,
              39.34580840950614
            ],
            [
              -122.75229683408567,
              39.34597516685632
            ],
            [
              -122.75219366423187,
              39.346051014401404
            ],
            [
              -122.7519508198442,
              39.34635677722821
            ],
            [
              -122.7517771859798,
              39.346843008931714
            ],
            [
              -122.75174220983551,
              39.34726649634374
            ],
            [
              -122.75181174345461,
              39.34771714984726
            ],
            [
              -122.75179437292863,
              39.348334325635584
            ],
            [
              -122.75184644828872,
              39.34879396371114
            ],
            [
              -122.7517249243839,
              39.34901443657394
            ],
            [
              -122.75111740571111,
              39.3495087321575
            ],
            [
              -122.75091786930739,
              39.34945427758229
            ],
            [
              -122.75049223712624,
              39.34968313718207
            ],
            [
              -122.75016243027989,
              39.34993025025949
            ],
            [
              -122.74959831593631,
              39.35027586484356
            ],
            [
              -122.74943319739015,
              39.35050083680191
            ],
            [
              -122.74879949096251,
              39.35175639401237
            ],
            [
              -122.74866943863587,
              39.3520354449135
            ],
            [
              -122.74856543811629,
              39.352404766971674
            ],
            [
              -122.74814848904293,
              39.353273291695004
            ],
            [
              -122.74754095653344,
              39.354191100474836
            ],
            [
              -122.74707236854661,
              39.35476678778017
            ],
            [
              -122.74667302256468,
              39.35518494282559
            ],
            [
              -122.74653403215872,
              39.35540987735089
            ],
            [
              -122.74636905669767,
              39.35558069302678
            ],
            [
              -122.7459436917784,
              39.35633221489521
            ],
            [
              -122.74570943106572,
              39.356534397369444
            ],
            [
              -122.74519712490633,
              39.35658739699144
            ],
            [
              -122.74409466369593,
              39.356805683458276
            ],
            [
              -122.74373008283962,
              39.35693100922382
            ],
            [
              -122.74348685661612,
              39.35697556906969
            ],
            [
              -122.74279266200965,
              39.35726684090967
            ],
            [
              -122.74254103433354,
              39.35744647112261
            ],
            [
              -122.74232397815692,
              39.35767132568921
            ],
            [
              -122.7421674222365,
              39.35793674902543
            ],
            [
              -122.74151671251212,
              39.35953924415888
            ],
            [
              -122.74141222597865,
              39.360485147062946
            ],
            [
              -122.7415426319202,
              39.36126934954511
            ],
            [
              -122.74154270013074,
              39.361796402749704
            ],
            [
              -122.74174237455635,
              39.362544760642706
            ],
            [
              -122.74212455772484,
              39.36489296373911
            ],
            [
              -122.74211579486754,
              39.36539307676098
            ],
            [
              -122.7424802146533,
              39.36650668345727
            ],
            [
              -122.74272355303118,
              39.36705234473518
            ],
            [
              -122.74281034798715,
              39.36742201352288
            ],
            [
              -122.74298389902741,
              39.36768370645216
            ],
            [
              -122.74332247721246,
              39.368008772406974
            ],
            [
              -122.74402567895956,
              39.36828065536682
            ],
            [
              -122.74454625996545,
              39.36859265713544
            ],
            [
              -122.74602229767618,
              39.369231194331576
            ],
            [
              -122.74656893951658,
              39.36951164737496
            ],
            [
              -122.74696854048695,
              39.369602678009876
            ],
            [
              -122.74788271195672,
              39.36964217975415
            ],
            [
              -122.74850454758891,
              39.36966904954333
            ],
            [
              -122.7490170135087,
              39.36965670613045
            ],
            [
              -122.75007601637454,
              39.36971758741763
            ],
            [
              -122.7520030538681,
              39.370271375239675
            ],
            [
              -122.75219405095594,
              39.37041140373567
            ],
            [
              -122.75283644059836,
              39.370755219348624
            ],
            [
              -122.75304502358155,
              39.370971936082036
            ],
            [
              -122.75344429811452,
              39.37196391529868
            ],
            [
              -122.75377405471374,
              39.372676404442366
            ],
            [
              -122.75422534460598,
              39.37350642215108
            ],
            [
              -122.75438163558013,
              39.373925739031115
            ],
            [
              -122.75464209117709,
              39.3743587509484
            ],
            [
              -122.75478099891565,
              39.37488618668229
            ],
            [
              -122.75530180642627,
              39.37535583288478
            ],
            [
              -122.75584035214199,
              39.3757804598851
            ],
            [
              -122.75608333156927,
              39.37591171626175
            ],
            [
              -122.75637838075079,
              39.37598890320251
            ],
            [
              -122.75660428978163,
              39.376119971601874
            ],
            [
              -122.757159831441,
              39.376310428081354
            ],
            [
              -122.75799286483452,
              39.3765014123938
            ],
            [
              -122.758669984794,
              39.37680011299875
            ],
            [
              -122.75893079992665,
              39.37704855367952
            ],
            [
              -122.75906941608207,
              39.37723348649338
            ],
            [
              -122.7594861766503,
              39.37790109874114
            ],
            [
              -122.75965999877816,
              39.37803223033397
            ],
            [
              -122.7597595509217,
              39.37803643798456
            ],
            [
              -122.76044096939385,
              39.37806526059194
            ],
            [
              -122.76108365016923,
              39.37794498600888
            ],
            [
              -122.76172590482055,
              39.37791024745116
            ],
            [
              -122.76214264050307,
              39.37785710776168
            ],
            [
              -122.76280220224415,
              39.377867401921364
            ],
            [
              -122.76314949706335,
              39.377841140903406
            ],
            [
              -122.7634965435227,
              39.37776971352494
            ],
            [
              -122.7641739205139,
              39.37757297291605
            ],
            [
              -122.76523297809103,
              39.37704788476958
            ],
            [
              -122.76618783074122,
              39.376432717767685
            ],
            [
              -122.76644820941232,
              39.37623495558956
            ],
            [
              -122.76686458851967,
              39.37583478382957
            ],
            [
              -122.76698639412972,
              39.37564579579859
            ],
            [
              -122.76703830780043,
              39.37544319608442
            ],
            [
              -122.76719484988621,
              39.37516424187068
            ],
            [
              -122.76776767672061,
              39.374444460872766
            ],
            [
              -122.76794109890645,
              39.37388168993076
            ],
            [
              -122.76802818278722,
              39.3737781496831
            ],
            [
              -122.76813197474361,
              39.37373334078245
            ],
            [
              -122.76841003911437,
              39.37371593179534
            ],
            [
              -122.76870501014929,
              39.37390577853282
            ],
            [
              -122.76919121987696,
              39.37437528362776
            ],
            [
              -122.76948662437492,
              39.374889465025554
            ],
            [
              -122.76960815281278,
              39.375011349226284
            ],
            [
              -122.76979894937108,
              39.3751063326268
            ],
            [
              -122.77021577790453,
              39.37514767175031
            ],
            [
              -122.77063226129519,
              39.37504487563297
            ],
            [
              -122.77198661846953,
              39.374479964207325
            ],
            [
              -122.77226441142868,
              39.37442189872334
            ],
            [
              -122.77318457447356,
              39.37449124065394
            ],
            [
              -122.77389655005197,
              39.37459184531527
            ],
            [
              -122.77413793523836,
              39.37477209011222
            ],
            [
              -122.77429565929985,
              39.37488986732502
            ],
            [
              -122.77483381730454,
              39.37543610721968
            ],
            [
              -122.77512876201845,
              39.375860128850405
            ],
            [
              -122.77559781736916,
              39.3763837436433
            ],
            [
              -122.77582362304257,
              39.37657342845137
            ],
            [
              -122.77669147707881,
              39.37701654730512
            ],
            [
              -122.77688249068001,
              39.37717917969535
            ],
            [
              -122.77787208457309,
              39.378483053228074
            ],
            [
              -122.778479946295,
              39.37914204445904
            ],
            [
              -122.77872295593357,
              39.3792821248913
            ],
            [
              -122.7790529026578,
              39.379368440173955
            ],
            [
              -122.77950411144724,
              39.379333172068996
            ],
            [
              -122.78000755053085,
              39.379244095742955
            ],
            [
              -122.78078898123003,
              39.37917795978359
            ],
            [
              -122.7811881661718,
              39.37917873256869
            ],
            [
              -122.78165713871387,
              39.37930579832172
            ],
            [
              -122.78200433047346,
              39.37948216685767
            ],
            [
              -122.78235154795469,
              39.37971255504354
            ],
            [
              -122.78321970433763,
              39.380444129516654
            ],
            [
              -122.783705844012,
              39.380922580492566
            ],
            [
              -122.78464318591134,
              39.38196947211036
            ],
            [
              -122.78492129782705,
              39.3823980785573
            ],
            [
              -122.78511201846528,
              39.382997614656354
            ],
            [
              -122.785041401984,
              39.38356063786502
            ],
            [
              -122.78519791874119,
              39.38406976176853
            ],
            [
              -122.78544285375415,
              39.38464752483225
            ],
            [
              -122.78588333313638,
              39.385314792613656
            ],
            [
              -122.78619607123493,
              39.385567657143135
            ],
            [
              -122.78640879631793,
              39.38584271065432
            ],
            [
              -122.78697652567358,
              39.386866771872825
            ],
            [
              -122.7872923488666,
              39.38719183818739
            ],
            [
              -122.78751148942943,
              39.38730021787201
            ],
            [
              -122.78789136331324,
              39.3872645534127
            ],
            [
              -122.7895727067305,
              39.38679063614019
            ],
            [
              -122.79021093442609,
              39.38679592404829
            ],
            [
              -122.79056702020814,
              39.38683717961705
            ],
            [
              -122.7910199211781,
              39.386946122134084
            ],
            [
              -122.79121422356178,
              39.38703844971181
            ],
            [
              -122.79148616712209,
              39.38716746627458
            ],
            [
              -122.79348403392622,
              39.38792397583995
            ],
            [
              -122.79494397228912,
              39.388322776085026
            ],
            [
              -122.79649331098639,
              39.388897695641575
            ],
            [
              -122.79690995169864,
              39.38900654214216
            ],
            [
              -122.79792190454954,
              39.38935940399114
            ],
            [
              -122.79843709147292,
              39.38957720690371
            ],
            [
              -122.80006521763978,
              39.390179154184636
            ],
            [
              -122.80074973598575,
              39.390509007931726
            ],
            [
              -122.801452878769,
              39.39078027992768
            ],
            [
              -122.80236678164094,
              39.391426386453766
            ],
            [
              -122.8025428485616,
              39.39165643677035
            ],
            [
              -122.80275081264229,
              39.39208029027087
            ],
            [
              -122.80299052421658,
              39.39330183365801
            ],
            [
              -122.80297343320801,
              39.39349578196181
            ],
            [
              -122.80302615732052,
              39.39432912952447
            ],
            [
              -122.80377143751595,
              39.39509157723547
            ],
            [
              -122.80437949063,
              39.39582678054268
            ],
            [
              -122.80467397212865,
              39.396534818614
            ],
            [
              -122.80494821252803,
              39.39737778526158
            ],
            [
              -122.80526874005331,
              39.39752673391609
            ],
            [
              -122.80582942477444,
              39.39817656370344
            ],
            [
              -122.80601383309816,
              39.39892490187461
            ],
            [
              -122.80615472164624,
              39.399294571479885
            ],
            [
              -122.80628191414984,
              39.39991624638498
            ],
            [
              -122.80649658661767,
              39.40021423501595
            ],
            [
              -122.80664230028128,
              39.400281583351564
            ],
            [
              -122.80714604831225,
              39.40065264739098
            ],
            [
              -122.80794307730372,
              39.4010951753103
            ],
            [
              -122.80867199160907,
              39.40158295857344
            ],
            [
              -122.80892338331361,
              39.401898741323095
            ],
            [
              -122.80925475007533,
              39.402867610639504
            ],
            [
              -122.80986856112003,
              39.40395904101218
            ],
            [
              -122.81003400976883,
              39.405248034689244
            ],
            [
              -122.81026789526045,
              39.40600531993418
            ],
            [
              -122.81051602308614,
              39.406383900448056
            ],
            [
              -122.81091852678162,
              39.407240748607634
            ],
            [
              -122.81098951545198,
              39.408002511748656
            ],
            [
              -122.81097756363287,
              39.40878152002267
            ],
            [
              -122.8108005608093,
              39.40916918065104
            ],
            [
              -122.81006957809531,
              39.409663297056646
            ],
            [
              -122.80937314812526,
              39.40987840976407
            ],
            [
              -122.8091030247991,
              39.409990367590765
            ],
            [
              -122.80867662540972,
              39.410089335213826
            ],
            [
              -122.80707451952229,
              39.410090906231396
            ],
            [
              -122.80568283438424,
              39.40990856689337
            ],
            [
              -122.80554128260279,
              39.409912567229135
            ],
            [
              -122.80460102091298,
              39.410077669625906
            ],
            [
              -122.80426707039953,
              39.41019389995338
            ],
            [
              -122.80360169256525,
              39.41033728303779
            ],
            [
              -122.80349402184969,
              39.410440326440266
            ],
            [
              -122.80337913094043,
              39.41066168359501
            ],
            [
              -122.80337554420385,
              39.41148102468877
            ],
            [
              -122.80345892744802,
              39.411837377334855
            ],
            [
              -122.80359830062538,
              39.41216645056331
            ],
            [
              -122.8036710478343,
              39.41282465031801
            ],
            [
              -122.80359087913288,
              39.41316210748054
            ],
            [
              -122.80336399380649,
              39.41367526164695
            ],
            [
              -122.80318397076603,
              39.414256391493545
            ],
            [
              -122.80330399305522,
              39.414873628819954
            ],
            [
              -122.80388615417606,
              39.415653744035055
            ],
            [
              -122.80396745105762,
              39.41583439679763
            ],
            [
              -122.80398813024983,
              39.41606834014589
            ],
            [
              -122.8039801024284,
              39.416438476666805
            ],
            [
              -122.80393301381953,
              39.41666823815914
            ],
            [
              -122.80363404161699,
              39.41757739050101
            ],
            [
              -122.80352665103378,
              39.41781146452061
            ],
            [
              -122.8030376810358,
              39.418702693814915
            ],
            [
              -122.80284762765417,
              39.41896799436602
            ],
            [
              -122.80056106430952,
              39.420540919324445
            ],
            [
              -122.79848175831275,
              39.42227655156333
            ],
            [
              -122.79784665889328,
              39.422698743801305
            ],
            [
              -122.7974618769804,
              39.4229146107287
            ],
            [
              -122.796400572061,
              39.42408850447604
            ],
            [
              -122.79608556596112,
              39.424790746442554
            ],
            [
              -122.79589446904188,
              39.42542162506401
            ],
            [
              -122.79585443548471,
              39.42559233248021
            ],
            [
              -122.79590614279158,
              39.425880495298244
            ],
            [
              -122.79610409795221,
              39.42625955365062
            ],
            [
              -122.79621355913112,
              39.42656135052368
            ],
            [
              -122.79649989825596,
              39.42699462505618
            ],
            [
              -122.79662127681654,
              39.4272515854533
            ],
            [
              -122.79711187899322,
              39.42752299254834
            ],
            [
              -122.79806873641593,
              39.427911738361736
            ],
            [
              -122.79832924754672,
              39.42812451202755
            ],
            [
              -122.79856470558266,
              39.42853777878858
            ],
            [
              -122.79866240339018,
              39.428750622514464
            ],
            [
              -122.79874191116075,
              39.429156575399304
            ],
            [
              -122.79876885625735,
              39.42977366265239
            ],
            [
              -122.79867834741572,
              39.43029632290901
            ],
            [
              -122.79848210810056,
              39.4308546247209
            ],
            [
              -122.79828335221956,
              39.43122336933778
            ],
            [
              -122.79741731357214,
              39.432330657719255
            ],
            [
              -122.79691606443846,
              39.432758047187704
            ],
            [
              -122.79632162099767,
              39.433153379181775
            ],
            [
              -122.79509868941935,
              39.433723041367735
            ],
            [
              -122.79451927177982,
              39.43386606863808
            ],
            [
              -122.79319255684075,
              39.43411604509343
            ],
            [
              -122.79283070233797,
              39.43435919666224
            ],
            [
              -122.79205956068779,
              39.43515469236105
            ],
            [
              -122.79174650739728,
              39.435388523059615
            ],
            [
              -122.79152667210631,
              39.43563580780625
            ],
            [
              -122.79111566385532,
              39.43626590450686
            ],
            [
              -122.79094812043148,
              39.43645022958276
            ],
            [
              -122.79000594548076,
              39.43684530580754
            ],
            [
              -122.78946380325965,
              39.4369026637772
            ],
            [
              -122.78923476080196,
              39.4369970648792
            ],
            [
              -122.78906609846806,
              39.43739335548424
            ],
            [
              -122.7886330616749,
              39.43814911979813
            ],
            [
              -122.78823203470031,
              39.43870690596727
            ],
            [
              -122.78752016482682,
              39.43993130667349
            ],
            [
              -122.78719891766326,
              39.44040369477333
            ],
            [
              -122.78700144122428,
              39.440425778978785
            ],
            [
              -122.78649262754541,
              39.44056421025107
            ],
            [
              -122.78583087072714,
              39.44102304668534
            ],
            [
              -122.78552100417593,
              39.44132001196769
            ],
            [
              -122.7849396268753,
              39.44221100487241
            ],
            [
              -122.78432477636623,
              39.44250227259037
            ],
            [
              -122.78359686124203,
              39.442658597837905
            ],
            [
              -122.78284713044269,
              39.442585310326464
            ],
            [
              -122.7824371376359,
              39.44247575778822
            ],
            [
              -122.78192866818088,
              39.44225447686082
            ],
            [
              -122.78058207554925,
              39.4415042370898
            ],
            [
              -122.78007095770674,
              39.44111970537297
            ],
            [
              -122.77935619345494,
              39.44024473925946
            ],
            [
              -122.77915967434785,
              39.43991547548913
            ],
            [
              -122.77890995921041,
              39.439640169177146
            ],
            [
              -122.77876417905968,
              39.43957682471694
            ],
            [
              -122.77844440352129,
              39.43930139263678
            ],
            [
              -122.77819508691431,
              39.439012579570175
            ],
            [
              -122.7776228507958,
              39.43818701132556
            ],
            [
              -122.77710696592952,
              39.43718153816417
            ],
            [
              -122.77676442460344,
              39.43664465528594
            ],
            [
              -122.77660402681737,
              39.43631067901623
            ],
            [
              -122.77638931618068,
              39.4360130948565
            ],
            [
              -122.77627399281042,
              39.43573398107567
            ],
            [
              -122.77618322754196,
              39.43524270069975
            ],
            [
              -122.77628127559119,
              39.434976578577725
            ],
            [
              -122.77657222723646,
              39.43445461031827
            ],
            [
              -122.77682247647249,
              39.43375226640617
            ],
            [
              -122.77708707426252,
              39.43214413945913
            ],
            [
              -122.77710769242724,
              39.43124341442607
            ],
            [
              -122.77682872009515,
              39.43044582139733
            ],
            [
              -122.77657625493453,
              39.43022830329717
            ],
            [
              -122.77585859511616,
              39.42995279920449
            ],
            [
              -122.77519858108282,
              39.429933595599564
            ],
            [
              -122.77427144559326,
              39.429962866251685
            ],
            [
              -122.77410550931133,
              39.42990882385355
            ],
            [
              -122.77384669444024,
              39.42998487964603
            ],
            [
              -122.77356547012585,
              39.430020086834304
            ],
            [
              -122.77252290906422,
              39.43025228393826
            ],
            [
              -122.77165450928565,
              39.43032264814172
            ],
            [
              -122.77084714633119,
              39.43034801987061
            ],
            [
              -122.77033287004313,
              39.43040564031418
            ],
            [
              -122.77009670710083,
              39.430373979087626
            ],
            [
              -122.76891152134756,
              39.43033959221729
            ],
            [
              -122.76863788137048,
              39.43039345976393
            ],
            [
              -122.76779518892882,
              39.430652920000156
            ],
            [
              -122.76749838492745,
              39.430674932099365
            ],
            [
              -122.76687793758123,
              39.43060159668154
            ],
            [
              -122.76602385034167,
              39.43043266417548
            ],
            [
              -122.76563330873311,
              39.43029256542898
            ],
            [
              -122.76462587828365,
              39.43002922003438
            ],
            [
              -122.76414293204576,
              39.42987027637924
            ],
            [
              -122.76313267413558,
              39.42994074026473
            ],
            [
              -122.76238725791227,
              39.43080856570886
            ],
            [
              -122.76197993218982,
              39.43101905632145
            ],
            [
              -122.7609080573428,
              39.43136915164758
            ],
            [
              -122.76038041400923,
              39.43143966115258
            ],
            [
              -122.75809520457574,
              39.43113274951636
            ],
            [
              -122.75769842423547,
              39.43115966318654
            ],
            [
              -122.75653164413012,
              39.43171096457605
            ],
            [
              -122.75612687468141,
              39.43183154989313
            ],
            [
              -122.7554834436889,
              39.43185772074011
            ],
            [
              -122.75429041472681,
              39.43183234757236
            ],
            [
              -122.75364073067846,
              39.431871518801444
            ],
            [
              -122.75260505334467,
              39.43186023520813
            ],
            [
              -122.74989247538613,
              39.431971648552995
            ],
            [
              -122.74962178089004,
              39.43194889125107
            ],
            [
              -122.7482013901575,
              39.43159816361444
            ],
            [
              -122.74667660520682,
              39.431288462057054
            ],
            [
              -122.74599298191616,
              39.431075612585445
            ],
            [
              -122.74541258942408,
              39.43094864986502
            ],
            [
              -122.74445644845824,
              39.43094156181181
            ],
            [
              -122.7440053888821,
              39.43101255170593
            ],
            [
              -122.74324227716431,
              39.43106932845339
            ],
            [
              -122.74282096247819,
              39.43115873034428
            ],
            [
              -122.74228828416588,
              39.431371445859234
            ],
            [
              -122.74253258540486,
              39.431969027946074
            ],
            [
              -122.74265496572063,
              39.43215827653803
            ],
            [
              -122.74308117282237,
              39.43264106600833
            ],
            [
              -122.74360905960812,
              39.43347647983991
            ],
            [
              -122.74409882346939,
              39.434099184421484
            ],
            [
              -122.7444049505956,
              39.434883718046166
            ],
            [
              -122.74444830036873,
              39.43536123757328
            ],
            [
              -122.74442143877083,
              39.4358249907936
            ],
            [
              -122.74423937738082,
              39.436487107288166
            ],
            [
              -122.74423771869336,
              39.4367573468356
            ],
            [
              -122.74394666533507,
              39.43721667713625
            ],
            [
              -122.74314648490851,
              39.437840776614465
            ],
            [
              -122.74280240163712,
              39.438060700375964
            ],
            [
              -122.74238256054419,
              39.438186149456
            ],
            [
              -122.7420842365797,
              39.43832969205919
            ],
            [
              -122.74199270832911,
              39.43849196396497
            ],
            [
              -122.74196165887487,
              39.438905937158765
            ],
            [
              -122.74189267793724,
              39.43923874944349
            ],
            [
              -122.74153707314242,
              39.43999523954817
            ],
            [
              -122.74126237025499,
              39.44033702672099
            ],
            [
              -122.74077464357919,
              39.440664516730564
            ],
            [
              -122.73997864693463,
              39.44093355979194
            ],
            [
              -122.73953138497875,
              39.44122982798099
            ],
            [
              -122.73907423928651,
              39.4416028130558
            ],
            [
              -122.73874598334903,
              39.44202988604642
            ],
            [
              -122.73862732485733,
              39.44237186482335
            ],
            [
              -122.73864110655826,
              39.442687429213166
            ],
            [
              -122.73868457814595,
              39.44284940838382
            ],
            [
              -122.73886165624135,
              39.44313803419924
            ],
            [
              -122.73912990665221,
              39.4432787239838
            ],
            [
              -122.73932527884412,
              39.44334203833875
            ],
            [
              -122.7401981580602,
              39.44351059211238
            ],
            [
              -122.74035184288677,
              39.4436013324721
            ],
            [
              -122.74061289343283,
              39.44389925017912
            ],
            [
              -122.74106161451138,
              39.44423399071391
            ],
            [
              -122.74110325276189,
              39.44438244024566
            ],
            [
              -122.74099907300165,
              39.44471069366645
            ],
            [
              -122.74043704219446,
              39.44545347482348
            ],
            [
              -122.73993219288177,
              39.44647926381046
            ],
            [
              -122.73979743903658,
              39.44726738947209
            ],
            [
              -122.73967760053382,
              39.44757340622646
            ],
            [
              -122.7396224524109,
              39.448091465173256
            ],
            [
              -122.73968555770968,
              39.448501507837825
            ],
            [
              -122.7401526945083,
              39.449701046174674
            ],
            [
              -122.74021775507599,
              39.450043415922245
            ],
            [
              -122.74016714677903,
              39.450304758876094
            ],
            [
              -122.7397968845316,
              39.45073644472192
            ],
            [
              -122.73967442318632,
              39.45100619835749
            ],
            [
              -122.73947895000084,
              39.45184402699098
            ],
            [
              -122.73950417271806,
              39.452677564724354
            ],
            [
              -122.73937403784116,
              39.45339777490637
            ],
            [
              -122.7394514882877,
              39.453821824097844
            ],
            [
              -122.73948363644183,
              39.454371267289666
            ],
            [
              -122.73987356238794,
              39.45512496262389
            ],
            [
              -122.73984215811358,
              39.455529948646884
            ],
            [
              -122.73965733881558,
              39.45612893851161
            ],
            [
              -122.73948640086283,
              39.45624995192676
            ],
            [
              -122.73919414033207,
              39.45683548774072
            ],
            [
              -122.7386824738288,
              39.45727990214137
            ],
            [
              -122.73839620826848,
              39.45767592827541
            ],
            [
              -122.7383726637413,
              39.45777028419701
            ],
            [
              -122.73841263383142,
              39.45802779523816
            ],
            [
              -122.73871501306282,
              39.458740290325586
            ],
            [
              -122.73875965133185,
              39.458942826353976
            ],
            [
              -122.73873444443548,
              39.459294481267015
            ],
            [
              -122.73875509558763,
              39.45990685303911
            ],
            [
              -122.73882799876876,
              39.46039791634002
            ],
            [
              -122.73898827164827,
              39.46079942838043
            ],
            [
              -122.73921804228856,
              39.46177292953806
            ],
            [
              -122.73930497709908,
              39.46195372210471
            ],
            [
              -122.73962449461231,
              39.46241373403523
            ],
            [
              -122.74006242119687,
              39.462855903989606
            ],
            [
              -122.74070950362292,
              39.46395243334584
            ],
            [
              -122.74110619300009,
              39.46438554803938
            ],
            [
              -122.7412286443736,
              39.46457535380875
            ],
            [
              -122.74133468950502,
              39.465170273267915
            ],
            [
              -122.74128252024455,
              39.46543146908941
            ],
            [
              -122.74126592931705,
              39.4658233856463
            ],
            [
              -122.74133091109051,
              39.46678340819199
            ],
            [
              -122.74149209594471,
              39.46748650441049
            ],
            [
              -122.74173095435663,
              39.46805466744842
            ],
            [
              -122.74209802654964,
              39.46862798089018
            ],
            [
              -122.74246329143503,
              39.469002426493205
            ],
            [
              -122.74316435303732,
              39.469886995188375
            ],
            [
              -122.74330393513766,
              39.46997757077642
            ],
            [
              -122.74362494641626,
              39.47031601807198
            ],
            [
              -122.74440779257728,
              39.47099788697959
            ],
            [
              -122.74449290610342,
              39.47115548631803
            ],
            [
              -122.74449167218575,
              39.471277886159584
            ],
            [
              -122.74435174642387,
              39.47161061630724
            ],
            [
              -122.74408061695705,
              39.472046900750456
            ],
            [
              -122.7438290469593,
              39.472568445849994
            ],
            [
              -122.74346020419345,
              39.473036694582945
            ],
            [
              -122.74330351085983,
              39.47332468161437
            ],
            [
              -122.74304907704297,
              39.47364824793787
            ],
            [
              -122.74246242638179,
              39.47401660608379
            ],
            [
              -122.74181781657755,
              39.47433033635565
            ],
            [
              -122.74107407586155,
              39.47482496273467
            ],
            [
              -122.74004813529818,
              39.47517833779278
            ],
            [
              -122.73963605939299,
              39.47549255278487
            ],
            [
              -122.73957448765739,
              39.475834790933135
            ],
            [
              -122.73948631805094,
              39.476059658173426
            ],
            [
              -122.73918247417885,
              39.476703444287644
            ],
            [
              -122.73893238714034,
              39.47712184152943
            ],
            [
              -122.73806103671092,
              39.47821434845869
            ],
            [
              -122.73720472673047,
              39.47887534264914
            ],
            [
              -122.73659724164052,
              39.479684840530254
            ],
            [
              -122.73648645614846,
              39.47990056785376
            ],
            [
              -122.73621195568565,
              39.48055770437293
            ],
            [
              -122.73614451997791,
              39.48108952185321
            ],
            [
              -122.73625067513777,
              39.481404928870866
            ],
            [
              -122.73718613206651,
              39.482740476778325
            ],
            [
              -122.73741469428745,
              39.483222685606464
            ],
            [
              -122.73758864957473,
              39.4839218568138
            ],
            [
              -122.73767049483575,
              39.48446302615813
            ],
            [
              -122.73782269704272,
              39.484981014286056
            ],
            [
              -122.7378029953089,
              39.485485567122446
            ],
            [
              -122.73772525284554,
              39.485647345784
            ],
            [
              -122.73759730342964,
              39.48580508349998
            ],
            [
              -122.73677102914726,
              39.48664996828713
            ],
            [
              -122.73636754419466,
              39.487721431369145
            ],
            [
              -122.73587741956096,
              39.48877489641514
            ],
            [
              -122.73562217532081,
              39.48908032305878
            ],
            [
              -122.73542898039734,
              39.48951680420052
            ],
            [
              -122.73525166738762,
              39.48981870191492
            ],
            [
              -122.73464341701866,
              39.490484153103665
            ],
            [
              -122.73426186669471,
              39.491109068343704
            ],
            [
              -122.73394993414561,
              39.4914327378261
            ],
            [
              -122.73336837325373,
              39.4914407146715
            ],
            [
              -122.73277440291236,
              39.491493087641416
            ],
            [
              -122.73203580169985,
              39.49162654600463
            ],
            [
              -122.73147554858701,
              39.49177842674693
            ],
            [
              -122.73047557251849,
              39.49211386326728
            ],
            [
              -122.73008201911794,
              39.492203187376376
            ],
            [
              -122.72856959677543,
              39.49310521009014
            ],
            [
              -122.72793108222501,
              39.49333188665648
            ],
            [
              -122.72744030573875,
              39.49304571941749
            ],
            [
              -122.72743885595929,
              39.49310927055905
            ],
            [
              -122.72658478376292,
              39.4936555845639
            ],
            [
              -122.72584380978984,
              39.49418512427065
            ],
            [
              -122.72547694833163,
              39.49446640596869
            ],
            [
              -122.72505390523541,
              39.49487427734114
            ],
            [
              -122.7241998350865,
              39.495437057896176
            ],
            [
              -122.72379797796744,
              39.49582839440456
            ],
            [
              -122.7236150705894,
              39.496125771268865
            ],
            [
              -122.72319461110229,
              39.497248678189564
            ],
            [
              -122.72300707547485,
              39.49822257393492
            ],
            [
              -122.72305784904508,
              39.49856898393671
            ],
            [
              -122.72317246582507,
              39.49896477213866
            ],
            [
              -122.72334359419142,
              39.49932742522911
            ],
            [
              -122.72345809400491,
              39.499684698933756
            ],
            [
              -122.72362656766755,
              39.49994117087351
            ],
            [
              -122.72370332159521,
              39.50027960997424
            ],
            [
              -122.7233788548763,
              39.50145020567364
            ],
            [
              -122.72328735138402,
              39.50196354449658
            ],
            [
              -122.72304065540338,
              39.50249913837605
            ],
            [
              -122.72296798023841,
              39.50295399737973
            ],
            [
              -122.72281663264583,
              39.503178598123235
            ],
            [
              -122.72125483822894,
              39.50403521694058
            ],
            [
              -122.7204697260606,
              39.50458832732414
            ],
            [
              -122.72019886654464,
              39.50519571502628
            ],
            [
              -122.72019160190312,
              39.50543426201633
            ],
            [
              -122.72009363186724,
              39.50571754312101
            ],
            [
              -122.71976865341969,
              39.506244266075754
            ],
            [
              -122.71967532512,
              39.506460587445254
            ],
            [
              -122.71934075999653,
              39.507576747784704
            ],
            [
              -122.71896339375203,
              39.50867512400445
            ],
            [
              -122.71839579218553,
              39.50918722019446
            ],
            [
              -122.7180468723855,
              39.50942528681733
            ],
            [
              -122.71768989605421,
              39.509743865837216
            ],
            [
              -122.71746323340136,
              39.51013153708362
            ],
            [
              -122.71707095466826,
              39.51110340291546
            ],
            [
              -122.7167524767478,
              39.512629467454865
            ],
            [
              -122.7167514271659,
              39.51298132690596
            ],
            [
              -122.71707080953296,
              39.51400031110682
            ],
            [
              -122.71730401583336,
              39.51447370341988
            ],
            [
              -122.71789708664659,
              39.51517822275961
            ],
            [
              -122.71803613008402,
              39.51549393535923
            ],
            [
              -122.71804594815735,
              39.51589240586504
            ],
            [
              -122.71773972461261,
              39.51615098699914
            ],
            [
              -122.71704654632715,
              39.516572785729196
            ],
            [
              -122.71636669353204,
              39.51711627202468
            ],
            [
              -122.7157794400274,
              39.51750634416892
            ],
            [
              -122.71548798208273,
              39.51774034626625
            ],
            [
              -122.71528146833539,
              39.517987364175525
            ],
            [
              -122.71509760395848,
              39.518613411255416
            ],
            [
              -122.714995162657,
              39.51883815507116
            ],
            [
              -122.71445703895611,
              39.51946328872234
            ],
            [
              -122.71381081031959,
              39.52033578284778
            ],
            [
              -122.71369257984325,
              39.520515554133304
            ],
            [
              -122.71364397080772,
              39.5207413731111
            ],
            [
              -122.7131440151987,
              39.5206087320758
            ],
            [
              -122.71253746464815,
              39.52054438264789
            ],
            [
              -122.71195135051369,
              39.52059726896407
            ],
            [
              -122.71123290303966,
              39.52056817154637
            ],
            [
              -122.71042060469807,
              39.520764394245624
            ],
            [
              -122.70997796153624,
              39.520727236688764
            ],
            [
              -122.70962792540841,
              39.52080703050546
            ],
            [
              -122.70824244234474,
              39.521412142518486
            ],
            [
              -122.70733453210163,
              39.52166219414111
            ],
            [
              -122.70669420297395,
              39.521764210001884
            ],
            [
              -122.70595614765735,
              39.5217668407763
            ],
            [
              -122.70483371568373,
              39.52186761327379
            ],
            [
              -122.70425766098566,
              39.521848405560824
            ],
            [
              -122.70340933328727,
              39.522017147212146
            ],
            [
              -122.70223262174609,
              39.522063704590614
            ],
            [
              -122.7017000327802,
              39.52205333581457
            ],
            [
              -122.70047488125661,
              39.52236575209417
            ],
            [
              -122.69979681120793,
              39.52280114979808
            ],
            [
              -122.69961016693976,
              39.52288629558956
            ],
            [
              -122.6988750233826,
              39.52293847322159
            ],
            [
              -122.69877195857993,
              39.522857033102696
            ],
            [
              -122.69851880083351,
              39.5224052853953
            ],
            [
              -122.69833272564424,
              39.521612117495884
            ],
            [
              -122.69821756744739,
              39.520706668102335
            ],
            [
              -122.69815809294349,
              39.520544099383464
            ],
            [
              -122.69791698160508,
              39.52029099617146
            ],
            [
              -122.6975897588483,
              39.52015963504146
            ],
            [
              -122.69706696853981,
              39.52006843799936
            ],
            [
              -122.69595459389704,
              39.520087559378005
            ],
            [
              -122.69396607364112,
              39.52032566732422
            ],
            [
              -122.69350481932355,
              39.520315115346435
            ],
            [
              -122.69274787005078,
              39.520372253082755
            ],
            [
              -122.69208988562478,
              39.52052808746323
            ],
            [
              -122.6916929970397,
              39.52053580697825
            ],
            [
              -122.69114402393028,
              39.52049839031837
            ],
            [
              -122.68995190019304,
              39.52036877174236
            ],
            [
              -122.6894136197025,
              39.52013334634797
            ],
            [
              -122.68900765872833,
              39.519866455774356
            ],
            [
              -122.68883244434937,
              39.51965424219044
            ],
            [
              -122.6883951821981,
              39.51931987094075
            ],
            [
              -122.68803026470657,
              39.51915232482831
            ],
            [
              -122.68777174592253,
              39.51908864786431
            ],
            [
              -122.68719044692527,
              39.51898349909766
            ],
            [
              -122.68581362227972,
              39.51897047221403
            ],
            [
              -122.68442464530499,
              39.519002592525986
            ],
            [
              -122.68391887587926,
              39.51946073310684
            ],
            [
              -122.68348883054081,
              39.51977931614785
            ],
            [
              -122.68280980191092,
              39.52021463861954
            ],
            [
              -122.68206671036243,
              39.520622540273884
            ],
            [
              -122.68174543054698,
              39.52072057895356
            ],
            [
              -122.68091476167547,
              39.52224579649186
            ],
            [
              -122.68063215748838,
              39.5225108275857
            ],
            [
              -122.68038832212466,
              39.52283895341185
            ],
            [
              -122.679861906222,
              39.52331495239268
            ],
            [
              -122.67965685811033,
              39.523598530783566
            ],
            [
              -122.6795480827795,
              39.52367926992288
            ],
            [
              -122.67928529567733,
              39.523786717506056
            ],
            [
              -122.67798618176008,
              39.524179714338885
            ],
            [
              -122.67780658335978,
              39.52426917133761
            ],
            [
              -122.6766141693773,
              39.525162166425915
            ],
            [
              -122.67617861327408,
              39.52573779590413
            ],
            [
              -122.67539352536947,
              39.526929488353694
            ],
            [
              -122.67512718866615,
              39.52710872820887
            ],
            [
              -122.67450453648688,
              39.52766149613094
            ],
            [
              -122.67355837994616,
              39.52887964587053
            ],
            [
              -122.67314790600662,
              39.52928829601409
            ],
            [
              -122.67294757669822,
              39.529382678177946
            ],
            [
              -122.67224615904142,
              39.529533856502475
            ],
            [
              -122.67197648049589,
              39.52967293043216
            ],
            [
              -122.67147079694674,
              39.52975679871038
            ],
            [
              -122.67117647101432,
              39.530089306607586
            ],
            [
              -122.67073149679337,
              39.5307683933125
            ],
            [
              -122.67071749807678,
              39.532033972222685
            ],
            [
              -122.67065893060995,
              39.53289016526957
            ],
            [
              -122.6705655755989,
              39.53336257206426
            ],
            [
              -122.6702646960522,
              39.53370490073127
            ],
            [
              -122.6698908384189,
              39.53398727153815
            ],
            [
              -122.66948537682258,
              39.534625833662034
            ],
            [
              -122.66949629249149,
              39.53483313493499
            ],
            [
              -122.66981889904378,
              39.53588349771392
            ],
            [
              -122.66949150659676,
              39.53639212345377
            ],
            [
              -122.66909346063467,
              39.53713453256086
            ],
            [
              -122.66868917273253,
              39.538160267105965
            ],
            [
              -122.66837166933658,
              39.538704481649916
            ],
            [
              -122.66804844719483,
              39.53952802814119
            ],
            [
              -122.66803491014912,
              39.53979362867368
            ],
            [
              -122.66807536949112,
              39.54013632415837
            ],
            [
              -122.66849772180633,
              39.54108351901775
            ],
            [
              -122.6691884013194,
              39.54200932932098
            ],
            [
              -122.66955865361534,
              39.542686043673726
            ],
            [
              -122.66985262847234,
              39.5433477499693
            ],
            [
              -122.66988157205323,
              39.54361504468518
            ],
            [
              -122.66994067186859,
              39.54379539224954
            ],
            [
              -122.66995577214288,
              39.54430923014209
            ],
            [
              -122.67021271337346,
              39.544958577827835
            ],
            [
              -122.67034896597194,
              39.5451252974186
            ],
            [
              -122.67088696692666,
              39.54559974036145
            ],
            [
              -122.6730757489833,
              39.54602107973835
            ],
            [
              -122.67380412634309,
              39.54622127783418
            ],
            [
              -122.6742043756251,
              39.54640703648536
            ],
            [
              -122.6749602056421,
              39.547098210633195
            ],
            [
              -122.67572074173454,
              39.547605633212065
            ],
            [
              -122.67689341050702,
              39.548522714721365
            ],
            [
              -122.67747921068072,
              39.548709815375354
            ],
            [
              -122.67871204868938,
              39.548911490121895
            ],
            [
              -122.67963782374271,
              39.54909836350021
            ],
            [
              -122.68125702679883,
              39.54960765755004
            ],
            [
              -122.68292878423205,
              39.54992280593502
            ],
            [
              -122.68357542853416,
              39.54993358607357
            ],
            [
              -122.68436782803929,
              39.549886189459095
            ],
            [
              -122.68478146808941,
              39.55004023987915
            ],
            [
              -122.68548315909189,
              39.55065059885692
            ],
            [
              -122.68563040338428,
              39.550745613796906
            ],
            [
              -122.68626184978156,
              39.550737924115005
            ],
            [
              -122.68707936758653,
              39.55088925978159
            ],
            [
              -122.68757819131099,
              39.550926987923866
            ],
            [
              -122.68798226715141,
              39.550900652480905
            ],
            [
              -122.68869828304442,
              39.551010484875086
            ],
            [
              -122.6894719002145,
              39.55126545039215
            ],
            [
              -122.6903899926198,
              39.55142988092874
            ],
            [
              -122.69074588354913,
              39.55157512979046
            ],
            [
              -122.69237014161568,
              39.552534342607224
            ],
            [
              -122.69377425625115,
              39.55352914457804
            ],
            [
              -122.69418736337727,
              39.55404834859201
            ],
            [
              -122.6948723209459,
              39.55462216695414
            ],
            [
              -122.69604705316723,
              39.55517524115076
            ],
            [
              -122.6966641918671,
              39.55542008774534
            ],
            [
              -122.69698733046616,
              39.55562356754541
            ],
            [
              -122.69816102004347,
              39.55652765804752
            ],
            [
              -122.69893369094396,
              39.55700694655069
            ],
            [
              -122.7010588754943,
              39.55805308381655
            ],
            [
              -122.70265788289353,
              39.558706315112204
            ],
            [
              -122.70336175385903,
              39.55937000337789
            ],
            [
              -122.70404012849804,
              39.55991727631973
            ],
            [
              -122.70439413461811,
              39.56016145193215
            ],
            [
              -122.70470854090992,
              39.560319838826686
            ],
            [
              -122.70554501221775,
              39.5609162966184
            ],
            [
              -122.70577891405317,
              39.561039008080876
            ],
            [
              -122.70604429800734,
              39.56134151936522
            ],
            [
              -122.70650683158668,
              39.56159915209208
            ],
            [
              -122.707287185693,
              39.56197540878913
            ],
            [
              -122.7074828895256,
              39.56215611983426
            ],
            [
              -122.70761304095807,
              39.56234565311077
            ],
            [
              -122.70753155079939,
              39.56379137565897
            ],
            [
              -122.70739517604567,
              39.56501699237398
            ],
            [
              -122.70727313982617,
              39.56524659110727
            ],
            [
              -122.70704229563768,
              39.565556955078435
            ],
            [
              -122.70635341242372,
              39.56618997792273
            ],
            [
              -122.70586483256477,
              39.56670652714716
            ],
            [
              -122.70562209560912,
              39.56706665841754
            ],
            [
              -122.7052696627411,
              39.567755018488945
            ],
            [
              -122.70514688291243,
              39.56808818276031
            ],
            [
              -122.70478242337751,
              39.569326019120226
            ],
            [
              -122.70471674432969,
              39.57002881676049
            ],
            [
              -122.70465743879255,
              39.57023092089883
            ],
            [
              -122.70421341270156,
              39.571180895385
            ],
            [
              -122.70404989404028,
              39.5714192421047
            ],
            [
              -122.70373531961347,
              39.57176561258737
            ],
            [
              -122.70293936808612,
              39.57252020043354
            ],
            [
              -122.70256310025152,
              39.57315448200752
            ],
            [
              -122.70212161598593,
              39.574014154740006
            ],
            [
              -122.70156708107426,
              39.57464760276636
            ],
            [
              -122.70143794497392,
              39.575115874817996
            ],
            [
              -122.70139957348646,
              39.57557982490393
            ],
            [
              -122.70138333747049,
              39.576048007955464
            ],
            [
              -122.70150040700169,
              39.576724341482716
            ],
            [
              -122.70140916248354,
              39.577759911859665
            ],
            [
              -122.70117864638794,
              39.57858427329568
            ],
            [
              -122.70109363367524,
              39.57934511816823
            ],
            [
              -122.70054275346392,
              39.581155221065906
            ],
            [
              -122.70033262257544,
              39.58171356055469
            ],
            [
              -122.69891478928415,
              39.58302056978226
            ],
            [
              -122.69852543612247,
              39.58342977051466
            ],
            [
              -122.69830852044589,
              39.58374434861705
            ],
            [
              -122.69818391505521,
              39.584059348667395
            ],
            [
              -122.69797597496732,
              39.58440125783953
            ],
            [
              -122.69800539205896,
              39.58453242938101
            ],
            [
              -122.69862988695289,
              39.5846597697393
            ],
            [
              -122.69905545195456,
              39.58478213489245
            ],
            [
              -122.69954697279755,
              39.58481081687311
            ],
            [
              -122.70040477500804,
              39.58477678329304
            ],
            [
              -122.70071214002195,
              39.58480053402074
            ],
            [
              -122.70148879005386,
              39.5849735023991
            ],
            [
              -122.7028880284172,
              39.58521587394853
            ],
            [
              -122.70325020382188,
              39.58533353647127
            ],
            [
              -122.70372977948679,
              39.58553822330827
            ],
            [
              -122.70589893208785,
              39.58607955931593
            ],
            [
              -122.70628620144234,
              39.586152627889625
            ],
            [
              -122.70739080950788,
              39.586461779196604
            ],
            [
              -122.70868582338427,
              39.58675338619404
            ],
            [
              -122.7101164575934,
              39.586923404246335
            ],
            [
              -122.71064334363888,
              39.587082840478345
            ],
            [
              -122.71187126484557,
              39.587923566883944
            ],
            [
              -122.71218682103883,
              39.588104815617086
            ],
            [
              -122.71450705859873,
              39.5888178142316
            ],
            [
              -122.71585112746173,
              39.589204070634246
            ],
            [
              -122.71746006391496,
              39.58952780263681
            ],
            [
              -122.71873742987017,
              39.58987761356008
            ],
            [
              -122.71964257623495,
              39.5900512180104
            ],
            [
              -122.72044673034358,
              39.59008468830879
            ],
            [
              -122.72117792824353,
              39.590063919912396
            ],
            [
              -122.721480835548,
              39.59015443017167
            ],
            [
              -122.72164316597826,
              39.59025886316234
            ],
            [
              -122.72180512273093,
              39.59047587381892
            ],
            [
              -122.72191812046742,
              39.59072363861535
            ],
            [
              -122.72244360245719,
              39.592355645154385
            ],
            [
              -122.72252423564498,
              39.592761301372875
            ],
            [
              -122.72289079370681,
              39.59384342597418
            ],
            [
              -122.72335225688866,
              39.59471904813023
            ],
            [
              -122.72350467668223,
              39.59489939112921
            ],
            [
              -122.72385529360135,
              39.59567941388365
            ],
            [
              -122.72408482899043,
              39.59661249409298
            ],
            [
              -122.72421561130558,
              39.59753148521638
            ],
            [
              -122.72406874612848,
              39.5980632811201
            ],
            [
              -122.72397941433654,
              39.59826151048135
            ],
            [
              -122.72338585481252,
              39.59894003799843
            ],
            [
              -122.722632698087,
              39.59969058617725
            ],
            [
              -122.72169363890173,
              39.60105346397152
            ],
            [
              -122.72163190554298,
              39.601210882561695
            ],
            [
              -122.72172009021753,
              39.602265151251785
            ],
            [
              -122.72214152420817,
              39.60319001784325
            ],
            [
              -122.72255063881688,
              39.60375382524895
            ],
            [
              -122.72281582891047,
              39.60405213091875
            ],
            [
              -122.72307963439775,
              39.60444472733163
            ],
            [
              -122.7227887733151,
              39.60545319670604
            ],
            [
              -122.72168014802543,
              39.60695981008106
            ],
            [
              -122.72159422628081,
              39.607189216922244
            ],
            [
              -122.72160199853771,
              39.607842636469464
            ],
            [
              -122.72192219491764,
              39.609460684049026
            ],
            [
              -122.72185890851694,
              39.609861607818175
            ],
            [
              -122.72204314811674,
              39.610362034410464
            ],
            [
              -122.72213985462342,
              39.610547120381476
            ],
            [
              -122.72304938466519,
              39.61130575771344
            ],
            [
              -122.72498120183435,
              39.612400983262255
            ],
            [
              -122.72582997449409,
              39.61308795018204
            ],
            [
              -122.72645027436809,
              39.613499177036225
            ],
            [
              -122.72696221156586,
              39.61412668472917
            ],
            [
              -122.72757428229134,
              39.61503367957339
            ],
            [
              -122.72804157617868,
              39.61537258809349
            ],
            [
              -122.72831921579804,
              39.61549964019051
            ],
            [
              -122.7294432130402,
              39.615907566321084
            ],
            [
              -122.73091922879942,
              39.61597408522437
            ],
            [
              -122.73319960813646,
              39.61583959431796
            ],
            [
              -122.73354272793728,
              39.61588146259
            ],
            [
              -122.73420251589016,
              39.61605800019759
            ],
            [
              -122.73516027205665,
              39.61595681937293
            ],
            [
              -122.73552884707534,
              39.61605232629184
            ],
            [
              -122.73533186207757,
              39.61670948442013
            ],
            [
              -122.73527923859874,
              39.61717350102406
            ],
            [
              -122.73536061675837,
              39.617728073951206
            ],
            [
              -122.7354659494256,
              39.618079539306805
            ],
            [
              -122.73564441537344,
              39.61845821377959
            ],
            [
              -122.73587889488228,
              39.61871143262787
            ],
            [
              -122.73656826531074,
              39.619091385182315
            ],
            [
              -122.7379591921763,
              39.619684297825216
            ],
            [
              -122.73838939833429,
              39.61980657893762
            ],
            [
              -122.7387279472975,
              39.62006903255059
            ],
            [
              -122.7392919951024,
              39.62037483798051
            ],
            [
              -122.74046377044382,
              39.620865610710986
            ],
            [
              -122.741354651936,
              39.621085244821906
            ],
            [
              -122.74223328532132,
              39.62109574904895
            ],
            [
              -122.74276356431322,
              39.621018552350314
            ],
            [
              -122.74357217738333,
              39.62114362630968
            ],
            [
              -122.7458454187601,
              39.621378274148796
            ],
            [
              -122.74712731520532,
              39.621421634684246
            ],
            [
              -122.7480937025207,
              39.621536104241784
            ],
            [
              -122.74822960971723,
              39.62168057656067
            ],
            [
              -122.74906299288142,
              39.6220742568587
            ],
            [
              -122.74970497234129,
              39.622247129771914
            ],
            [
              -122.75018154218712,
              39.62230202384638
            ],
            [
              -122.75110220251126,
              39.62253812523509
            ],
            [
              -122.75189977606465,
              39.622598633350336
            ],
            [
              -122.75223465750729,
              39.62260377479144
            ],
            [
              -122.75287096313757,
              39.622560077074034
            ],
            [
              -122.7531634096319,
              39.622587465166525
            ],
            [
              -122.75377380720194,
              39.62272853524511
            ],
            [
              -122.75500592126615,
              39.62280809498633
            ],
            [
              -122.75640777243929,
              39.62315747240116
            ],
            [
              -122.75735770495456,
              39.623267684944146
            ],
            [
              -122.7574880272556,
              39.62332673246927
            ],
            [
              -122.75841684034543,
              39.62448204384094
            ],
            [
              -122.7585621958112,
              39.6245679323019
            ],
            [
              -122.75901631807287,
              39.62470522367569
            ],
            [
              -122.75888087704465,
              39.62494316823567
            ],
            [
              -122.7587366714417,
              39.62506836782812
            ],
            [
              -122.75791998035696,
              39.62610286332723
            ],
            [
              -122.75757464908462,
              39.62671449591601
            ],
            [
              -122.75753141184899,
              39.62684541024198
            ],
            [
              -122.75753050215239,
              39.62700760598681
            ],
            [
              -122.75753632889958,
              39.62721484562073
            ],
            [
              -122.7576228378088,
              39.62750721510497
            ],
            [
              -122.75768182373797,
              39.62846791571221
            ],
            [
              -122.75767304399707,
              39.62925149709629
            ],
            [
              -122.75783155091949,
              39.63004926255237
            ],
            [
              -122.7582017764022,
              39.63112679367806
            ],
            [
              -122.7588552638136,
              39.632430168635295
            ],
            [
              -122.7591225141483,
              39.63285870923225
            ],
            [
              -122.7591771763401,
              39.633147959140246
            ],
            [
              -122.75958888835828,
              39.6331161906294
            ],
            [
              -122.76022510650499,
              39.63319889859067
            ],
            [
              -122.76159766554257,
              39.63359328491472
            ],
            [
              -122.76216117814789,
              39.63378650420738
            ],
            [
              -122.76227410193917,
              39.6337617806767
            ],
            [
              -122.7628706067419,
              39.63386213027956
            ],
            [
              -122.76434694622782,
              39.63429313237581
            ],
            [
              -122.76569569719786,
              39.63464729549901
            ],
            [
              -122.76717235803433,
              39.63497916274941
            ],
            [
              -122.76754845093082,
              39.63511056832558
            ],
            [
              -122.76827907316986,
              39.63540937710851
            ],
            [
              -122.76851951171786,
              39.63559908368856
            ],
            [
              -122.768702141882,
              39.63598238215621
            ],
            [
              -122.76875085493344,
              39.63623895924123
            ],
            [
              -122.77053443272395,
              39.637594403267244
            ],
            [
              -122.77092439746856,
              39.63779325192263
            ],
            [
              -122.77176896201303,
              39.63813717316293
            ],
            [
              -122.77307996435047,
              39.638599134571514
            ],
            [
              -122.77413227439271,
              39.638790885430694
            ],
            [
              -122.7755050014694,
              39.63876227667653
            ],
            [
              -122.77683443277093,
              39.638944789303316
            ],
            [
              -122.77741616579209,
              39.63890535431138
            ],
            [
              -122.77823022693147,
              39.638749209848086
            ],
            [
              -122.77914875073623,
              39.63878267144064
            ],
            [
              -122.77928074786952,
              39.63869720256891
            ],
            [
              -122.77949438578725,
              39.638625522235756
            ],
            [
              -122.77978625274302,
              39.63857653989038
            ],
            [
              -122.78025525845392,
              39.638595442225046
            ],
            [
              -122.78072488938683,
              39.63853776680376
            ],
            [
              -122.78144224762895,
              39.63867879004998
            ],
            [
              -122.78169750831631,
              39.63880542281339
            ],
            [
              -122.7820372519168,
              39.63905383465067
            ],
            [
              -122.78321876250332,
              39.64007423269751
            ],
            [
              -122.7837790349595,
              39.64037714604658
            ],
            [
              -122.78537663836094,
              39.6407720906539
            ],
            [
              -122.78563148012336,
              39.640921221763804
            ],
            [
              -122.78599196069811,
              39.64129581598973
            ],
            [
              -122.78620462130398,
              39.641422373951904
            ],
            [
              -122.78694283032561,
              39.641667004186246
            ],
            [
              -122.78710566738705,
              39.64177544041918
            ],
            [
              -122.78728878519657,
              39.64214974231586
            ],
            [
              -122.78824196223935,
              39.64251205441711
            ],
            [
              -122.7903152836139,
              39.643416726704444
            ],
            [
              -122.79197866865893,
              39.64418562130785
            ],
            [
              -122.79248603433432,
              39.644456821908825
            ],
            [
              -122.79444917889167,
              39.6456812471935
            ],
            [
              -122.79548451698616,
              39.646219138318656
            ],
            [
              -122.79594229766255,
              39.64626541801802
            ],
            [
              -122.7963534125954,
              39.64621639180935
            ],
            [
              -122.79781164320626,
              39.646191766676765
            ],
            [
              -122.79846855603746,
              39.64625599617182
            ],
            [
              -122.79893411964949,
              39.64635141419425
            ],
            [
              -122.79945490296522,
              39.64637033662256
            ],
            [
              -122.80049897048461,
              39.6463093535328
            ],
            [
              -122.80074114460032,
              39.6463271748538
            ],
            [
              -122.80122047358375,
              39.64651310546453
            ],
            [
              -122.80179145070636,
              39.64661315196792
            ],
            [
              -122.80267802542802,
              39.64697508694106
            ],
            [
              -122.80283380563135,
              39.64714656321801
            ],
            [
              -122.80293164469946,
              39.64745307013311
            ],
            [
              -122.80299498397454,
              39.64887683111921
            ],
            [
              -122.80294278532043,
              39.649300224424856
            ],
            [
              -122.80299727265589,
              39.64973281816393
            ],
            [
              -122.80311674548668,
              39.64998531879378
            ],
            [
              -122.80345654553575,
              39.6502562081753
            ],
            [
              -122.80364372691928,
              39.650481936673195
            ],
            [
              -122.803781958552,
              39.65077063038616
            ],
            [
              -122.8044590848594,
              39.651632008636106
            ],
            [
              -122.80496992600315,
              39.65220933356508
            ],
            [
              -122.80563128568284,
              39.652634591205704
            ],
            [
              -122.80592650475381,
              39.65272924758411
            ],
            [
              -122.80616243951977,
              39.6527656782813
            ],
            [
              -122.8068381816904,
              39.653077914055835
            ],
            [
              -122.80703081518581,
              39.653172552327426
            ],
            [
              -122.80653382050565,
              39.65487482788509
            ],
            [
              -122.80639105579216,
              39.65592887927644
            ],
            [
              -122.80639809434805,
              39.65656884717788
            ],
            [
              -122.80661165687673,
              39.65720876090928
            ],
            [
              -122.80659409590416,
              39.65751078675951
            ],
            [
              -122.80652584075308,
              39.65779864747605
            ],
            [
              -122.80631076084042,
              39.658397813017864
            ],
            [
              -122.80630951173232,
              39.65878938018067
            ],
            [
              -122.80662393927105,
              39.65944316190316
            ],
            [
              -122.80738625445831,
              39.66052156048003
            ],
            [
              -122.80781494159758,
              39.66095889646234
            ],
            [
              -122.80819298225892,
              39.661202753595596
            ],
            [
              -122.80892703424126,
              39.66142460059833
            ],
            [
              -122.81040320706819,
              39.66170232018715
            ],
            [
              -122.81135037057626,
              39.661946881022295
            ],
            [
              -122.81183847582746,
              39.66225391022067
            ],
            [
              -122.81127485375741,
              39.66328509787547
            ],
            [
              -122.81115776338136,
              39.66357773140908
            ],
            [
              -122.81100063582304,
              39.66419459296602
            ],
            [
              -122.81095987556482,
              39.66468527880897
            ],
            [
              -122.81104769584691,
              39.66684790879704
            ],
            [
              -122.8109847243386,
              39.66833500487469
            ],
            [
              -122.81078499015605,
              39.66939304799931
            ],
            [
              -122.8106646097302,
              39.66984786528101
            ],
            [
              -122.81054727234748,
              39.67074881161674
            ],
            [
              -122.81048326692412,
              39.67100539707919
            ],
            [
              -122.81026525218437,
              39.6715862008329
            ],
            [
              -122.81007779170481,
              39.67191927953949
            ],
            [
              -122.81003988477198,
              39.672194039991325
            ],
            [
              -122.81033100615056,
              39.67311769116865
            ],
            [
              -122.81012376077402,
              39.6740187778004
            ],
            [
              -122.80990610775879,
              39.674518491430405
            ],
            [
              -122.80955967685296,
              39.67482879965715
            ],
            [
              -122.8067149917214,
              39.675995399729786
            ],
            [
              -122.80640202745126,
              39.675981362468896
            ],
            [
              -122.80437599370426,
              39.6756712943077
            ],
            [
              -122.80305505955529,
              39.67534027369499
            ],
            [
              -122.80208301402891,
              39.67524904409744
            ],
            [
              -122.80127742358762,
              39.67541864690852
            ],
            [
              -122.8003825145613,
              39.675908245847495
            ],
            [
              -122.80001477051589,
              39.67620925733524
            ],
            [
              -122.79935280262384,
              39.676906615688964
            ],
            [
              -122.79858669835866,
              39.677101338236355
            ],
            [
              -122.79790039978329,
              39.67737006452125
            ],
            [
              -122.79730833989507,
              39.67751346005263
            ],
            [
              -122.79694497935766,
              39.677570932629834
            ],
            [
              -122.79679358400384,
              39.677659794918426
            ],
            [
              -122.79619319540868,
              39.677738612488
            ],
            [
              -122.79561497103126,
              39.67790899480571
            ],
            [
              -122.79504766936117,
              39.67838962262934
            ],
            [
              -122.79436074392241,
              39.67913670144769
            ],
            [
              -122.79368691229928,
              39.67964006733747
            ],
            [
              -122.79210883210276,
              39.680578725197336
            ],
            [
              -122.79096464555282,
              39.68084232863198
            ],
            [
              -122.79054874267119,
              39.68098150419693
            ],
            [
              -122.79020619794294,
              39.68118358988426
            ],
            [
              -122.78992165659527,
              39.68140383020068
            ],
            [
              -122.78927769134525,
              39.68213699623484
            ],
            [
              -122.7889310869896,
              39.68244719347108
            ],
            [
              -122.78858439598946,
              39.68269001099967
            ],
            [
              -122.7881284866545,
              39.6829142844975
            ],
            [
              -122.78777613663246,
              39.68300815713457
            ],
            [
              -122.7847351422061,
              39.6834445872701
            ],
            [
              -122.78437692470281,
              39.683385160263086
            ],
            [
              -122.78314667234378,
              39.68301319853257
            ],
            [
              -122.78291157460957,
              39.68299469974079
            ],
            [
              -122.78278361790316,
              39.683012479583745
            ],
            [
              -122.78230928606037,
              39.68319278121854
            ],
            [
              -122.7820877847552,
              39.683276611175884
            ],
            [
              -122.78161532846845,
              39.68426722332745
            ],
            [
              -122.78126301239445,
              39.68525282752567
            ],
            [
              -122.78116294149247,
              39.68584304166773
            ],
            [
              -122.78090352258369,
              39.6866314076376
            ],
            [
              -122.78060447758885,
              39.68705418851798
            ],
            [
              -122.7795887982527,
              39.6875656732532
            ],
            [
              -122.77900564229509,
              39.68798097389148
            ],
            [
              -122.77977845755336,
              39.68861181307627
            ],
            [
              -122.780643258459,
              39.68974221544617
            ],
            [
              -122.78119712371415,
              39.69026728681582
            ],
            [
              -122.78176675941077,
              39.690688327592284
            ],
            [
              -122.78211821004327,
              39.69089947730825
            ],
            [
              -122.78294537967486,
              39.69127311656178
            ],
            [
              -122.7833837826145,
              39.691435528628354
            ],
            [
              -122.78440346957068,
              39.6917121158343
            ],
            [
              -122.78528260047118,
              39.691877975347204
            ],
            [
              -122.78685536570939,
              39.69225755027578
            ],
            [
              -122.78725999004338,
              39.69229910102094
            ],
            [
              -122.78964750956416,
              39.692389081238495
            ],
            [
              -122.79022211808247,
              39.69247577710216
            ],
            [
              -122.7911411154664,
              39.69283374220285
            ],
            [
              -122.79223568786757,
              39.693341060931985
            ],
            [
              -122.79342276912912,
              39.69384357488651
            ],
            [
              -122.79380455807498,
              39.69398907424872
            ],
            [
              -122.79491637484227,
              39.69429368679146
            ],
            [
              -122.79519890430227,
              39.69442194834892
            ],
            [
              -122.79598838085181,
              39.694888470441775
            ],
            [
              -122.79775343048028,
              39.696228558895314
            ],
            [
              -122.79799897809684,
              39.69645516964731
            ],
            [
              -122.7983793767501,
              39.69669926989169
            ],
            [
              -122.79882494793209,
              39.696861668495764
            ],
            [
              -122.79968963760378,
              39.69704923970236
            ],
            [
              -122.80015646723163,
              39.697217289913524
            ],
            [
              -122.80069231757949,
              39.69752833855721
            ],
            [
              -122.80100856324248,
              39.69778291081936
            ],
            [
              -122.8013798063042,
              39.69816944258052
            ],
            [
              -122.8017253827867,
              39.69836394764812
            ],
            [
              -122.80232251946184,
              39.69862697468304
            ],
            [
              -122.80249562401535,
              39.69877545581398
            ],
            [
              -122.80280278306972,
              39.69881202461615
            ],
            [
              -122.80513221586618,
              39.69986529822498
            ],
            [
              -122.80554376152112,
              39.70000604507518
            ],
            [
              -122.80717251098854,
              39.700351173529164
            ],
            [
              -122.80749833034928,
              39.70050488148739
            ],
            [
              -122.80788670175136,
              39.70083440987848
            ],
            [
              -122.8080260703938,
              39.70118154037321
            ],
            [
              -122.80854422640098,
              39.70217352909678
            ],
            [
              -122.80890843030505,
              39.70238579038943
            ],
            [
              -122.80922490001797,
              39.70248125131663
            ],
            [
              -122.81002191018747,
              39.702869771718575
            ],
            [
              -122.81129957721707,
              39.705461954205454
            ],
            [
              -122.81108564749735,
              39.7058810432562
            ],
            [
              -122.81078058049782,
              39.70635807331644
            ],
            [
              -122.80997630902175,
              39.70738837855428
            ],
            [
              -122.80978330803708,
              39.70969470153876
            ],
            [
              -122.80983997550791,
              39.71010466965416
            ],
            [
              -122.81016305131749,
              39.71100672112324
            ],
            [
              -122.81037984023696,
              39.7113312802388
            ],
            [
              -122.8106966869251,
              39.71161582103255
            ],
            [
              -122.8111337780787,
              39.71190028453288
            ],
            [
              -122.81375451776493,
              39.713954537207336
            ],
            [
              -122.81347732307889,
              39.714350407008794
            ],
            [
              -122.81312884977314,
              39.71441708094908
            ],
            [
              -122.81268498899709,
              39.71474523219605
            ],
            [
              -122.8124627554237,
              39.71495211510001
            ],
            [
              -122.81189501523903,
              39.715658496458815
            ],
            [
              -122.81160581417379,
              39.71622567468427
            ],
            [
              -122.8113517238392,
              39.716873999872625
            ],
            [
              -122.811328361794,
              39.71741923732153
            ],
            [
              -122.81106385649309,
              39.7177969240894
            ],
            [
              -122.81036897327377,
              39.71958449393464
            ],
            [
              -122.80920689650509,
              39.72124483983442
            ],
            [
              -122.80768840342162,
              39.72297243859454
            ],
            [
              -122.80767810253663,
              39.72339590871893
            ],
            [
              -122.8077844308884,
              39.72436468346282
            ],
            [
              -122.80783958978992,
              39.72459906016996
            ],
            [
              -122.80770828761815,
              39.724995291578075
            ],
            [
              -122.80705799100593,
              39.72530506844663
            ],
            [
              -122.8068294819955,
              39.725390264616486
            ],
            [
              -122.80645147244257,
              39.72547522261792
            ],
            [
              -122.80644639213742,
              39.725666772764335
            ],
            [
              -122.8068675129341,
              39.72600753256508
            ],
            [
              -122.80702383387762,
              39.72604834985294
            ],
            [
              -122.80734912648057,
              39.72630117620977
            ],
            [
              -122.80794435002952,
              39.726653575503796
            ],
            [
              -122.80817161190916,
              39.7267530723398
            ],
            [
              -122.80903225996043,
              39.72685360439217
            ],
            [
              -122.81074007784791,
              39.726928491389884
            ],
            [
              -122.81094587305073,
              39.727014422157445
            ],
            [
              -122.81160044984283,
              39.72742265067871
            ],
            [
              -122.81167544244514,
              39.72746849430065
            ],
            [
              -122.8125440234848,
              39.7273770724279
            ],
            [
              -122.81263890365112,
              39.7274406615609
            ],
            [
              -122.81276553865577,
              39.727400347272734
            ],
            [
              -122.81441854687493,
              39.72738047141773
            ],
            [
              -122.81610876976565,
              39.727221008312036
            ],
            [
              -122.81702998239406,
              39.727055783807955
            ],
            [
              -122.81732836814497,
              39.72704695341321
            ],
            [
              -122.8176363162706,
              39.7270975778501
            ],
            [
              -122.81848733921676,
              39.72739141483857
            ],
            [
              -122.81938579614118,
              39.72824883759642
            ],
            [
              -122.82204394336824,
              39.729288984968456
            ],
            [
              -122.82255114969063,
              39.72932598662297
            ],
            [
              -122.82445780973411,
              39.72965325965184
            ],
            [
              -122.82576196917239,
              39.73006974220163
            ],
            [
              -122.82615097301425,
              39.73016447429299
            ],
            [
              -122.82675264258702,
              39.73026043726716
            ],
            [
              -122.82926104250875,
              39.73047593140506
            ],
            [
              -122.82972909894572,
              39.73040454186599
            ],
            [
              -122.83038459553427,
              39.73062173331413
            ],
            [
              -122.83144056410103,
              39.731267524290836
            ],
            [
              -122.83213547590005,
              39.73138563729745
            ],
            [
              -122.83277916476244,
              39.73145450907943
            ],
            [
              -122.83315429949702,
              39.73158094417442
            ],
            [
              -122.83328218271822,
              39.73156304098024
            ],
            [
              -122.83349689957878,
              39.731594881668464
            ],
            [
              -122.83396426099206,
              39.73150547515049
            ],
            [
              -122.83458865832019,
              39.73143885332036
            ],
            [
              -122.83496643192962,
              39.73142114218112
            ],
            [
              -122.83545191096164,
              39.731440003665526
            ],
            [
              -122.83574417546242,
              39.731386384589705
            ],
            [
              -122.83610640292825,
              39.73149501786421
            ],
            [
              -122.83644067722969,
              39.73154954361125
            ],
            [
              -122.83708132463116,
              39.73157748714306
            ],
            [
              -122.83779902470951,
              39.73172716683152
            ],
            [
              -122.8386586072513,
              39.732016705688025
            ],
            [
              -122.84010806832235,
              39.732388136262195
            ],
            [
              -122.84054825512389,
              39.732537406961306
            ],
            [
              -122.84275315552235,
              39.73283779513894
            ],
            [
              -122.84324328430023,
              39.73300965362318
            ],
            [
              -122.84392556320462,
              39.73318628551877
            ],
            [
              -122.84437373690488,
              39.73320490559442
            ],
            [
              -122.84505657029293,
              39.73330043286571
            ],
            [
              -122.84551929589568,
              39.733323580454616
            ],
            [
              -122.84732572593977,
              39.73358280349295
            ],
            [
              -122.84838617131713,
              39.733611217586635
            ],
            [
              -122.8502104362629,
              39.73340185652404
            ],
            [
              -122.85108601115019,
              39.73341651658485
            ],
            [
              -122.85171990496558,
              39.733376788170794
            ],
            [
              -122.85208998792626,
              39.73340879125767
            ],
            [
              -122.85280240943835,
              39.73331960170809
            ],
            [
              -122.8533225130931,
              39.73328873882689
            ],
            [
              -122.85372109770071,
              39.73330275917005
            ],
            [
              -122.8556665723717,
              39.733012385863546
            ],
            [
              -122.85610186784075,
              39.732900293077115
            ],
            [
              -122.85670783030163,
              39.7327929184666
            ],
            [
              -122.85705598445446,
              39.73285193462256
            ],
            [
              -122.8572618507538,
              39.73293778816084
            ],
            [
              -122.85741764692689,
              39.73306862154693
            ],
            [
              -122.85749509261437,
              39.733190358894845
            ],
            [
              -122.85763460414626,
              39.733618510860836
            ],
            [
              -122.85747159185676,
              39.733857351843895
            ],
            [
              -122.85775926035556,
              39.73415053712833
            ],
            [
              -122.85797477725018,
              39.73538204743293
            ],
            [
              -122.8577675556159,
              39.736344296760684
            ],
            [
              -122.85794075168513,
              39.73689413459872
            ],
            [
              -122.85801826051569,
              39.73698433601252
            ],
            [
              -122.85811041620062,
              39.73702949527583
            ],
            [
              -122.85822421305149,
              39.737034152246764
            ],
            [
              -122.8584935407286,
              39.73717420286266
            ],
            [
              -122.85867621284332,
              39.7375888297734
            ],
            [
              -122.85955983784085,
              39.738797407822375
            ],
            [
              -122.86004057979076,
              39.73914413283913
            ],
            [
              -122.86038847650158,
              39.73949208459401
            ],
            [
              -122.86109013070879,
              39.73989389493168
            ],
            [
              -122.86188551996857,
              39.740106598455654
            ],
            [
              -122.86235806303976,
              39.74012016093802
            ],
            [
              -122.8629656260728,
              39.74020249844602
            ],
            [
              -122.86456893521846,
              39.74019094957225
            ],
            [
              -122.86516900805721,
              39.74003825017619
            ],
            [
              -122.86619391180093,
              39.739575566676066
            ],
            [
              -122.86665679662966,
              39.73931920924956
            ],
            [
              -122.8667911365049,
              39.73973397545998
            ],
            [
              -122.86696499248968,
              39.741040639046155
            ],
            [
              -122.86724654708634,
              39.741964512627746
            ],
            [
              -122.86771466427292,
              39.74315038335111
            ],
            [
              -122.86777902148306,
              39.74354192313311
            ],
            [
              -122.86797556089094,
              39.74408259472712
            ],
            [
              -122.86835101023668,
              39.74463297869826
            ],
            [
              -122.86853992751452,
              39.74480748941771
            ],
            [
              -122.86872256237217,
              39.745229574710564
            ],
            [
              -122.86903771689026,
              39.74559903390277
            ],
            [
              -122.87002883259075,
              39.746493988926446
            ],
            [
              -122.87033014492454,
              39.74683595882082
            ],
            [
              -122.87081645467002,
              39.74717923324895
            ],
            [
              -122.87103410155095,
              39.747374701669706
            ],
            [
              -122.87129400528028,
              39.747280629726866
            ],
            [
              -122.87139849220175,
              39.7474113551642
            ],
            [
              -122.87356287948292,
              39.74709832940437
            ],
            [
              -122.87402872070187,
              39.74697736381066
            ],
            [
              -122.87534862226315,
              39.746379575595256
            ],
            [
              -122.87586819166746,
              39.74595671382814
            ],
            [
              -122.87649685179746,
              39.74557915310275
            ],
            [
              -122.87703271966589,
              39.745462383442764
            ],
            [
              -122.87732200429537,
              39.74524851609838
            ],
            [
              -122.87798674375074,
              39.74501719222572
            ],
            [
              -122.87818594316353,
              39.74501850408522
            ],
            [
              -122.87821361025681,
              39.74507897136078
            ],
            [
              -122.87799223673457,
              39.7457512179864
            ],
            [
              -122.87822773434844,
              39.74637819200356
            ],
            [
              -122.8785408548934,
              39.746882888844944
            ],
            [
              -122.87887069213707,
              39.747279882733835
            ],
            [
              -122.87904163694705,
              39.747437611710126
            ],
            [
              -122.87943688256135,
              39.74768585426647
            ],
            [
              -122.8799791922979,
              39.747902767358674
            ],
            [
              -122.88061281853179,
              39.74806083111151
            ],
            [
              -122.88163076285237,
              39.74822426922903
            ],
            [
              -122.88228075817479,
              39.74841445330837
            ],
            [
              -122.88406821496963,
              39.748596694305185
            ],
            [
              -122.88474604367721,
              39.74863300048016
            ],
            [
              -122.88611016128338,
              39.74889549848988
            ],
            [
              -122.88651342366903,
              39.7492858813995
            ],
            [
              -122.88791367460875,
              39.75001476552713
            ],
            [
              -122.88958357942083,
              39.75044378153013
            ],
            [
              -122.89074993894951,
              39.75084144346213
            ],
            [
              -122.89114842465489,
              39.751184566745955
            ],
            [
              -122.89196019520202,
              39.751753025667206
            ],
            [
              -122.89250832610665,
              39.75199315111901
            ],
            [
              -122.89294956181193,
              39.75211289440495
            ],
            [
              -122.89396758955108,
              39.75259873802352
            ],
            [
              -122.8950601847904,
              39.75297784816723
            ],
            [
              -122.89538054322351,
              39.753073504264165
            ],
            [
              -122.89614769444447,
              39.753742573075854
            ],
            [
              -122.89683667927699,
              39.75404010931345
            ],
            [
              -122.89697202956829,
              39.75415494712369
            ],
            [
              -122.89734984560175,
              39.75467485992828
            ],
            [
              -122.89776018293956,
              39.75573104575175
            ],
            [
              -122.89788337593205,
              39.755894541839744
            ],
            [
              -122.89823616149107,
              39.75660211532466
            ],
            [
              -122.89860500913973,
              39.7571517252275
            ],
            [
              -122.90037131952104,
              39.758504989352275
            ],
            [
              -122.90085626732503,
              39.75882942942946
            ],
            [
              -122.90134477040155,
              39.759161344991675
            ],
            [
              -122.90182470224055,
              39.75925327566734
            ],
            [
              -122.90206680527055,
              39.75938434467636
            ],
            [
              -122.90230898260744,
              39.75957567914889
            ],
            [
              -122.90255161654291,
              39.76004102857215
            ],
            [
              -122.90259342154691,
              39.760307318313096
            ],
            [
              -122.90450748353148,
              39.762017836868566
            ],
            [
              -122.90546175430676,
              39.76318545456889
            ],
            [
              -122.9056405577555,
              39.763505252665475
            ],
            [
              -122.90586284307177,
              39.76412768628105
            ],
            [
              -122.90640228749528,
              39.76494340083856
            ],
            [
              -122.90717358757374,
              39.76564665169534
            ],
            [
              -122.90782282002753,
              39.76634996310959
            ],
            [
              -122.90816413385421,
              39.766877481101666
            ],
            [
              -122.90838977618671,
              39.767642923366054
            ],
            [
              -122.9086478819893,
              39.768287836236084
            ],
            [
              -122.9088632636791,
              39.7686169276334
            ],
            [
              -122.9100467434811,
              39.769906327374635
            ],
            [
              -122.91097145187568,
              39.77082630971754
            ],
            [
              -122.91129456650563,
              39.77119152055172
            ],
            [
              -122.91218138695987,
              39.77306608133878
            ],
            [
              -122.91254996328237,
              39.77433689475669
            ],
            [
              -122.91325703986139,
              39.77560336095511
            ],
            [
              -122.91391697389162,
              39.77638283662995
            ],
            [
              -122.91435349786342,
              39.7768110820956
            ],
            [
              -122.9148382903131,
              39.77738842958669
            ],
            [
              -122.91492321446911,
              39.77767654705707
            ],
            [
              -122.91495640542466,
              39.77836184123229
            ],
            [
              -122.9149183373842,
              39.77878062173802
            ],
            [
              -122.91494990054642,
              39.778902236721045
            ],
            [
              -122.91520958098602,
              39.77934370779678
            ],
            [
              -122.91639698091659,
              39.780984179734894
            ],
            [
              -122.91714965189398,
              39.782332429580784
            ],
            [
              -122.91778316845144,
              39.78321072092474
            ],
            [
              -122.9181187915562,
              39.783567470579854
            ],
            [
              -122.91881284650371,
              39.78403636320427
            ],
            [
              -122.91958416692383,
              39.78450092869586
            ],
            [
              -122.92020579238874,
              39.78467242004368
            ],
            [
              -122.92122900651852,
              39.784718352345344
            ],
            [
              -122.92249798510407,
              39.78468289828727
            ],
            [
              -122.92364772255542,
              39.78470194025512
            ],
            [
              -122.92404619138233,
              39.78476527847477
            ],
            [
              -122.92459134287697,
              39.78497703623238
            ],
            [
              -122.92780049975171,
              39.78694322428352
            ],
            [
              -122.92840940623907,
              39.787142696784684
            ],
            [
              -122.9287085873014,
              39.7872735772928
            ],
            [
              -122.92912163336646,
              39.787387766628456
            ],
            [
              -122.9294635950123,
              39.78752950348838
            ],
            [
              -122.92996248658598,
              39.78786820861261
            ],
            [
              -122.93013379182074,
              39.788114444851246
            ],
            [
              -122.93024541502648,
              39.788382499718324
            ],
            [
              -122.93089990066579,
              39.788963883594974
            ],
            [
              -122.93149055510303,
              39.7898206717557
            ],
            [
              -122.9320266889784,
              39.790744079915555
            ],
            [
              -122.93235908901126,
              39.79122179779713
            ],
            [
              -122.93265805126569,
              39.79153735599105
            ],
            [
              -122.93324622420386,
              39.79203278326265
            ],
            [
              -122.933603490736,
              39.79238014544838
            ],
            [
              -122.9345069446778,
              39.79306993667146
            ],
            [
              -122.93546957434698,
              39.793884363372655
            ],
            [
              -122.93569075151143,
              39.79413595058303
            ],
            [
              -122.93608344136415,
              39.79471599677371
            ],
            [
              -122.93622643031735,
              39.795028059097554
            ],
            [
              -122.93630540024569,
              39.79535122093471
            ],
            [
              -122.93635655544645,
              39.79599229234869
            ],
            [
              -122.936328575953,
              39.796233504038014
            ],
            [
              -122.93615312789782,
              39.796665702111234
            ],
            [
              -122.93612845346803,
              39.7970355627833
            ],
            [
              -122.93602564259157,
              39.79738224350115
            ],
            [
              -122.93625630514708,
              39.79753602548495
            ],
            [
              -122.93681224858493,
              39.79761282839373
            ],
            [
              -122.93739183634852,
              39.797806634590195
            ],
            [
              -122.93763625367275,
              39.7979011438051
            ],
            [
              -122.93809126265896,
              39.7981758037219
            ],
            [
              -122.93862040571997,
              39.798379421667995
            ],
            [
              -122.9388547430071,
              39.79840659633645
            ],
            [
              -122.93947956009151,
              39.79856460402004
            ],
            [
              -122.94000934054091,
              39.79884868372429
            ],
            [
              -122.94028691907478,
              39.799024574921994
            ],
            [
              -122.94059933584096,
              39.799380682258516
            ],
            [
              -122.9406690729474,
              39.79952928441273
            ],
            [
              -122.94067760174862,
              39.79976363151354
            ],
            [
              -122.94073837141805,
              39.79989880060574
            ],
            [
              -122.94087733498544,
              39.8000204265406
            ],
            [
              -122.94144148987566,
              39.80025052790296
            ],
            [
              -122.94252669043689,
              39.80087281229955
            ],
            [
              -122.94287369921803,
              39.80102169771063
            ],
            [
              -122.9434292694321,
              39.80140490234751
            ],
            [
              -122.94350158707623,
              39.801549623937724
            ],
            [
              -122.94367244849462,
              39.80189157237328
            ],
            [
              -122.94373320547562,
              39.8021438135483
            ],
            [
              -122.94378532105974,
              39.802747590981575
            ],
            [
              -122.94395888462947,
              39.80339632105525
            ],
            [
              -122.9439677859742,
              39.803662196524044
            ],
            [
              -122.94409784530073,
              39.80452272885491
            ],
            [
              -122.94399362349354,
              39.80500474658272
            ],
            [
              -122.94399368022535,
              39.80559038760435
            ],
            [
              -122.94418482447314,
              39.806022975720026
            ],
            [
              -122.94420231701763,
              39.806257256860675
            ],
            [
              -122.9442631129567,
              39.80645096103373
            ],
            [
              -122.94437577125991,
              39.80662217835406
            ],
            [
              -122.94461878702437,
              39.80718553668278
            ],
            [
              -122.9446361176667,
              39.80742882181152
            ],
            [
              -122.94454938520792,
              39.80900102336925
            ],
            [
              -122.94449743908815,
              39.80922626992949
            ],
            [
              -122.94439326862071,
              39.809428864605266
            ],
            [
              -122.94425441532503,
              39.80959553304182
            ],
            [
              -122.94394196960873,
              39.80987020484345
            ],
            [
              -122.94382901465494,
              39.81010439850348
            ],
            [
              -122.94378567640221,
              39.81028904965681
            ],
            [
              -122.94375969518985,
              39.8105098756543
            ],
            [
              -122.94378575440669,
              39.81076660005195
            ],
            [
              -122.94402865085397,
              39.81187953503716
            ],
            [
              -122.94396807880119,
              39.81244256150648
            ],
            [
              -122.9439853848081,
              39.81257779284407
            ],
            [
              -122.94407213460299,
              39.81283011471283
            ],
            [
              -122.94439336654965,
              39.813294209263816
            ],
            [
              -122.94476664236515,
              39.81401077300658
            ],
            [
              -122.94498356190337,
              39.81458303910508
            ],
            [
              -122.94539143636403,
              39.81486245769255
            ],
            [
              -122.94567819855482,
              39.81518695260103
            ],
            [
              -122.9456952671721,
              39.8157547252405
            ],
            [
              -122.94579112514268,
              39.81603847620436
            ],
            [
              -122.94599936971741,
              39.81625482137573
            ],
            [
              -122.94609488360744,
              39.81641252485056
            ],
            [
              -122.94605137589001,
              39.816601829184904
            ],
            [
              -122.94592981604524,
              39.81687210266352
            ],
            [
              -122.94583418247143,
              39.817263864353215
            ],
            [
              -122.94583451206124,
              39.81753429985119
            ],
            [
              -122.94597329275508,
              39.817903704161054
            ],
            [
              -122.94599937351143,
              39.81814705806192
            ],
            [
              -122.9458865646206,
              39.81852980702315
            ],
            [
              -122.94586914498414,
              39.81880011434376
            ],
            [
              -122.94598209121912,
              39.819624639296435
            ],
            [
              -122.94619896934006,
              39.82054824053606
            ],
            [
              -122.94625988132934,
              39.82115198004614
            ],
            [
              -122.9463466379746,
              39.82135478321759
            ],
            [
              -122.94666776148485,
              39.821683803588705
            ],
            [
              -122.94671979965011,
              39.8218955895774
            ],
            [
              -122.94662439389244,
              39.82209373576764
            ],
            [
              -122.94658105053105,
              39.822291907934826
            ],
            [
              -122.94658956550907,
              39.822674870394195
            ],
            [
              -122.9467634163868,
              39.82312546898464
            ],
            [
              -122.9467892940569,
              39.82360747768476
            ],
            [
              -122.94685885504127,
              39.82380124995429
            ],
            [
              -122.94690212283435,
              39.82421571080843
            ],
            [
              -122.94674583518237,
              39.8254726205426
            ],
            [
              -122.94677214737354,
              39.825576247547424
            ],
            [
              -122.94712801764605,
              39.82590528449196
            ],
            [
              -122.94734502630894,
              39.82619375223122
            ],
            [
              -122.94745788348588,
              39.826522558618116
            ],
            [
              -122.9475011464032,
              39.82684248244006
            ],
            [
              -122.94739721583788,
              39.82760831883329
            ],
            [
              -122.94710197021395,
              39.82841912642799
            ],
            [
              -122.946797934783,
              39.829437109335004
            ],
            [
              -122.94688503708736,
              39.829851647242975
            ],
            [
              -122.94713688918435,
              39.8304914663943
            ],
            [
              -122.94716296663127,
              39.83077071201241
            ],
            [
              -122.94711082886312,
              39.831194246143035
            ],
            [
              -122.94685048214839,
              39.83197353001044
            ],
            [
              -122.94664210952676,
              39.8322392452634
            ],
            [
              -122.94643352044693,
              39.8326805782152
            ],
            [
              -122.94641631884352,
              39.832860807844106
            ],
            [
              -122.94645959337352,
              39.83301849116551
            ],
            [
              -122.94666785996964,
              39.83332489469591
            ],
            [
              -122.94731903969566,
              39.83387933594823
            ],
            [
              -122.94823054163697,
              39.834992463276315
            ],
            [
              -122.94926366181888,
              39.83557418978135
            ],
            [
              -122.94996680374337,
              39.836105961501765
            ],
            [
              -122.95101707606347,
              39.83721476811713
            ],
            [
              -122.9515208480991,
              39.8375708106469
            ],
            [
              -122.95189170629237,
              39.837695776476316
            ],
            [
              -122.95295300234208,
              39.83805341782788
            ],
            [
              -122.95403833074033,
              39.83836482728037
            ],
            [
              -122.95487166994393,
              39.838432761723205
            ],
            [
              -122.955678844017,
              39.83858619343221
            ],
            [
              -122.95594785525462,
              39.83870791245269
            ],
            [
              -122.95615636818347,
              39.83887471993391
            ],
            [
              -122.95625194018949,
              39.83906391823647
            ],
            [
              -122.9563211728492,
              39.83932073403507
            ],
            [
              -122.95639059349787,
              39.839852382887265
            ],
            [
              -122.95652070401495,
              39.840140804918015
            ],
            [
              -122.95727617649116,
              39.84106006066783
            ],
            [
              -122.95740647628337,
              39.841267309829206
            ],
            [
              -122.95745856056634,
              39.84153763202765
            ],
            [
              -122.95731104572339,
              39.8421953317982
            ],
            [
              -122.95746729925591,
              39.842375620931186
            ],
            [
              -122.95779700295245,
              39.84254696567776
            ],
            [
              -122.95810074004653,
              39.842646175775464
            ],
            [
              -122.95843080145997,
              39.842903086061426
            ],
            [
              -122.95891695801966,
              39.843556531747566
            ],
            [
              -122.95958549132364,
              39.84420998093609
            ],
            [
              -122.95969824647857,
              39.8443676694523
            ],
            [
              -122.9596980566166,
              39.84459745627144
            ],
            [
              -122.95985431858185,
              39.844791261488815
            ],
            [
              -122.9600456815041,
              39.844930885156764
            ],
            [
              -122.96010615980269,
              39.84509307639849
            ],
            [
              -122.95997317040249,
              39.84524330240185
            ],
            [
              -122.95971541232191,
              39.84553444545171
            ],
            [
              -122.95914279390134,
              39.84599833313588
            ],
            [
              -122.95872608675008,
              39.84641712163878
            ],
            [
              -122.9585348891566,
              39.846696371242935
            ],
            [
              -122.95815304568204,
              39.84799363164438
            ],
            [
              -122.95800538061987,
              39.84824595883368
            ],
            [
              -122.95760618398306,
              39.84865572845653
            ],
            [
              -122.95764109656304,
              39.849106284886766
            ],
            [
              -122.95781471480824,
              39.84942615928701
            ],
            [
              -122.95790134198785,
              39.85004786133056
            ],
            [
              -122.95783206221328,
              39.850394836552276
            ],
            [
              -122.9576755916708,
              39.85061093151144
            ],
            [
              -122.95725041687854,
              39.85106577229586
            ],
            [
              -122.95686839489501,
              39.85138551203929
            ],
            [
              -122.9561999199276,
              39.852101592945225
            ],
            [
              -122.95567051452312,
              39.85323660599472
            ],
            [
              -122.95527969414674,
              39.85371398279871
            ],
            [
              -122.95477643596513,
              39.85406067597273
            ],
            [
              -122.95401254768792,
              39.85447933363895
            ],
            [
              -122.95404726771439,
              39.854560517310205
            ],
            [
              -122.95420354044347,
              39.854668643896744
            ],
            [
              -122.954394553059,
              39.85476789546537
            ],
            [
              -122.95452450820476,
              39.854799394787
            ],
            [
              -122.95464626271163,
              39.854907629909576
            ],
            [
              -122.9548113257206,
              39.85498430211175
            ],
            [
              -122.9550193225754,
              39.855164497980304
            ],
            [
              -122.9553751697169,
              39.85564224793853
            ],
            [
              -122.95549672148601,
              39.85588558351064
            ],
            [
              -122.95535810574958,
              39.856773003452254
            ],
            [
              -122.95557503357398,
              39.85746684875129
            ],
            [
              -122.95573990435574,
              39.8577597896231
            ],
            [
              -122.95594826364487,
              39.858323004394215
            ],
            [
              -122.95587016612555,
              39.85869226815441
            ],
            [
              -122.95577458788573,
              39.85893109692996
            ],
            [
              -122.95515863247572,
              39.86024183205462
            ],
            [
              -122.95491547927567,
              39.860548089452664
            ],
            [
              -122.95360469035421,
              39.861421546816615
            ],
            [
              -122.95337033208553,
              39.861628660650524
            ],
            [
              -122.9531531308795,
              39.861880825124395
            ],
            [
              -122.95296223252966,
              39.862205098562505
            ],
            [
              -122.95270022072334,
              39.8629397240458
            ],
            [
              -122.95231970725011,
              39.86343019846102
            ],
            [
              -122.95214640330471,
              39.86358785676063
            ],
            [
              -122.95193795224574,
              39.86390314351706
            ],
            [
              -122.9519119796089,
              39.8640743109512
            ],
            [
              -122.95194649352995,
              39.86426344909925
            ],
            [
              -122.95206806038117,
              39.86444373159093
            ],
            [
              -122.95219816972671,
              39.86476818307471
            ],
            [
              -122.95212903766765,
              39.865033966548545
            ],
            [
              -122.95156458613383,
              39.865939174566776
            ],
            [
              -122.95120893251968,
              39.86662832971085
            ],
            [
              -122.95093113418064,
              39.867380483314086
            ],
            [
              -122.95085305006569,
              39.86769585356897
            ],
            [
              -122.95075729579986,
              39.86861939086296
            ],
            [
              -122.95076621450725,
              39.86895716916809
            ],
            [
              -122.95086179501135,
              39.86930412132939
            ],
            [
              -122.95151288327777,
              39.87042619399835
            ],
            [
              -122.95188599252351,
              39.87089934112568
            ],
            [
              -122.9522679054473,
              39.87124647427323
            ],
            [
              -122.95272823399985,
              39.87160255247311
            ],
            [
              -122.9531446788906,
              39.872102801969504
            ],
            [
              -122.95341394977571,
              39.872364123579686
            ],
            [
              -122.95346585489432,
              39.87264345767098
            ],
            [
              -122.95337916061906,
              39.872963260750204
            ],
            [
              -122.95330967333746,
              39.873075937841314
            ],
            [
              -122.95262416893995,
              39.87361625939235
            ],
            [
              -122.95233724232963,
              39.87398095828708
            ],
            [
              -122.95217246215897,
              39.87447655366928
            ],
            [
              -122.95213787227337,
              39.87488193847481
            ],
            [
              -122.95111340039044,
              39.87663402943575
            ],
            [
              -122.95104424675381,
              39.876877147538906
            ],
            [
              -122.95092280039901,
              39.877111393195804
            ],
            [
              -122.95073153554748,
              39.87731409499888
            ],
            [
              -122.95029738844434,
              39.87767881239113
            ],
            [
              -122.95015876251964,
              39.87789487791543
            ],
            [
              -122.9500197536859,
              39.878169639403474
            ],
            [
              -122.9498809260122,
              39.87859764276133
            ],
            [
              -122.94989839528849,
              39.87914276225799
            ],
            [
              -122.94969016768735,
              39.880106715581555
            ],
            [
              -122.94970745787751,
              39.880895145782056
            ],
            [
              -122.94988100523821,
              39.881971959850404
            ],
            [
              -122.94988093485473,
              39.88251242869319
            ],
            [
              -122.94993301098698,
              39.88278726164931
            ],
            [
              -122.95003736631013,
              39.88315230364114
            ],
            [
              -122.95017630764747,
              39.88345867848211
            ],
            [
              -122.95028032483216,
              39.883562310694046
            ],
            [
              -122.95041944606118,
              39.88394536907978
            ],
            [
              -122.95029777008637,
              39.88440476000912
            ],
            [
              -122.95052352518474,
              39.88505352443211
            ],
            [
              -122.95048861418461,
              39.88517523941534
            ],
            [
              -122.95034957753762,
              39.885341794914545
            ],
            [
              -122.9498114196553,
              39.88665262782617
            ],
            [
              -122.9498290721362,
              39.887166096741986
            ],
            [
              -122.94991570532011,
              39.887571660653904
            ],
            [
              -122.94984648945376,
              39.88817981527206
            ],
            [
              -122.94944706623089,
              39.88961226231689
            ],
            [
              -122.94873531006692,
              39.89087785780097
            ],
            [
              -122.94811025643277,
              39.89178299764051
            ],
            [
              -122.94798859467706,
              39.89214795655727
            ],
            [
              -122.94797149832567,
              39.89260737083654
            ],
            [
              -122.94800604092556,
              39.89276512200051
            ],
            [
              -122.94814516689144,
              39.893012975382625
            ],
            [
              -122.9481621640502,
              39.893134572858706
            ],
            [
              -122.94802360449432,
              39.89379669379346
            ],
            [
              -122.94784997248497,
              39.89417951438111
            ],
            [
              -122.94776335395744,
              39.89480131039069
            ],
            [
              -122.94778036067186,
              39.89592295699162
            ],
            [
              -122.94774590120225,
              39.89656726086822
            ],
            [
              -122.9478151623428,
              39.896878149096636
            ],
            [
              -122.94807570317779,
              39.89736469103617
            ],
            [
              -122.94809323110836,
              39.89755394587285
            ],
            [
              -122.94802364131534,
              39.89795482372193
            ],
            [
              -122.94791936286742,
              39.89818908190911
            ],
            [
              -122.94784999433419,
              39.898508894681925
            ],
            [
              -122.94778058072689,
              39.89904049695054
            ],
            [
              -122.94776330372714,
              39.89954058577453
            ],
            [
              -122.9475895977214,
              39.90022973958962
            ],
            [
              -122.94758950873369,
              39.900851422357505
            ],
            [
              -122.94764160966686,
              39.90109473883524
            ],
            [
              -122.94797142207291,
              39.90188780069835
            ],
            [
              -122.94809303056897,
              39.9021039831877
            ],
            [
              -122.94856189790877,
              39.902721470864684
            ],
            [
              -122.94929104837904,
              39.903492172299806
            ],
            [
              -122.9498117599046,
              39.90377168811765
            ],
            [
              -122.95021121634352,
              39.90415023430001
            ],
            [
              -122.9506976597979,
              39.90487128031752
            ],
            [
              -122.95133977731322,
              39.905664473429056
            ],
            [
              -122.95132256932351,
              39.90578604265152
            ],
            [
              -122.95116526264077,
              39.906035832080285
            ],
            [
              -122.95045447079293,
              39.90695702445421
            ],
            [
              -122.9497771921844,
              39.907686535946716
            ],
            [
              -122.94892666747903,
              39.90832575840859
            ],
            [
              -122.94857930393735,
              39.90843833467228
            ],
            [
              -122.94809325350026,
              39.90847418259869
            ],
            [
              -122.94687788178915,
              39.90865831489878
            ],
            [
              -122.94644375861932,
              39.908838269507676
            ],
            [
              -122.94623576070981,
              39.9088831927118
            ],
            [
              -122.94606197563131,
              39.90887410568729
            ],
            [
              -122.94557574883197,
              39.90897748884411
            ],
            [
              -122.94515921566862,
              39.908995321917835
            ],
            [
              -122.9443779737663,
              39.90888228758383
            ],
            [
              -122.94396127746315,
              39.908855099332456
            ],
            [
              -122.94357915109437,
              39.90887295334643
            ],
            [
              -122.94000270276358,
              39.909758565625076
            ],
            [
              -122.93949939188936,
              39.90991607721161
            ],
            [
              -122.93784982150262,
              39.910280049444545
            ],
            [
              -122.93734652475129,
              39.910486907164184
            ],
            [
              -122.9369123319042,
              39.91075701906596
            ],
            [
              -122.93606174663445,
              39.91119352915711
            ],
            [
              -122.93524563425852,
              39.91086427716063
            ],
            [
              -122.93488121545019,
              39.9109226455675
            ],
            [
              -122.93462073237806,
              39.910931524365374
            ],
            [
              -122.93364836472884,
              39.911115638608685
            ],
            [
              -122.93316249566031,
              39.91116490514615
            ],
            [
              -122.93267604607101,
              39.911277242599134
            ],
            [
              -122.93205111045924,
              39.91137597929986
            ],
            [
              -122.9314609600414,
              39.911416193294194
            ],
            [
              -122.93069692627299,
              39.91163643808934
            ],
            [
              -122.92897822653629,
              39.91221650822589
            ],
            [
              -122.92807533802058,
              39.912450162828875
            ],
            [
              -122.927103075744,
              39.91276496955091
            ],
            [
              -122.92680808518254,
              39.912999074251275
            ],
            [
              -122.92626960779536,
              39.91357078163036
            ],
            [
              -122.92590536536513,
              39.91403014019367
            ],
            [
              -122.92564477253873,
              39.914214623244774
            ],
            [
              -122.92495051578169,
              39.914601602755816
            ],
            [
              -122.92458589329753,
              39.91498427752011
            ],
            [
              -122.92439486895785,
              39.915047204137196
            ],
            [
              -122.9242388190426,
              39.91505610879865
            ],
            [
              -122.92265875419169,
              39.915010029016265
            ],
            [
              -122.9224675574309,
              39.91505493721112
            ],
            [
              -122.92198173076659,
              39.91534296687667
            ],
            [
              -122.92128697471564,
              39.91589653903299
            ],
            [
              -122.92082379861031,
              39.916097821225605
            ],
            [
              -122.92061027036456,
              39.91621146060208
            ],
            [
              -122.92015860926485,
              39.9172067451329
            ],
            [
              -122.92015867723752,
              39.918405086651106
            ],
            [
              -122.92045385469933,
              39.9192747397441
            ],
            [
              -122.92071423491046,
              39.92054992863813
            ],
            [
              -122.9208185782901,
              39.9207841440587
            ],
            [
              -122.92139147646266,
              39.922703728146715
            ],
            [
              -122.92116585246619,
              39.92311799377954
            ],
            [
              -122.92099207980932,
              39.92405490734205
            ],
            [
              -122.92095728650867,
              39.92445594390849
            ],
            [
              -122.92102694827143,
              39.925591131802
            ],
            [
              -122.92114854100912,
              39.9260868227786
            ],
            [
              -122.92128741128947,
              39.927114116445445
            ],
            [
              -122.92121785005052,
              39.92751948238372
            ],
            [
              -122.92099236110819,
              39.927987785886216
            ],
            [
              -122.920887998813,
              39.92810946196909
            ],
            [
              -122.9207492952058,
              39.92845621052509
            ],
            [
              -122.9205928834437,
              39.92906432218776
            ],
            [
              -122.92001984635917,
              39.92963597494051
            ],
            [
              -122.91923880019255,
              39.93016695913331
            ],
            [
              -122.91901295048658,
              39.93024350193055
            ],
            [
              -122.9184226556888,
              39.930247503679134
            ],
            [
              -122.91812774675866,
              39.930148231897455
            ],
            [
              -122.9179541858383,
              39.93001288745055
            ],
            [
              -122.91774581253401,
              39.929931706570095
            ],
            [
              -122.91755461763688,
              39.92992258453163
            ],
            [
              -122.917207464378,
              39.9299763955541
            ],
            [
              -122.91684283887218,
              39.93020129840955
            ],
            [
              -122.91658251965748,
              39.9304084049208
            ],
            [
              -122.91639161799385,
              39.93050733657451
            ],
            [
              -122.91606145785482,
              39.930628707733426
            ],
            [
              -122.9155406817129,
              39.93064637752274
            ],
            [
              -122.91534978810752,
              39.930704786227686
            ],
            [
              -122.91501989046962,
              39.93099289908408
            ],
            [
              -122.91385688824022,
              39.93152810509803
            ],
            [
              -122.91350934211651,
              39.931626936215366
            ],
            [
              -122.91300614831613,
              39.93189689692903
            ],
            [
              -122.91278020495442,
              39.93209501211288
            ],
            [
              -122.91255459206083,
              39.932374050644576
            ],
            [
              -122.91180824554833,
              39.933112287064176
            ],
            [
              -122.91123524426592,
              39.93377858801921
            ],
            [
              -122.91021105633888,
              39.93594927234253
            ],
            [
              -122.91005464516745,
              39.93638158259698
            ],
            [
              -122.91045395426421,
              39.936354853649554
            ],
            [
              -122.91142623714188,
              39.93605383047155
            ],
            [
              -122.9122421068934,
              39.935923818316375
            ],
            [
              -122.9128500360851,
              39.93587922280734
            ],
            [
              -122.91328401516391,
              39.93600109762817
            ],
            [
              -122.91349234773915,
              39.936140957656136
            ],
            [
              -122.91382207835018,
              39.93649706093397
            ],
            [
              -122.91420397858693,
              39.93679016135261
            ],
            [
              -122.91444709507155,
              39.93693006435831
            ],
            [
              -122.91496795678958,
              39.93714669118622
            ],
            [
              -122.91524586892618,
              39.93720540963408
            ],
            [
              -122.91668690603979,
              39.93735509230703
            ],
            [
              -122.91739849533909,
              39.93750430179525
            ],
            [
              -122.91797161695766,
              39.93786068325022
            ],
            [
              -122.91837090954839,
              39.93818080443086
            ],
            [
              -122.91863125431442,
              39.93863140428437
            ],
            [
              -122.91870087834133,
              39.93949191852372
            ],
            [
              -122.91861409518708,
              39.93980270707131
            ],
            [
              -122.91883948391906,
              39.93997861877556
            ],
            [
              -122.91899585547147,
              39.94018600695534
            ],
            [
              -122.91916944534049,
              39.94028968247375
            ],
            [
              -122.91967297552138,
              39.94047925662991
            ],
            [
              -122.92035019076275,
              39.94096629154563
            ],
            [
              -122.92172183792654,
              39.941615845062856
            ],
            [
              -122.92192989337377,
              39.941679174481415
            ],
            [
              -122.92257258158654,
              39.9421299995181
            ],
            [
              -122.92286760153388,
              39.942450164213156
            ],
            [
              -122.92314521835763,
              39.9428602499403
            ],
            [
              -122.92342326899033,
              39.943455078904314
            ],
            [
              -122.9237532076652,
              39.943847194028486
            ],
            [
              -122.92404809397765,
              39.944117689883626
            ],
            [
              -122.92434340443036,
              39.94426659183523
            ],
            [
              -122.92503785073205,
              39.94446528313758
            ],
            [
              -122.92647900044241,
              39.944713934870826
            ],
            [
              -122.92687799880504,
              39.945079189841465
            ],
            [
              -122.92699968380703,
              39.94552521106006
            ],
            [
              -122.92699970072724,
              39.945863069531065
            ],
            [
              -122.92689566210078,
              39.946435167396444
            ],
            [
              -122.92686099730749,
              39.94700729658972
            ],
            [
              -122.9269128121385,
              39.94774609940313
            ],
            [
              -122.92689575215981,
              39.948674133153936
            ],
            [
              -122.92694774115023,
              39.94906605382769
            ],
            [
              -122.92693021062779,
              39.94934988264232
            ],
            [
              -122.92679145998127,
              39.94980924521917
            ],
            [
              -122.9266525436317,
              39.95095799868247
            ],
            [
              -122.92653123440037,
              39.95126876690328
            ],
            [
              -122.92656568368872,
              39.95158415575692
            ],
            [
              -122.92679141391362,
              39.951868111891535
            ],
            [
              -122.92682626221074,
              39.95213845069493
            ],
            [
              -122.92677421922498,
              39.95227799912128
            ],
            [
              -122.92660039412527,
              39.952530236863524
            ],
            [
              -122.92656587533665,
              39.952755503498466
            ],
            [
              -122.92660073723924,
              39.9530076746766
            ],
            [
              -122.92680897270411,
              39.953561940253074
            ],
            [
              -122.92698265582779,
              39.95438653273745
            ],
            [
              -122.92750344832861,
              39.95591403705832
            ],
            [
              -122.92748590460481,
              39.956242908378094
            ],
            [
              -122.92743387518243,
              39.95633745319367
            ],
            [
              -122.92670492131957,
              39.95685950510204
            ],
            [
              -122.92651376007657,
              39.95704416935105
            ],
            [
              -122.92602758618122,
              39.958246616403834
            ],
            [
              -122.92573269036576,
              39.95863832496917
            ],
            [
              -122.92564582195025,
              39.958841059800584
            ],
            [
              -122.92491669155692,
              39.959682983941605
            ],
            [
              -122.92489913307953,
              39.960002836537036
            ],
            [
              -122.92503830212206,
              39.96064261243613
            ],
            [
              -122.92535057704286,
              39.96144477780845
            ],
            [
              -122.92554155978326,
              39.96210261725614
            ],
            [
              -122.92568074914152,
              39.96279643486704
            ],
            [
              -122.92585444916902,
              39.963233463711504
            ],
            [
              -122.92604506203587,
              39.96351742758065
            ],
            [
              -122.92621880163277,
              39.96386453925393
            ],
            [
              -122.9263231858807,
              39.96417544917087
            ],
            [
              -122.92637523280519,
              39.96442763880797
            ],
            [
              -122.92637527763304,
              39.96512588453118
            ],
            [
              -122.92623628756964,
              39.96560342391052
            ],
            [
              -122.92627109395733,
              39.96594130963557
            ],
            [
              -122.92654887326569,
              39.96664423378199
            ],
            [
              -122.92679185503293,
              39.96692820865104
            ],
            [
              -122.92686140533863,
              39.96735618211302
            ],
            [
              -122.92677434863177,
              39.967612946763836
            ],
            [
              -122.92637508638845,
              39.967946084946725
            ],
            [
              -122.92625379948797,
              39.968126121551094
            ],
            [
              -122.92613212688043,
              39.96838737774679
            ],
            [
              -122.9260974331264,
              39.96856310901709
            ],
            [
              -122.92614948264008,
              39.96884696848041
            ],
            [
              -122.9262187962899,
              39.96896860576302
            ],
            [
              -122.92641002807413,
              39.9691534726617
            ],
            [
              -122.92689613160688,
              39.96947362023245
            ],
            [
              -122.92719115382053,
              39.969726111016044
            ],
            [
              -122.92726080736898,
              39.969915264701356
            ],
            [
              -122.9272608373451,
              39.97030717051923
            ],
            [
              -122.9272257771382,
              39.97049643082316
            ],
            [
              -122.9269656728689,
              39.971158506714616
            ],
            [
              -122.92700023059557,
              39.97128460238207
            ],
            [
              -122.92713910648047,
              39.97145145544382
            ],
            [
              -122.92764285554206,
              39.9716680409435
            ],
            [
              -122.92800714345324,
              39.97178082936673
            ],
            [
              -122.92913573238813,
              39.97246622024753
            ],
            [
              -122.92950031572389,
              39.97278192320147
            ],
            [
              -122.93022952258346,
              39.97327329505174
            ],
            [
              -122.93055936072025,
              39.97344925567953
            ],
            [
              -122.93127131404383,
              39.97371545613099
            ],
            [
              -122.93175749129291,
              39.97398604315852
            ],
            [
              -122.93255605265286,
              39.97509017610994
            ],
            [
              -122.93290326684868,
              39.97539219169453
            ],
            [
              -122.93349359895768,
              39.97579355687951
            ],
            [
              -122.93397954478876,
              39.97625327158909
            ],
            [
              -122.93448314513583,
              39.97660957035243
            ],
            [
              -122.93495212778619,
              39.97687550143066
            ],
            [
              -122.93542077886568,
              39.97709202584461
            ],
            [
              -122.93498669135654,
              39.97749271815256
            ],
            [
              -122.93443102397094,
              39.9779428929605
            ],
            [
              -122.93429250085346,
              39.97823115724306
            ],
            [
              -122.93391021226662,
              39.97866338918695
            ],
            [
              -122.93391050521078,
              39.97885716060007
            ],
            [
              -122.9340839532745,
              39.979204125938224
            ],
            [
              -122.93410126567903,
              39.97944744035035
            ],
            [
              -122.93437904517067,
              39.979916055024816
            ],
            [
              -122.93451798176645,
              39.980019838139256
            ],
            [
              -122.93512564435038,
              39.98028134452812
            ],
            [
              -122.93627177988542,
              39.98056590304663
            ],
            [
              -122.93663610454577,
              39.980687668125604
            ],
            [
              -122.936757484378,
              39.98075529133998
            ],
            [
              -122.93693119436607,
              39.98097616009076
            ],
            [
              -122.93724390918608,
              39.9816070429791
            ],
            [
              -122.93731323512161,
              39.981832371073
            ],
            [
              -122.93731335952158,
              39.98204852043266
            ],
            [
              -122.93726096786736,
              39.9821205402266
            ],
            [
              -122.93663618625058,
              39.982674389096736
            ],
            [
              -122.93623702250379,
              39.98319669042818
            ],
            [
              -122.93613261779072,
              39.983282342883925
            ],
            [
              -122.93599375173814,
              39.983507408504934
            ],
            [
              -122.93575085148046,
              39.984921843706864
            ],
            [
              -122.93550789030128,
              39.98532261879122
            ],
            [
              -122.93519024802869,
              39.98622162682907
            ],
            [
              -122.93552506695798,
              39.986539058453
            ],
            [
              -122.93597669699966,
              39.98687715178669
            ],
            [
              -122.93668815769578,
              39.98732796984716
            ],
            [
              -122.93748682163286,
              39.98771143151388
            ],
            [
              -122.93821643098025,
              39.98818925487846
            ],
            [
              -122.93826823649002,
              39.98829300786999
            ],
            [
              -122.93828558084114,
              39.988464130295796
            ],
            [
              -122.93807741856874,
              39.98890997282787
            ],
            [
              -122.93806005830852,
              39.98932452521659
            ],
            [
              -122.9382856597175,
              39.99000940713298
            ],
            [
              -122.93833773019169,
              39.9903743311143
            ],
            [
              -122.93880655800488,
              39.99096460665903
            ],
            [
              -122.93915380810559,
              39.991487429840134
            ],
            [
              -122.9396051434369,
              39.99180751711966
            ],
            [
              -122.93990051601006,
              39.99192023879046
            ],
            [
              -122.94021273476969,
              39.99197456791328
            ],
            [
              -122.94121978603273,
              39.992006555797154
            ],
            [
              -122.94153219100158,
              39.99208328755667
            ],
            [
              -122.94198373236654,
              39.99231779642866
            ],
            [
              -122.94257396638837,
              39.993092876053396
            ],
            [
              -122.94278229648927,
              39.993439869044295
            ],
            [
              -122.94283443530122,
              39.99371022452712
            ],
            [
              -122.94314692311619,
              39.99435008848908
            ],
            [
              -122.94356379741346,
              39.994899940385565
            ],
            [
              -122.94398056997959,
              39.99519296807607
            ],
            [
              -122.94432776478205,
              39.995382280131984
            ],
            [
              -122.94490041022448,
              39.995576316591716
            ],
            [
              -122.94576864510378,
              39.99577496713434
            ],
            [
              -122.94654993677521,
              39.99573028012868
            ],
            [
              -122.94693182096712,
              39.995635868003085
            ],
            [
              -122.94804296394817,
              39.9955237688843
            ],
            [
              -122.94854659514029,
              39.99556451990812
            ],
            [
              -122.94870281756089,
              39.995609608868314
            ],
            [
              -122.94906744432019,
              39.995817046773944
            ],
            [
              -122.94924120407727,
              39.99595670677436
            ],
            [
              -122.94979643702095,
              39.99654713007679
            ],
            [
              -122.95024801433615,
              39.99683567177214
            ],
            [
              -122.95115069575435,
              39.99730899104463
            ],
            [
              -122.95175849975085,
              39.99771930723156
            ],
            [
              -122.95191761542185,
              39.99792029312891
            ],
            [
              -122.95201889718219,
              39.99804829314224
            ],
            [
              -122.95212308844765,
              39.99831852586101
            ],
            [
              -122.95207084254308,
              39.998723922509974
            ],
            [
              -122.95189749305753,
              39.999435636188714
            ],
            [
              -122.95173242922202,
              39.999881600113035
            ],
            [
              -122.95159358891743,
              40.00005716101635
            ],
            [
              -122.95131590604456,
              40.00026433825798
            ],
            [
              -122.95115945920809,
              40.000480566743086
            ],
            [
              -122.95083833322482,
              40.00112463583223
            ],
            [
              -122.95059542490144,
              40.00145789915828
            ],
            [
              -122.95056076437699,
              40.0016695353456
            ],
            [
              -122.95060397060031,
              40.00183173955751
            ],
            [
              -122.95074277575672,
              40.002039078979394
            ],
            [
              -122.95095139330552,
              40.00223279593109
            ],
            [
              -122.9510207716122,
              40.00246262029616
            ],
            [
              -122.95096016571058,
              40.00389060296462
            ],
            [
              -122.95083847196301,
              40.00444924243293
            ],
            [
              -122.95033496342597,
              40.00578242543395
            ],
            [
              -122.95017005817964,
              40.00640414716091
            ],
            [
              -122.949423744398,
              40.00818765850072
            ],
            [
              -122.94930225454063,
              40.00856152906738
            ],
            [
              -122.94925002582063,
              40.008881378423844
            ],
            [
              -122.94926736118255,
              40.009174221360325
            ],
            [
              -122.94960614765795,
              40.0100483290459
            ],
            [
              -122.94978829793915,
              40.01086835656799
            ],
            [
              -122.9496667994693,
              40.01132327588007
            ],
            [
              -122.94947565557254,
              40.01172861985969
            ],
            [
              -122.94939794281686,
              40.0119943342553
            ],
            [
              -122.94935416793716,
              40.012188039388846
            ],
            [
              -122.94937173658747,
              40.012372807805924
            ],
            [
              -122.94944112946861,
              40.01256198150409
            ],
            [
              -122.94976237551495,
              40.01295409805908
            ],
            [
              -122.94989258671808,
              40.01317939011216
            ],
            [
              -122.94995335359557,
              40.013701998756055
            ],
            [
              -122.95037882028541,
              40.01419323621625
            ],
            [
              -122.95121210630238,
              40.01474761306105
            ],
            [
              -122.951324930551,
              40.014909850351856
            ],
            [
              -122.95147275766367,
              40.01504055756265
            ],
            [
              -122.95168982981109,
              40.01516230375367
            ],
            [
              -122.95188930829971,
              40.015153307325605
            ],
            [
              -122.95203696951152,
              40.015067878037996
            ],
            [
              -122.95208908182713,
              40.01445517576484
            ],
            [
              -122.95223637078615,
              40.01436060637533
            ],
            [
              -122.95246222618226,
              40.01428863334463
            ],
            [
              -122.9526965598536,
              40.01434284285981
            ],
            [
              -122.95310451634653,
              40.01437458027104
            ],
            [
              -122.9534518144631,
              40.01452332707212
            ],
            [
              -122.95373814286296,
              40.01457304362486
            ],
            [
              -122.95401603595923,
              40.01471725294489
            ],
            [
              -122.95457162519783,
              40.01510487244586
            ],
            [
              -122.95517941476838,
              40.015812387709786
            ],
            [
              -122.9552922384388,
              40.01636654423703
            ],
            [
              -122.9552227381391,
              40.017812630837554
            ],
            [
              -122.95524032053697,
              40.018033422614685
            ],
            [
              -122.95537916080272,
              40.01838487150361
            ],
            [
              -122.95575251048145,
              40.01880387473386
            ],
            [
              -122.95590836971611,
              40.019385148468984
            ],
            [
              -122.95623850336239,
              40.01987625538028
            ],
            [
              -122.956299122491,
              40.020024965345385
            ],
            [
              -122.95618643473301,
              40.02041239534832
            ],
            [
              -122.95603875441805,
              40.0206826143231
            ],
            [
              -122.9556368493235,
              40.021235582907686
            ],
            [
              -122.9552925012315,
              40.02170936977307
            ],
            [
              -122.95524025752816,
              40.02197519928442
            ],
            [
              -122.95521421821807,
              40.022668883825006
            ],
            [
              -122.9551537448727,
              40.02289409125606
            ],
            [
              -122.95501487327779,
              40.02304728462718
            ],
            [
              -122.95458942328281,
              40.0233354055716
            ],
            [
              -122.95434609969234,
              40.02343439859485
            ],
            [
              -122.95390362409846,
              40.023731520256426
            ],
            [
              -122.95366029398579,
              40.02383514181103
            ],
            [
              -122.95324365555103,
              40.02416371885732
            ],
            [
              -122.95284456076828,
              40.0245554738383
            ],
            [
              -122.95204587345856,
              40.02509132757333
            ],
            [
              -122.95139500438248,
              40.02582080179857
            ],
            [
              -122.95127314477043,
              40.02614516175578
            ],
            [
              -122.95113458976088,
              40.026388263794225
            ],
            [
              -122.95089986857231,
              40.02670812895175
            ],
            [
              -122.95055279807198,
              40.0270728828849
            ],
            [
              -122.95046589659148,
              40.027316021851966
            ],
            [
              -122.95044884169721,
              40.027545814912266
            ],
            [
              -122.95052698371086,
              40.02835214439437
            ],
            [
              -122.95066559929708,
              40.02923077258021
            ],
            [
              -122.95061366908384,
              40.02972173671085
            ],
            [
              -122.95048335132466,
              40.02992891291469
            ],
            [
              -122.94982364583412,
              40.030698986381964
            ],
            [
              -122.94977174844814,
              40.03103683524019
            ],
            [
              -122.94983251957804,
              40.031541429587904
            ],
            [
              -122.94980663477305,
              40.031933291867624
            ],
            [
              -122.94983242553505,
              40.03212701523327
            ],
            [
              -122.94998024630071,
              40.03253708112867
            ],
            [
              -122.95060516623458,
              40.03342478182362
            ],
            [
              -122.95063990737502,
              40.03392929823616
            ],
            [
              -122.95082216170034,
              40.03463224591962
            ],
            [
              -122.95083972419647,
              40.03484389226231
            ],
            [
              -122.95100461815028,
              40.03520442973211
            ],
            [
              -122.95147325654655,
              40.035992995558054
            ],
            [
              -122.95177705254069,
              40.036294911144
            ],
            [
              -122.95230696125954,
              40.036641939084674
            ],
            [
              -122.95284511705397,
              40.03710628327375
            ],
            [
              -122.95357404469739,
              40.03757504287562
            ],
            [
              -122.95373033164326,
              40.0378182865502
            ],
            [
              -122.95368703392627,
              40.03843106512629
            ],
            [
              -122.95340914011766,
              40.03934091442469
            ],
            [
              -122.95317469505622,
              40.0402958743644
            ],
            [
              -122.9530969267362,
              40.04117868984533
            ],
            [
              -122.95309664877793,
              40.042016618412774
            ],
            [
              -122.95317489330883,
              40.042336582750416
            ],
            [
              -122.95373047738818,
              40.043116148135034
            ],
            [
              -122.95382594508224,
              40.04335494587388
            ],
            [
              -122.9538957323498,
              40.04368835643236
            ],
            [
              -122.95407785800829,
              40.044116304561236
            ],
            [
              -122.9541993498981,
              40.04470206645404
            ],
            [
              -122.95419931803386,
              40.04491372942479
            ],
            [
              -122.9540693404812,
              40.04543626601251
            ],
            [
              -122.95390418969139,
              40.04558938749185
            ],
            [
              -122.95339196395022,
              40.04588649938003
            ],
            [
              -122.952853820514,
              40.04629623034785
            ],
            [
              -122.95265440774143,
              40.04653038937989
            ],
            [
              -122.95221172245839,
              40.04736366736503
            ],
            [
              -122.95182975509908,
              40.04765623676362
            ],
            [
              -122.9515518945074,
              40.04778235320229
            ],
            [
              -122.95068400331385,
              40.048426120047374
            ],
            [
              -122.94927763434377,
              40.04922739812719
            ],
            [
              -122.94898233026069,
              40.04944794236265
            ],
            [
              -122.94893043953769,
              40.04957415061058
            ],
            [
              -122.94891320037564,
              40.0498263256411
            ],
            [
              -122.94894781984857,
              40.049961571317795
            ],
            [
              -122.94913584266524,
              40.05032493866401
            ],
            [
              -122.94934685825446,
              40.05083118911883
            ],
            [
              -122.94948595345839,
              40.051065407420396
            ],
            [
              -122.9500676005047,
              40.05169197461702
            ],
            [
              -122.95056257947988,
              40.0523498844178
            ],
            [
              -122.95069285856712,
              40.05258868411108
            ],
            [
              -122.95073591289386,
              40.05279142334751
            ],
            [
              -122.95072726850603,
              40.05306169190905
            ],
            [
              -122.9506233046449,
              40.053476085677225
            ],
            [
              -122.95047569973369,
              40.05384987240066
            ],
            [
              -122.95044120317417,
              40.054088700571924
            ],
            [
              -122.95048460339049,
              40.05435447893993
            ],
            [
              -122.95063195822406,
              40.05468786588247
            ],
            [
              -122.95078825794741,
              40.05494024712437
            ],
            [
              -122.95084887082254,
              40.055679039547364
            ],
            [
              -122.95092729105082,
              40.05585926018417
            ],
            [
              -122.95131782487772,
              40.05634601919784
            ],
            [
              -122.95181265173018,
              40.0571300068487
            ],
            [
              -122.95194295581837,
              40.057283236329084
            ],
            [
              -122.95232491927464,
              40.057612284601746
            ],
            [
              -122.95255032694348,
              40.05794577734094
            ],
            [
              -122.95282820255201,
              40.05824776387609
            ],
            [
              -122.95286302963899,
              40.0583783746968
            ],
            [
              -122.95286316099842,
              40.05870723955901
            ],
            [
              -122.95270692178676,
              40.05955859283693
            ],
            [
              -122.95277636852957,
              40.059770274639845
            ],
            [
              -122.95294114846874,
              40.05992804658239
            ],
            [
              -122.95406970958874,
              40.06047369293928
            ],
            [
              -122.95461669895131,
              40.06070364344559
            ],
            [
              -122.95485973253521,
              40.06089737234078
            ],
            [
              -122.95514603088209,
              40.06127134976504
            ],
            [
              -122.95529377374913,
              40.06176249069626
            ],
            [
              -122.95544131127778,
              40.06205982717995
            ],
            [
              -122.95577123959544,
              40.06239334058489
            ],
            [
              -122.95636132106618,
              40.062663902927035
            ],
            [
              -122.95676077305681,
              40.06280365495794
            ],
            [
              -122.95708192451966,
              40.06297949818294
            ],
            [
              -122.95729931468979,
              40.06307871234515
            ],
            [
              -122.95747256436586,
              40.0631193115266
            ],
            [
              -122.95806299115013,
              40.06340337864898
            ],
            [
              -122.95867929255712,
              40.06373690331471
            ],
            [
              -122.9591132144862,
              40.06405695962676
            ],
            [
              -122.95928715890689,
              40.06425515900361
            ],
            [
              -122.95994691974664,
              40.06545822282673
            ],
            [
              -122.96048497673902,
              40.06578730702197
            ],
            [
              -122.96089303806018,
              40.0659496391871
            ],
            [
              -122.96124889532312,
              40.06660745983797
            ],
            [
              -122.96142250293265,
              40.066787643345606
            ],
            [
              -122.9616917882217,
              40.066886878411154
            ],
            [
              -122.9625338005923,
              40.0671169128672
            ],
            [
              -122.96289843849404,
              40.067261134019844
            ],
            [
              -122.9636015009724,
              40.067617345415655
            ],
            [
              -122.96387062713644,
              40.067711931395394
            ],
            [
              -122.96445214378622,
              40.067838269183
            ],
            [
              -122.96535504068618,
              40.06814494141826
            ],
            [
              -122.96574555393602,
              40.0684108292619
            ],
            [
              -122.96632745361634,
              40.06866774620783
            ],
            [
              -122.96692619466296,
              40.068740055104996
            ],
            [
              -122.96769909438257,
              40.06873570103626
            ],
            [
              -122.96802011272052,
              40.0687043366154
            ],
            [
              -122.96823699109588,
              40.068744850126535
            ],
            [
              -122.96832371147507,
              40.068834976296934
            ],
            [
              -122.96831529909078,
              40.06895212560367
            ],
            [
              -122.9678204263854,
              40.06998362016542
            ],
            [
              -122.96768134744005,
              40.07047910041032
            ],
            [
              -122.96766443559511,
              40.071600872003565
            ],
            [
              -122.96769031255292,
              40.07185764468641
            ],
            [
              -122.96762933540872,
              40.07278103882822
            ],
            [
              -122.96769888843639,
              40.07315948292717
            ],
            [
              -122.9678292722339,
              40.07344331282867
            ],
            [
              -122.96842815127451,
              40.07415524492196
            ],
            [
              -122.96906200182481,
              40.07458794696215
            ],
            [
              -122.96940927979206,
              40.07477718916173
            ],
            [
              -122.96979104223313,
              40.07506116974471
            ],
            [
              -122.97109325831397,
              40.07575980580603
            ],
            [
              -122.97197009772444,
              40.07638610391663
            ],
            [
              -122.97246482527395,
              40.076629469812275
            ],
            [
              -122.97282937954162,
              40.076886408445866
            ],
            [
              -122.9731943265311,
              40.077363988273234
            ],
            [
              -122.97323983299827,
              40.07753956878509
            ],
            [
              -122.97325504015657,
              40.077598248418745
            ],
            [
              -122.97283805883248,
              40.07826496788255
            ],
            [
              -122.97272534640304,
              40.078517201315044
            ],
            [
              -122.97258639813283,
              40.078710817509965
            ],
            [
              -122.97219589593672,
              40.07905303999164
            ],
            [
              -122.97207421440619,
              40.07924229255149
            ],
            [
              -122.97197872102451,
              40.079499036029006
            ],
            [
              -122.97178770239425,
              40.07975117965638
            ],
            [
              -122.97128444265448,
              40.08006193236197
            ],
            [
              -122.9705120176772,
              40.080341011909816
            ],
            [
              -122.97028614214817,
              40.08049421690283
            ],
            [
              -122.9698866881222,
              40.08105268779659
            ],
            [
              -122.96936628431118,
              40.082093129222336
            ],
            [
              -122.96916625122992,
              40.082313813710094
            ],
            [
              -122.96900125428107,
              40.08257504852793
            ],
            [
              -122.9687499773323,
              40.08324618219612
            ],
            [
              -122.96825516084681,
              40.084034510425006
            ],
            [
              -122.96817691432426,
              40.08441283937993
            ],
            [
              -122.96842846772662,
              40.08563821888016
            ],
            [
              -122.96836797716534,
              40.08584092019542
            ],
            [
              -122.9679166228979,
              40.08684085040435
            ],
            [
              -122.9677256192347,
              40.08753010624476
            ],
            [
              -122.96752598758492,
              40.08798498960867
            ],
            [
              -122.96741289489283,
              40.08849855500691
            ],
            [
              -122.96734359405717,
              40.08867866835178
            ],
            [
              -122.96721341368152,
              40.088858842524566
            ],
            [
              -122.96699629582633,
              40.08891290443686
            ],
            [
              -122.9664668923838,
              40.0888946511693
            ],
            [
              -122.96577228684399,
              40.0889935302781
            ],
            [
              -122.96503475178062,
              40.08915548901417
            ],
            [
              -122.96409695658029,
              40.089150700796125
            ],
            [
              -122.96206567964414,
              40.08940234534967
            ],
            [
              -122.96178802781505,
              40.08946980298776
            ],
            [
              -122.96163198792397,
              40.08954179586316
            ],
            [
              -122.96158460122102,
              40.0896241321599
            ],
            [
              -122.96147556960067,
              40.08992918973068
            ],
            [
              -122.96153626500168,
              40.09015895666347
            ],
            [
              -122.9616402702838,
              40.09034378315976
            ],
            [
              -122.96197880217578,
              40.0905736565417
            ],
            [
              -122.96216126336921,
              40.090753778732
            ],
            [
              -122.96230887752829,
              40.09098358199694
            ],
            [
              -122.96247397459024,
              40.09145671343182
            ],
            [
              -122.9625000103412,
              40.0921549590904
            ],
            [
              -122.96256916334173,
              40.09237566895971
            ],
            [
              -122.96315092553795,
              40.09313279984652
            ],
            [
              -122.96365455617541,
              40.0940474527205
            ],
            [
              -122.96363735074257,
              40.09483570347123
            ],
            [
              -122.96368947261423,
              40.09537627371085
            ],
            [
              -122.9635590928448,
              40.0956600247657
            ],
            [
              -122.96341127208326,
              40.095790666193075
            ],
            [
              -122.96322056466803,
              40.09589881745388
            ],
            [
              -122.96294272233101,
              40.09600230749496
            ],
            [
              -122.96272558360195,
              40.09616443856822
            ],
            [
              -122.9625869592473,
              40.09635803674412
            ],
            [
              -122.96210939340907,
              40.097263285237325
            ],
            [
              -122.96204008916435,
              40.09746154741344
            ],
            [
              -122.96200544654786,
              40.09779494562792
            ],
            [
              -122.96206598855024,
              40.09815531695935
            ],
            [
              -122.96216172519428,
              40.09834456687838
            ],
            [
              -122.9621530938261,
              40.09861484558409
            ],
            [
              -122.96209203293549,
              40.09876351115991
            ],
            [
              -122.96190095347438,
              40.0990156424031
            ],
            [
              -122.96131974930965,
              40.09938944687912
            ],
            [
              -122.961197791925,
              40.09953802257929
            ],
            [
              -122.96112844867118,
              40.099799205624194
            ],
            [
              -122.96126769095693,
              40.100065090704135
            ],
            [
              -122.96160589994324,
              40.100285955281244
            ],
            [
              -122.96190136056103,
              40.100412163256856
            ],
            [
              -122.96221390768316,
              40.10076366958344
            ],
            [
              -122.96234393529903,
              40.10104752010221
            ],
            [
              -122.96237017717726,
              40.10123674001524
            ],
            [
              -122.96251766470662,
              40.10170072415558
            ],
            [
              -122.96283883133393,
              40.10255686145879
            ],
            [
              -122.96300359752603,
              40.10355690573672
            ],
            [
              -122.96309916667381,
              40.10375066081931
            ],
            [
              -122.96328153156942,
              40.104336402859346
            ],
            [
              -122.96365465036132,
              40.10513835277732
            ],
            [
              -122.96400225708155,
              40.10608450096814
            ],
            [
              -122.96416702088462,
              40.10634132368487
            ],
            [
              -122.96492239575232,
              40.10726949455229
            ],
            [
              -122.96503521544571,
              40.10749928492162
            ],
            [
              -122.96508734397538,
              40.107972327525694
            ],
            [
              -122.96517412135891,
              40.108157143509565
            ],
            [
              -122.96539993366825,
              40.108413901668406
            ],
            [
              -122.96560832896171,
              40.108742871101555
            ],
            [
              -122.9658252098482,
              40.109409538208084
            ],
            [
              -122.96596408696988,
              40.109571871191626
            ],
            [
              -122.9661203741711,
              40.109891650608056
            ],
            [
              -122.96618130249927,
              40.11005386286112
            ],
            [
              -122.9660942102753,
              40.11022512637829
            ],
            [
              -122.96579926414022,
              40.11059431166406
            ],
            [
              -122.96564299787606,
              40.11071600986531
            ],
            [
              -122.96553882282716,
              40.110914135338795
            ],
            [
              -122.96555609499657,
              40.11132409885897
            ],
            [
              -122.96560818582215,
              40.111504250760746
            ],
            [
              -122.96574744741123,
              40.11174312789176
            ],
            [
              -122.96638952159276,
              40.1123874861977
            ],
            [
              -122.96672802393039,
              40.11288305682957
            ],
            [
              -122.9672925231483,
              40.11351844629172
            ],
            [
              -122.96750074665478,
              40.11373482101409
            ],
            [
              -122.96796948038596,
              40.11410424092772
            ],
            [
              -122.9683254285165,
              40.11469451778673
            ],
            [
              -122.96856007792238,
              40.11486129904665
            ],
            [
              -122.96921958303083,
              40.115095695143374
            ],
            [
              -122.97046948004015,
              40.11568163282899
            ],
            [
              -122.97080815452351,
              40.11595201335748
            ],
            [
              -122.97065213827408,
              40.11651954694343
            ],
            [
              -122.96982730815121,
              40.117465450481596
            ],
            [
              -122.96967104488577,
              40.11774461397392
            ],
            [
              -122.96946291239739,
              40.118285120637374
            ],
            [
              -122.96941948706672,
              40.11871316564331
            ],
            [
              -122.96961055010357,
              40.11933485305854
            ],
            [
              -122.96990561239559,
              40.11981698235888
            ],
            [
              -122.97013996342876,
              40.120492784367066
            ],
            [
              -122.9704437150034,
              40.12119563917307
            ],
            [
              -122.97079951855473,
              40.121812811919554
            ],
            [
              -122.97095604412063,
              40.12202015126793
            ],
            [
              -122.97168502980828,
              40.12248422410184
            ],
            [
              -122.97199786983167,
              40.12272762877803
            ],
            [
              -122.97214519950815,
              40.12288988312751
            ],
            [
              -122.97230158234477,
              40.12324121908292
            ],
            [
              -122.97231885876245,
              40.12344853123523
            ],
            [
              -122.97205843979431,
              40.12403405793344
            ],
            [
              -122.97185887305028,
              40.124308788392234
            ],
            [
              -122.97165928344566,
              40.12442591078115
            ],
            [
              -122.97135552649785,
              40.12466909380099
            ],
            [
              -122.97131226114814,
              40.12488081368373
            ],
            [
              -122.97126014975802,
              40.12488079406925
            ],
            [
              -122.9712772162321,
              40.124988886957986
            ],
            [
              -122.97149416692328,
              40.1255159482452
            ],
            [
              -122.97154653305599,
              40.125889912775776
            ],
            [
              -122.97146845550948,
              40.12652960323077
            ],
            [
              -122.9713121974386,
              40.126903364854634
            ],
            [
              -122.97132088140084,
              40.12713761355259
            ],
            [
              -122.97140769411942,
              40.127376476652906
            ],
            [
              -122.97155543183902,
              40.12766030488471
            ],
            [
              -122.97180683275735,
              40.12788563555745
            ],
            [
              -122.9720238886781,
              40.12796670849609
            ],
            [
              -122.9724925294884,
              40.12828221875027
            ],
            [
              -122.97268360910508,
              40.128525471938964
            ],
            [
              -122.97288330523321,
              40.12898058122753
            ],
            [
              -122.97336086096298,
              40.12983662205079
            ],
            [
              -122.9734304831328,
              40.13024645678811
            ],
            [
              -122.9733866762109,
              40.13045369034832
            ],
            [
              -122.97323077679766,
              40.13084559848553
            ],
            [
              -122.97309156576772,
              40.131079901628475
            ],
            [
              -122.97255353619761,
              40.13178696100844
            ],
            [
              -122.972223672411,
              40.132102274527284
            ],
            [
              -122.97211951060672,
              40.13240398664851
            ],
            [
              -122.97212818594943,
              40.13272382957263
            ],
            [
              -122.97205868705281,
              40.13299867959066
            ],
            [
              -122.97198093275921,
              40.13316985431805
            ],
            [
              -122.97172896659436,
              40.13405720962153
            ],
            [
              -122.9714079983969,
              40.13484996868444
            ],
            [
              -122.97125175076799,
              40.13558866507317
            ],
            [
              -122.97103454155109,
              40.13590394171927
            ],
            [
              -122.97056596685074,
              40.1362867625861
            ],
            [
              -122.97023589735134,
              40.136606577110655
            ],
            [
              -122.9698541432075,
              40.13739922602365
            ],
            [
              -122.9691076009584,
              40.13825048259231
            ],
            [
              -122.96840449005462,
              40.13890351322184
            ],
            [
              -122.96839831806417,
              40.138973242962784
            ],
            [
              -122.96852617962087,
              40.13916939747131
            ],
            [
              -122.96866474901395,
              40.13929556557481
            ],
            [
              -122.96922922308399,
              40.13946680456923
            ],
            [
              -122.96959389674001,
              40.13953909736609
            ],
            [
              -122.97002786621945,
              40.139579618411
            ],
            [
              -122.97065293846828,
              40.13980512263633
            ],
            [
              -122.97146863499691,
              40.14001251879616
            ],
            [
              -122.97191145799238,
              40.14009829200371
            ],
            [
              -122.97217185138346,
              40.14011187839894
            ],
            [
              -122.97240622077065,
              40.140201943782664
            ],
            [
              -122.97273637424344,
              40.14039568200713
            ],
            [
              -122.97402096192386,
              40.140553633268674
            ],
            [
              -122.97462877133867,
              40.14070707405586
            ],
            [
              -122.97529712295771,
              40.14081524292157
            ],
            [
              -122.97653859209497,
              40.14091019569346
            ],
            [
              -122.97728512361428,
              40.141004941541496
            ],
            [
              -122.97783199988645,
              40.14114911721208
            ],
            [
              -122.9782137736783,
              40.1414105521566
            ],
            [
              -122.97870844412343,
              40.14187011520121
            ],
            [
              -122.97962007916419,
              40.142361277229895
            ],
            [
              -122.9799845767559,
              40.14251899068889
            ],
            [
              -122.98029714078609,
              40.142622633124404
            ],
            [
              -122.98137363356074,
              40.1426633904178
            ],
            [
              -122.98175537804539,
              40.14275355420098
            ],
            [
              -122.98222425408937,
              40.14276714379655
            ],
            [
              -122.98271041185228,
              40.142902341298445
            ],
            [
              -122.98324876147034,
              40.14324485715888
            ],
            [
              -122.98409060294053,
              40.143974698188174
            ],
            [
              -122.98592234026155,
              40.14461924822343
            ],
            [
              -122.98712035194247,
              40.14512384095543
            ],
            [
              -122.98727671823357,
              40.1451598885711
            ],
            [
              -122.98758925601564,
              40.14515993378149
            ],
            [
              -122.98837043592441,
              40.1450159205547
            ],
            [
              -122.98860475632866,
              40.14493482434671
            ],
            [
              -122.98898664165644,
              40.14488983841867
            ],
            [
              -122.98923002220158,
              40.14493490261269
            ],
            [
              -122.98942955013969,
              40.14506997878972
            ],
            [
              -122.98951784747689,
              40.14517336006723
            ],
            [
              -122.98968154367205,
              40.145223247127184
            ],
            [
              -122.99050337619428,
              40.14499806597068
            ],
            [
              -122.9909142539918,
              40.144917027937915
            ],
            [
              -122.99148952185179,
              40.14486300048179
            ],
            [
              -122.99228784287668,
              40.14487208228571
            ],
            [
              -122.99360269858624,
              40.14502531900759
            ],
            [
              -122.99411924390634,
              40.14513348646647
            ],
            [
              -122.9946827830397,
              40.145088453750816
            ],
            [
              -122.99519933881734,
              40.14493531349368
            ],
            [
              -122.99616206221636,
              40.144403796836095
            ],
            [
              -122.99659640926134,
              40.14422360794983
            ],
            [
              -122.99730082964746,
              40.14398038267202
            ],
            [
              -122.99853351846615,
              40.14370109356169
            ],
            [
              -122.99940226115797,
              40.14335873734357
            ],
            [
              -122.99973095119712,
              40.14317855584416
            ],
            [
              -123.00083444190041,
              40.14211542661136
            ],
            [
              -123.00115139858241,
              40.142043349392935
            ],
            [
              -123.0014449027223,
              40.14210641244442
            ],
            [
              -123.00163273455269,
              40.14210640678465
            ],
            [
              -123.00214926677224,
              40.14194421690011
            ],
            [
              -123.00283013577908,
              40.14167391638058
            ],
            [
              -123.00334667416692,
              40.141520741882076
            ],
            [
              -123.00630492330502,
              40.141070148399834
            ],
            [
              -123.00813617826896,
              40.14052044850964
            ],
            [
              -123.00857051023152,
              40.140457356280656
            ],
            [
              -123.00899312786292,
              40.140448302623064
            ],
            [
              -123.00954488730841,
              40.1405293526915
            ],
            [
              -123.0099440336871,
              40.1406284325408
            ],
            [
              -123.01031971830082,
              40.14077254022503
            ],
            [
              -123.01081278183145,
              40.140880619161614
            ],
            [
              -123.01210411521475,
              40.141006634015575
            ],
            [
              -123.01297289131264,
              40.141303871516264
            ],
            [
              -123.01418210833104,
              40.141456881370665
            ],
            [
              -123.0150273596283,
              40.14160994219912
            ],
            [
              -123.0155674055672,
              40.14166393135914
            ],
            [
              -123.01602523229913,
              40.14166386386463
            ],
            [
              -123.01675301844305,
              40.14155565316087
            ],
            [
              -123.01729298636673,
              40.14137537601715
            ],
            [
              -123.01775076863954,
              40.14115006315667
            ],
            [
              -123.01790336650156,
              40.14110499654292
            ],
            [
              -123.01825555468963,
              40.1411409820821
            ],
            [
              -123.0186547557546,
              40.14134813337172
            ],
            [
              -123.01907745764551,
              40.14161837057526
            ],
            [
              -123.01934748464666,
              40.1417354618469
            ],
            [
              -123.02087358803395,
              40.14162707039882
            ],
            [
              -123.02236440745904,
              40.141365525669876
            ],
            [
              -123.02261092656353,
              40.14136547319301
            ],
            [
              -123.0231391639127,
              40.141293299451064
            ],
            [
              -123.02478268849217,
              40.14132899273102
            ],
            [
              -123.02546347132824,
              40.14107657207929
            ],
            [
              -123.02562782096436,
              40.14105852843728
            ],
            [
              -123.02599380329902,
              40.140934641144476
            ],
            [
              -123.02632034050292,
              40.14082411527037
            ],
            [
              -123.02713027229014,
              40.14064375023244
            ],
            [
              -123.02795202031871,
              40.140634538836224
            ],
            [
              -123.02889106024546,
              40.140454116169174
            ],
            [
              -123.02916101530826,
              40.14032792425268
            ],
            [
              -123.02943097001321,
              40.14024676144298
            ],
            [
              -123.03049903525537,
              40.13976898523477
            ],
            [
              -123.03126197655408,
              40.13953453250596
            ],
            [
              -123.03150840344358,
              40.13938129698869
            ],
            [
              -123.03206006811233,
              40.139236990006616
            ],
            [
              -123.03338632079075,
              40.13871405861914
            ],
            [
              -123.03380886319717,
              40.13859682082981
            ],
            [
              -123.03534632775845,
              40.13801073968386
            ],
            [
              -123.03569843696808,
              40.137920534983316
            ],
            [
              -123.03615611807562,
              40.13766812988162
            ],
            [
              -123.03688351490632,
              40.13697414583579
            ],
            [
              -123.03716515850519,
              40.136793875151845
            ],
            [
              -123.03744679836434,
              40.13666765430815
            ],
            [
              -123.03765808322919,
              40.13662252233637
            ],
            [
              -123.03786937517663,
              40.13662245642617
            ],
            [
              -123.03917238490939,
              40.13667608523164
            ],
            [
              -123.03948935827732,
              40.13673003192242
            ],
            [
              -123.04012325890065,
              40.13675684835769
            ],
            [
              -123.04121488296063,
              40.13667540161
            ],
            [
              -123.04196603719474,
              40.13653095461924
            ],
            [
              -123.04229463149927,
              40.1363866873762
            ],
            [
              -123.0426935943177,
              40.13613426430239
            ],
            [
              -123.04290471537996,
              40.135881927661515
            ],
            [
              -123.04332685653388,
              40.13520604685099
            ],
            [
              -123.04342058779484,
              40.134944738916516
            ],
            [
              -123.04342048462662,
              40.134782571692234
            ],
            [
              -123.04363125860776,
              40.133962602369465
            ],
            [
              -123.04386585375896,
              40.13375530605976
            ],
            [
              -123.04432360170257,
              40.13367404041413
            ],
            [
              -123.04453486805696,
              40.13366494282983
            ],
            [
              -123.04637783448389,
              40.13380838312391
            ],
            [
              -123.04677691652492,
              40.13376318015789
            ],
            [
              -123.04753978149085,
              40.133600700469536
            ],
            [
              -123.04776271742368,
              40.1334924875794
            ],
            [
              -123.04799736675812,
              40.13332120932759
            ],
            [
              -123.04838441773954,
              40.132906596410756
            ],
            [
              -123.04879495138734,
              40.13253704139054
            ],
            [
              -123.04918220566118,
              40.1324107330508
            ],
            [
              -123.04938175568165,
              40.13240163950068
            ],
            [
              -123.0502856328978,
              40.1324913598901
            ],
            [
              -123.05129527348817,
              40.132725154719544
            ],
            [
              -123.05215232829852,
              40.13298608331099
            ],
            [
              -123.05277449629763,
              40.133066860845766
            ],
            [
              -123.05306795833422,
              40.13306674933754
            ],
            [
              -123.0534200618496,
              40.13302154176561
            ],
            [
              -123.05378391753337,
              40.133021367725085
            ],
            [
              -123.0541360378199,
              40.13298515996202
            ],
            [
              -123.05442944619855,
              40.13292195680072
            ],
            [
              -123.05473458973307,
              40.13289478553836
            ],
            [
              -123.05522744739396,
              40.13272338158286
            ],
            [
              -123.05557944080618,
              40.13255202791826
            ],
            [
              -123.05601350995231,
              40.13224549076574
            ],
            [
              -123.05622471077722,
              40.13214627811395
            ],
            [
              -123.05685838335367,
              40.13199280181412
            ],
            [
              -123.05725746130773,
              40.131965587772775
            ],
            [
              -123.05789136381819,
              40.13204636267735
            ],
            [
              -123.05832563836633,
              40.13203712728763
            ],
            [
              -123.05867780786097,
              40.1320639765607
            ],
            [
              -123.05986345143769,
              40.13220752802732
            ],
            [
              -123.0608729394749,
              40.13226105555312
            ],
            [
              -123.0620349417723,
              40.13221542278419
            ],
            [
              -123.06229322522832,
              40.132278347007315
            ],
            [
              -123.06262203822723,
              40.132440337274666
            ],
            [
              -123.06300975546137,
              40.13284555211527
            ],
            [
              -123.06338584450411,
              40.13332286979604
            ],
            [
              -123.06363271191688,
              40.133719141468546
            ],
            [
              -123.06419234856878,
              40.13443734856623
            ],
            [
              -123.06487848571594,
              40.135322187533454
            ],
            [
              -123.0649842313471,
              40.135421228224814
            ],
            [
              -123.06521911672503,
              40.13554722696473
            ],
            [
              -123.06548921428983,
              40.13567321877612
            ],
            [
              -123.06568881905613,
              40.135709146241496
            ],
            [
              -123.0674966028456,
              40.135789189874004
            ],
            [
              -123.06861228668048,
              40.13632011361997
            ],
            [
              -123.0690351586993,
              40.13660816487234
            ],
            [
              -123.07019822029496,
              40.137499431643334
            ],
            [
              -123.07052710966236,
              40.13768842615198
            ],
            [
              -123.07114948980625,
              40.13791331152923
            ],
            [
              -123.07150184236536,
              40.138084269168225
            ],
            [
              -123.07172509338348,
              40.138291345397334
            ],
            [
              -123.07178394728608,
              40.138453493059224
            ],
            [
              -123.07184307493137,
              40.1388588823818
            ],
            [
              -123.07181979843341,
              40.139057107326806
            ],
            [
              -123.07184366708836,
              40.13940847358521
            ],
            [
              -123.071574534121,
              40.140219492615614
            ],
            [
              -123.07138715850975,
              40.140652094963166
            ],
            [
              -123.07134045141449,
              40.140904381698114
            ],
            [
              -123.07096574865491,
              40.14179655482327
            ],
            [
              -123.07082552462283,
              40.14240028474284
            ],
            [
              -123.07082660280886,
              40.14343640036683
            ],
            [
              -123.07096848705886,
              40.144382332842426
            ],
            [
              -123.07101567605872,
              40.14459852771489
            ],
            [
              -123.07132165519728,
              40.14530108106316
            ],
            [
              -123.07136887763184,
              40.14555332170663
            ],
            [
              -123.07145188923188,
              40.14633710687978
            ],
            [
              -123.07142868025228,
              40.146589382495755
            ],
            [
              -123.07132344286885,
              40.1470039140212
            ],
            [
              -123.07134702321248,
              40.14709399790977
            ],
            [
              -123.07166413700811,
              40.14720191218518
            ],
            [
              -123.07189896863956,
              40.147237803832844
            ],
            [
              -123.07225120065806,
              40.14724659182974
            ],
            [
              -123.07253290452641,
              40.14720138362709
            ],
            [
              -123.0728146835534,
              40.147201203499066
            ],
            [
              -123.07362491884757,
              40.1473268284002
            ],
            [
              -123.07456435365252,
              40.14751542399033
            ],
            [
              -123.0748931925852,
              40.14761431276198
            ],
            [
              -123.07546873467085,
              40.147848186060564
            ],
            [
              -123.07661994377031,
              40.14839703618185
            ],
            [
              -123.0769957246914,
              40.14848687386395
            ],
            [
              -123.07718355934101,
              40.1484597279488
            ],
            [
              -123.07778233081493,
              40.14849536445946
            ],
            [
              -123.07808771049297,
              40.148567231550516
            ],
            [
              -123.07851056282293,
              40.14874715290113
            ],
            [
              -123.07929741412141,
              40.14895382952877
            ],
            [
              -123.07974353251659,
              40.14892649791643
            ],
            [
              -123.0800956180335,
              40.14882714566212
            ],
            [
              -123.0808465649237,
              40.14843921652127
            ],
            [
              -123.08165599145238,
              40.14787104821587
            ],
            [
              -123.0818716336855,
              40.147758287113845
            ],
            [
              -123.08327514783943,
              40.147041011342154
            ],
            [
              -123.0840965503762,
              40.14669805068369
            ],
            [
              -123.08497647825014,
              40.146237919784284
            ],
            [
              -123.0853871820138,
              40.1460754552325
            ],
            [
              -123.08626691685357,
              40.14546214883965
            ],
            [
              -123.08659540200587,
              40.14527269680179
            ],
            [
              -123.08715857395049,
              40.14502000927339
            ],
            [
              -123.08740504404503,
              40.1449747799242
            ],
            [
              -123.08788618930205,
              40.144812244261466
            ],
            [
              -123.08833205324724,
              40.144613693054346
            ],
            [
              -123.08862523060053,
              40.14437021761214
            ],
            [
              -123.0890120681534,
              40.14391942844105
            ],
            [
              -123.0893284249121,
              40.143468721294
            ],
            [
              -123.0896212611871,
              40.14297294349596
            ],
            [
              -123.08993738537819,
              40.14232400233768
            ],
            [
              -123.09035926668388,
              40.14179212257937
            ],
            [
              -123.09061725427651,
              40.14157568121858
            ],
            [
              -123.0908284129915,
              40.141467406870994
            ],
            [
              -123.09175556952174,
              40.14127746567452
            ],
            [
              -123.09276469565602,
              40.14093430600094
            ],
            [
              -123.09319871669285,
              40.14070871231792
            ],
            [
              -123.09353866242346,
              40.140348055698155
            ],
            [
              -123.09376148701476,
              40.140185709332876
            ],
            [
              -123.0940548444361,
              40.14010438958016
            ],
            [
              -123.09495856577585,
              40.139959487939784
            ],
            [
              -123.09538086026076,
              40.139742924318995
            ],
            [
              -123.09597901670206,
              40.13937302553678
            ],
            [
              -123.09687029548036,
              40.13875062748991
            ],
            [
              -123.09746854965546,
              40.1384528122938
            ],
            [
              -123.0980315409881,
              40.13812798538979
            ],
            [
              -123.09839524291813,
              40.137983534670965
            ],
            [
              -123.09882938857794,
              40.13785701841532
            ],
            [
              -123.0995922469812,
              40.13775726937497
            ],
            [
              -123.10055480021126,
              40.13772941336088
            ],
            [
              -123.10168859504512,
              40.13780046632198
            ],
            [
              -123.10195188902985,
              40.13784530773741
            ],
            [
              -123.10272695276575,
              40.13805186992796
            ],
            [
              -123.10330215268324,
              40.13805135395757
            ],
            [
              -123.10424108981611,
              40.13794239452023
            ],
            [
              -123.10465206287572,
              40.1380231090007
            ],
            [
              -123.10522764901545,
              40.13827486487986
            ],
            [
              -123.1056621963136,
              40.138409607304794
            ],
            [
              -123.105873565467,
              40.13844545168277
            ],
            [
              -123.10653085711233,
              40.1383907980303
            ],
            [
              -123.10722353155258,
              40.138444221718714
            ],
            [
              -123.10745842536234,
              40.138525074596856
            ],
            [
              -123.10836299358901,
              40.13894768871892
            ],
            [
              -123.10942046028903,
              40.13955035478169
            ],
            [
              -123.11081891529507,
              40.14047702349073
            ],
            [
              -123.1118298790557,
              40.14131392885498
            ],
            [
              -123.11191212066686,
              40.1413499156067
            ],
            [
              -123.11213518834936,
              40.141358705785045
            ],
            [
              -123.11231122912749,
              40.141331507701985
            ],
            [
              -123.11300341830417,
              40.141060544929566
            ],
            [
              -123.11391812688609,
              40.14050105618557
            ],
            [
              -123.1144455605569,
              40.14000500470547
            ],
            [
              -123.1149372271009,
              40.139202660441924
            ],
            [
              -123.11520708353508,
              40.139130331327586
            ],
            [
              -123.11597043104632,
              40.13930974928881
            ],
            [
              -123.11628757708365,
              40.13941754847474
            ],
            [
              -123.11749722218354,
              40.13973167886613
            ],
            [
              -123.11880074644093,
              40.14000963207251
            ],
            [
              -123.11950531714655,
              40.140135039652776
            ],
            [
              -123.12053856751626,
              40.14025111070315
            ],
            [
              -123.121137339843,
              40.14028651737833
            ],
            [
              -123.12175972935455,
              40.14041199557888
            ],
            [
              -123.1228520633321,
              40.14073519986438
            ],
            [
              -123.12306344771622,
              40.140771014910094
            ],
            [
              -123.12342734191328,
              40.140770635861514
            ],
            [
              -123.12368534006245,
              40.14061719596482
            ],
            [
              -123.12395485160829,
              40.14034661588253
            ],
            [
              -123.12436408505108,
              40.13945424214903
            ],
            [
              -123.12460991980876,
              40.139084585756436
            ],
            [
              -123.1249732346577,
              40.1387598485708
            ],
            [
              -123.1262511229918,
              40.13786649214703
            ],
            [
              -123.12653261145039,
              40.13774004985839
            ],
            [
              -123.1267173731247,
              40.13759996796668
            ],
            [
              -123.12680184705549,
              40.13734332445
            ],
            [
              -123.12689554074191,
              40.137226097515395
            ],
            [
              -123.12689534279035,
              40.137127000895084
            ],
            [
              -123.12665945425094,
              40.13651459946124
            ],
            [
              -123.1265988833336,
              40.13551460149384
            ],
            [
              -123.12668058397963,
              40.135271255633796
            ],
            [
              -123.12682101935387,
              40.13503686492474
            ],
            [
              -123.12693821264176,
              40.13493762033298
            ],
            [
              -123.12727828070418,
              40.134748041393266
            ],
            [
              -123.1288859180771,
              40.1344940133616
            ],
            [
              -123.12939028667935,
              40.13428622920679
            ],
            [
              -123.12976524169774,
              40.13395245732901
            ],
            [
              -123.13019857223074,
              40.13343840961469
            ],
            [
              -123.13064331187842,
              40.13276219213075
            ],
            [
              -123.13071326270693,
              40.132527867172044
            ],
            [
              -123.13068890219907,
              40.13205939457293
            ],
            [
              -123.1306057755911,
              40.131554943700316
            ],
            [
              -123.13040541345796,
              40.13113171859588
            ],
            [
              -123.13048717789559,
              40.13091539488673
            ],
            [
              -123.13056915419722,
              40.130825193015944
            ],
            [
              -123.13079195798518,
              40.13071683063771
            ],
            [
              -123.13195376845177,
              40.13060739709095
            ],
            [
              -123.13285775364001,
              40.13071448090462
            ],
            [
              -123.13323321235684,
              40.13065098231238
            ],
            [
              -123.13356168875872,
              40.13055152030186
            ],
            [
              -123.13420661334469,
              40.1302354418211
            ],
            [
              -123.13493324973513,
              40.129684992504224
            ],
            [
              -123.13526126481467,
              40.12936029044911
            ],
            [
              -123.13604583573006,
              40.12845839208246
            ],
            [
              -123.13635049515719,
              40.128205764995634
            ],
            [
              -123.13684241934502,
              40.127682624686976
            ],
            [
              -123.13719355028644,
              40.127195691538304
            ],
            [
              -123.13746287779267,
              40.126898060864995
            ],
            [
              -123.13786121956161,
              40.126546200433594
            ],
            [
              -123.13836520484031,
              40.12620324043972
            ],
            [
              -123.13875158467864,
              40.125743282089005
            ],
            [
              -123.13893903778283,
              40.12558990483838
            ],
            [
              -123.1393844981616,
              40.125337105754326
            ],
            [
              -123.14004135882935,
              40.12513809427384
            ],
            [
              -123.14018202646395,
              40.12506585662264
            ],
            [
              -123.14036940394686,
              40.12486741127531
            ],
            [
              -123.14151445482581,
              40.12239739087652
            ],
            [
              -123.14171339970402,
              40.122126851015466
            ],
            [
              -123.1420407781368,
              40.121531814756196
            ],
            [
              -123.14214568957999,
              40.12119832403286
            ],
            [
              -123.14220273354786,
              40.12041441454547
            ],
            [
              -123.14226108655726,
              40.12026117973472
            ],
            [
              -123.14252787575523,
              40.11877426320124
            ],
            [
              -123.14249197212573,
              40.11844096025581
            ],
            [
              -123.142572793053,
              40.117801168985096
            ],
            [
              -123.14253686052866,
              40.11745884613244
            ],
            [
              -123.14230043637997,
              40.11663925453317
            ],
            [
              -123.14220618422124,
              40.11645916798317
            ],
            [
              -123.14216989735033,
              40.11593665805461
            ],
            [
              -123.14213428656257,
              40.11574749800484
            ],
            [
              -123.14205179842209,
              40.115576409868176
            ],
            [
              -123.14206287530003,
              40.115279084652215
            ],
            [
              -123.14198045462557,
              40.11514404145633
            ],
            [
              -123.14167494891612,
              40.11495521527567
            ],
            [
              -123.14165119703385,
              40.1148201003076
            ],
            [
              -123.14173141852488,
              40.11389200916832
            ],
            [
              -123.14178979557369,
              40.113747777010616
            ],
            [
              -123.14175431084463,
              40.11361268387606
            ],
            [
              -123.14160124099672,
              40.113360598122085
            ],
            [
              -123.14158925522679,
              40.113243465633026
            ],
            [
              -123.14141282560789,
              40.11305451111586
            ],
            [
              -123.14135384126577,
              40.11290140196123
            ],
            [
              -123.14134175709373,
              40.11273022061148
            ],
            [
              -123.14122386165475,
              40.11246908631734
            ],
            [
              -123.14131746684048,
              40.11233382815006
            ],
            [
              -123.14177482283448,
              40.11219813687652
            ],
            [
              -123.14234889692202,
              40.11176495938638
            ],
            [
              -123.1429110402301,
              40.11124170813303
            ],
            [
              -123.14328600171987,
              40.110988991563005
            ],
            [
              -123.14346127941256,
              40.1106373850654
            ],
            [
              -123.14374221864732,
              40.11032170003529
            ],
            [
              -123.14382389150235,
              40.11009636910141
            ],
            [
              -123.14432667142891,
              40.10925784099847
            ],
            [
              -123.1445479713034,
              40.10849174451226
            ],
            [
              -123.14459415688587,
              40.10814032384028
            ],
            [
              -123.14473441786393,
              40.10787885652322
            ],
            [
              -123.14500234171283,
              40.10696853067249
            ],
            [
              -123.14510705407,
              40.106553968316874
            ],
            [
              -123.1451183979506,
              40.10637376087092
            ],
            [
              -123.14577182059183,
              40.104670115338784
            ],
            [
              -123.14604060414472,
              40.10417424494542
            ],
            [
              -123.14623885695889,
              40.103606399190205
            ],
            [
              -123.14626172793795,
              40.10332705671481
            ],
            [
              -123.1462025227225,
              40.10308387749249
            ],
            [
              -123.14621363357143,
              40.1027955556133
            ],
            [
              -123.14623660768848,
              40.102570280205676
            ],
            [
              -123.14638812958196,
              40.102101599571526
            ],
            [
              -123.14643445772712,
              40.10181322929027
            ],
            [
              -123.14650919565153,
              40.100872386790066
            ],
            [
              -123.14647840536628,
              40.100434675420665
            ],
            [
              -123.14656009800797,
              40.10023636878462
            ],
            [
              -123.14830500244075,
              40.09876556485019
            ],
            [
              -123.14893722373215,
              40.09817012411335
            ],
            [
              -123.14906592421397,
              40.098007788932755
            ],
            [
              -123.14934631553581,
              40.09746684466734
            ],
            [
              -123.14940452945119,
              40.09725954233653
            ],
            [
              -123.14956846043785,
              40.0971242007674
            ],
            [
              -123.15016597138177,
              40.09676303570182
            ],
            [
              -123.15055283422234,
              40.09663639531456
            ],
            [
              -123.15182966106323,
              40.09576980904984
            ],
            [
              -123.15262610580758,
              40.09518312663134
            ],
            [
              -123.15298942934395,
              40.09502948199702
            ],
            [
              -123.15336393469717,
              40.09463256146144
            ],
            [
              -123.15382072264265,
              40.09431662568397
            ],
            [
              -123.15399659188064,
              40.09426234479471
            ],
            [
              -123.15423091747098,
              40.094135880184695
            ],
            [
              -123.15445340459259,
              40.093955408335006
            ],
            [
              -123.1550276776271,
              40.09371136357066
            ],
            [
              -123.15527357845075,
              40.09350382002825
            ],
            [
              -123.1556490693413,
              40.09354836909969
            ],
            [
              -123.15662353759369,
              40.09388944371778
            ],
            [
              -123.15706951023263,
              40.093969930451344
            ],
            [
              -123.15766842540131,
              40.09423939153491
            ],
            [
              -123.1581732252502,
              40.09439186484875
            ],
            [
              -123.15870163082167,
              40.09460737609773
            ],
            [
              -123.15914775345875,
              40.094750923531585
            ],
            [
              -123.16012198994298,
              40.09496583388673
            ],
            [
              -123.16026287437862,
              40.095028713493605
            ],
            [
              -123.16108441520124,
              40.095162720723046
            ],
            [
              -123.16168999265967,
              40.09515352805069
            ],
            [
              -123.16208142851703,
              40.09510725712193
            ],
            [
              -123.16251524595165,
              40.094998543367566
            ],
            [
              -123.1628316337637,
              40.09485394821976
            ],
            [
              -123.16364047739977,
              40.09459153220818
            ],
            [
              -123.16415607346347,
              40.09434752688473
            ],
            [
              -123.165186607515,
              40.09359827337812
            ],
            [
              -123.16595939000432,
              40.092984511597834
            ],
            [
              -123.16640474506603,
              40.09281269290921
            ],
            [
              -123.16722482346081,
              40.09237904902851
            ],
            [
              -123.16734207474784,
              40.092351838811815
            ],
            [
              -123.16847810780065,
              40.091593394894325
            ],
            [
              -123.1706089920834,
              40.08995050659891
            ],
            [
              -123.17092533399565,
              40.08979688909014
            ],
            [
              -123.17125307134866,
              40.08951709265937
            ],
            [
              -123.17176856597746,
              40.08925505276266
            ],
            [
              -123.17232991741801,
              40.08857851742378
            ],
            [
              -123.17255249675314,
              40.08846106313601
            ],
            [
              -123.17308041173757,
              40.0884873089846
            ],
            [
              -123.1733622322508,
              40.0885949948949
            ],
            [
              -123.1743716824047,
              40.088854764842445
            ],
            [
              -123.17479411027367,
              40.08890817637333
            ],
            [
              -123.17495830403851,
              40.08888991648618
            ],
            [
              -123.17522818620067,
              40.088925554216196
            ],
            [
              -123.17573252144093,
              40.088897753708245
            ],
            [
              -123.17613153430865,
              40.088969232616314
            ],
            [
              -123.17696427340084,
              40.08892290783525
            ],
            [
              -123.17853541996078,
              40.088650223692625
            ],
            [
              -123.1791218484689,
              40.08861328616588
            ],
            [
              -123.17964987553346,
              40.08867552911781
            ],
            [
              -123.18044754091358,
              40.08867430248262
            ],
            [
              -123.18230034837455,
              40.088455173900435
            ],
            [
              -123.18271089638715,
              40.088454518185586
            ],
            [
              -123.18375514990474,
              40.08855199160944
            ],
            [
              -123.1842009204979,
              40.088560292282025
            ],
            [
              -123.18531530707222,
              40.08867013035246
            ],
            [
              -123.18574341444213,
              40.08881459966243
            ],
            [
              -123.18638838197906,
              40.08941270548936
            ],
            [
              -123.1872585822754,
              40.090587090233875
            ],
            [
              -123.18782741855826,
              40.091216837068885
            ],
            [
              -123.18849417538048,
              40.09172930957624
            ],
            [
              -123.1890922473289,
              40.0920571948822
            ],
            [
              -123.18980969877362,
              40.09233080192089
            ],
            [
              -123.19070650895524,
              40.09263568861332
            ],
            [
              -123.19202965018944,
              40.09292630351279
            ],
            [
              -123.19310538395618,
              40.09337049557188
            ],
            [
              -123.19612186332922,
              40.095455695928216
            ],
            [
              -123.1976401284755,
              40.096128845200674
            ],
            [
              -123.19814167252534,
              40.09638477083159
            ],
            [
              -123.19867273586144,
              40.09671272477484
            ],
            [
              -123.19912997462671,
              40.09723900207155
            ],
            [
              -123.19947608678122,
              40.09787358584838
            ],
            [
              -123.19980030092621,
              40.09867037576335
            ],
            [
              -123.2002146042937,
              40.09941747571488
            ],
            [
              -123.20124874505113,
              40.100618468219515
            ],
            [
              -123.2018550605147,
              40.101081416691066
            ],
            [
              -123.20283023077857,
              40.102030232844825
            ],
            [
              -123.20352041239697,
              40.102948026270546
            ],
            [
              -123.20388192020874,
              40.103560028372684
            ],
            [
              -123.20442108216011,
              40.103987037675076
            ],
            [
              -123.20498157741912,
              40.1041887777911
            ],
            [
              -123.20565441293262,
              40.10431821739021
            ],
            [
              -123.20662497693564,
              40.10445163864261
            ],
            [
              -123.20893995545005,
              40.1046547309316
            ],
            [
              -123.20985769193857,
              40.10465757853537
            ],
            [
              -123.21058900367166,
              40.104602191908334
            ],
            [
              -123.2113359744647,
              40.104389106835555
            ],
            [
              -123.21199821044257,
              40.104054527451815
            ],
            [
              -123.21340001613083,
              40.10373212223201
            ],
            [
              -123.21510936788691,
              40.10373348164678
            ],
            [
              -123.21625200770706,
              40.103668294207395
            ],
            [
              -123.21699819333232,
              40.10368040732028
            ],
            [
              -123.21857473863287,
              40.10389367658825
            ],
            [
              -123.21976336437574,
              40.10432841585621
            ],
            [
              -123.22089196845636,
              40.104790259866185
            ],
            [
              -123.22173749114832,
              40.10524363143633
            ],
            [
              -123.22334162691206,
              40.10647035686086
            ],
            [
              -123.22400000658564,
              40.10687004393559
            ],
            [
              -123.22667856954787,
              40.10820726277865
            ],
            [
              -123.2272995574633,
              40.10859796691821
            ],
            [
              -123.228004176956,
              40.10910563889431
            ],
            [
              -123.22981753493382,
              40.1107688379157
            ],
            [
              -123.23167448173945,
              40.11347254988911
            ],
            [
              -123.23232754160078,
              40.11421903340627
            ],
            [
              -123.23312348891359,
              40.11524002883028
            ],
            [
              -123.2334084156456,
              40.11566291264353
            ],
            [
              -123.23359111603844,
              40.11611752790341
            ],
            [
              -123.23367586713238,
              40.11687417726194
            ],
            [
              -123.23355915648443,
              40.11748707563691
            ],
            [
              -123.2324494662452,
              40.11975521806861
            ],
            [
              -123.23204276944557,
              40.12040922369258
            ],
            [
              -123.23182270162403,
              40.12090304841125
            ],
            [
              -123.2345895420819,
              40.12064735246139
            ],
            [
              -123.23548537394522,
              40.120618506994276
            ],
            [
              -123.23815085012751,
              40.12072119803356
            ],
            [
              -123.24012366566826,
              40.12095588201754
            ],
            [
              -123.24078057385577,
              40.120977042231296
            ],
            [
              -123.24262471524766,
              40.120910129390126
            ],
            [
              -123.24363434655316,
              40.12111522537936
            ],
            [
              -123.24450159297064,
              40.12138821621914
            ],
            [
              -123.24532350927018,
              40.12160721291133
            ],
            [
              -123.24593721587776,
              40.12164195189324
            ],
            [
              -123.24630209144324,
              40.12152855546882
            ],
            [
              -123.24674846647758,
              40.12113568161165
            ],
            [
              -123.24705974966652,
              40.12080616654475
            ],
            [
              -123.24783199703417,
              40.11986752504884
            ],
            [
              -123.24818141121511,
              40.11965053594813
            ],
            [
              -123.24925513686738,
              40.11922029118447
            ],
            [
              -123.24984595651522,
              40.11932711807978
            ],
            [
              -123.2510636837768,
              40.11966684943328
            ],
            [
              -123.2512970032991,
              40.11978798448857
            ],
            [
              -123.2516689301196,
              40.11980520387057
            ],
            [
              -123.25361136450229,
              40.120048737440946
            ],
            [
              -123.25424769225403,
              40.12015545205319
            ],
            [
              -123.25574145706224,
              40.120264788351875
            ],
            [
              -123.25656103546831,
              40.120632374440774
            ],
            [
              -123.25693967509265,
              40.12067207429438
            ],
            [
              -123.2584879807627,
              40.12036680537122
            ],
            [
              -123.26169222525255,
              40.12046772814619
            ],
            [
              -123.262022313293,
              40.120471502223374
            ],
            [
              -123.26228215145527,
              40.12042586223381
            ],
            [
              -123.26253943031001,
              40.120952339628424
            ],
            [
              -123.26313709856211,
              40.12186997414204
            ],
            [
              -123.26365938358887,
              40.12254000833576
            ],
            [
              -123.26441778753457,
              40.12319597987383
            ],
            [
              -123.2648875865309,
              40.12337959930398
            ],
            [
              -123.26598124662434,
              40.12356630010744
            ],
            [
              -123.26665101803096,
              40.12376746572655
            ],
            [
              -123.26710658337709,
              40.123969145560885
            ],
            [
              -123.26766237639825,
              40.12428770109824
            ],
            [
              -123.26844913512194,
              40.124578688522256
            ],
            [
              -123.27022796665099,
              40.12597554972519
            ],
            [
              -123.27096417766302,
              40.12673479456081
            ],
            [
              -123.27123636448133,
              40.12712192725893
            ],
            [
              -123.27156687679071,
              40.127864440769756
            ],
            [
              -123.2722058127709,
              40.129795494806075
            ],
            [
              -123.27218148814954,
              40.13142178088446
            ],
            [
              -123.2719187203895,
              40.13220624117836
            ],
            [
              -123.27165792100507,
              40.13276094430902
            ],
            [
              -123.2715100291656,
              40.13338744861646
            ],
            [
              -123.27112484337471,
              40.134483021391574
            ],
            [
              -123.27093893066687,
              40.13551503898751
            ],
            [
              -123.270736843058,
              40.13598404208837
            ],
            [
              -123.27031932281933,
              40.1363363764386
            ],
            [
              -123.2699884477915,
              40.1365263366934
            ],
            [
              -123.26950035774729,
              40.136752704447595
            ],
            [
              -123.26853173349512,
              40.13734959557105
            ],
            [
              -123.26822071425414,
              40.13782782239767
            ],
            [
              -123.26793815554213,
              40.13836455320152
            ],
            [
              -123.26769110559933,
              40.13906787761901
            ],
            [
              -123.26727076775161,
              40.140951856198804
            ],
            [
              -123.26747038215925,
              40.142275795133656
            ],
            [
              -123.26768585706773,
              40.14314922003903
            ],
            [
              -123.26771057789581,
              40.143833903064305
            ],
            [
              -123.26749198771519,
              40.14450561190657
            ],
            [
              -123.26705057354546,
              40.145141812448614
            ],
            [
              -123.26607864893072,
              40.146252221513166
            ],
            [
              -123.26517194974419,
              40.1470651646352
            ],
            [
              -123.26499750699273,
              40.14739439951917
            ],
            [
              -123.26499459886413,
              40.147876415840635
            ],
            [
              -123.26511460487541,
              40.1481689620888
            ],
            [
              -123.26520493866902,
              40.148565163187676
            ],
            [
              -123.26503705824783,
              40.14907910119884
            ],
            [
              -123.26469082089459,
              40.149480821821676
            ],
            [
              -123.26407183563546,
              40.15003632184459
            ],
            [
              -123.26369011262767,
              40.150474158931175
            ],
            [
              -123.2630976621609,
              40.15135843209799
            ],
            [
              -123.26295166556105,
              40.15174617141376
            ],
            [
              -123.26267016078977,
              40.15220180090787
            ],
            [
              -123.26238166759546,
              40.152553820742725
            ],
            [
              -123.26225078767801,
              40.1529595539407
            ],
            [
              -123.26252666412168,
              40.15342292197719
            ],
            [
              -123.26294649475315,
              40.15372829306442
            ],
            [
              -123.26417984175805,
              40.154428240348906
            ],
            [
              -123.26462887279374,
              40.1545938960366
            ],
            [
              -123.26655774533619,
              40.155139053942975
            ],
            [
              -123.26739354271595,
              40.1553083139191
            ],
            [
              -123.26858246126824,
              40.15532809169389
            ],
            [
              -123.26993481109669,
              40.155203303441354
            ],
            [
              -123.2705440826141,
              40.15506224575159
            ],
            [
              -123.2716404898889,
              40.15487949208613
            ],
            [
              -123.27320162422306,
              40.15456948441102
            ],
            [
              -123.27411788932454,
              40.15449525488939
            ],
            [
              -123.2745758052729,
              40.15448965422063
            ],
            [
              -123.27542035515282,
              40.1545597414978
            ],
            [
              -123.27696984746355,
              40.15500203215634
            ],
            [
              -123.27803873381605,
              40.15554453733647
            ],
            [
              -123.27870120874306,
              40.15603846515684
            ],
            [
              -123.2798275513782,
              40.15671147190195
            ],
            [
              -123.2801273266214,
              40.15697652602849
            ],
            [
              -123.28054536942452,
              40.15753860725921
            ],
            [
              -123.28095810084999,
              40.15796105804881
            ],
            [
              -123.28139388309816,
              40.15819425357661
            ],
            [
              -123.28215206096444,
              40.15812484487178
            ],
            [
              -123.28382273802865,
              40.157503601482624
            ],
            [
              -123.28458328990918,
              40.15712333915117
            ],
            [
              -123.2853799593968,
              40.156788013382304
            ],
            [
              -123.28631238164681,
              40.156443353640704
            ],
            [
              -123.28702864495928,
              40.15627492404347
            ],
            [
              -123.28748591604172,
              40.156381906444246
            ],
            [
              -123.28797087114945,
              40.15669603556646
            ],
            [
              -123.28836891846187,
              40.157109480843665
            ],
            [
              -123.28980383238208,
              40.15887626956535
            ],
            [
              -123.29267706020825,
              40.16169803955932
            ],
            [
              -123.292994229206,
              40.162494585874555
            ],
            [
              -123.29330108496976,
              40.16267852249941
            ],
            [
              -123.29380099728638,
              40.16287096650994
            ],
            [
              -123.29542085815446,
              40.16365066479472
            ],
            [
              -123.29605544058187,
              40.16400492602806
            ],
            [
              -123.29663171257572,
              40.164535011507105
            ],
            [
              -123.29714380907389,
              40.165159864900076
            ],
            [
              -123.29739105805953,
              40.165560150768584
            ],
            [
              -123.29770211440294,
              40.16619451650708
            ],
            [
              -123.29791308197778,
              40.16685618215212
            ],
            [
              -123.29828406371327,
              40.16738760622863
            ],
            [
              -123.29983733996494,
              40.168301773090015
            ],
            [
              -123.30047772520209,
              40.16879563214243
            ],
            [
              -123.30091908188571,
              40.16942514812249
            ],
            [
              -123.30154737223899,
              40.17074340542943
            ],
            [
              -123.3018891760922,
              40.172260616096814
            ],
            [
              -123.30199794119811,
              40.17320182461607
            ],
            [
              -123.30262405254562,
              40.17516876822703
            ],
            [
              -123.30277459910705,
              40.17617745754186
            ],
            [
              -123.3025774182409,
              40.17698431938051
            ],
            [
              -123.30219455162359,
              40.17755292116758
            ],
            [
              -123.30124643361115,
              40.178208588469914
            ],
            [
              -123.30087168058961,
              40.178624004573905
            ],
            [
              -123.300595916183,
              40.179097715672306
            ],
            [
              -123.30031827529548,
              40.17981469652687
            ],
            [
              -123.30047482276821,
              40.17985618005598
            ],
            [
              -123.30127130851072,
              40.18001492679881
            ],
            [
              -123.30177171593046,
              40.180036156674305
            ],
            [
              -123.30253116797152,
              40.179872002564146
            ],
            [
              -123.30321750375929,
              40.18010445173633
            ],
            [
              -123.30392245397276,
              40.180638659110166
            ],
            [
              -123.3046201307329,
              40.18127200248934
            ],
            [
              -123.30592189866105,
              40.18276414531285
            ],
            [
              -123.30682066483263,
              40.18337894667054
            ],
            [
              -123.30773487077214,
              40.183579226935706
            ],
            [
              -123.30870148908342,
              40.18351808715241
            ],
            [
              -123.30961653640414,
              40.1837408951253
            ],
            [
              -123.31035922738677,
              40.18400017394925
            ],
            [
              -123.3112155672135,
              40.184547448487784
            ],
            [
              -123.31163352568404,
              40.18531213732852
            ],
            [
              -123.31169010148858,
              40.186604849821244
            ],
            [
              -123.3119070975917,
              40.187577296772055
            ],
            [
              -123.31238086962851,
              40.18873822993832
            ],
            [
              -123.31284130729784,
              40.189556852617095
            ],
            [
              -123.31319427513537,
              40.190312691355665
            ],
            [
              -123.3134691346092,
              40.191005698043
            ],
            [
              -123.31385925344368,
              40.191693862982916
            ],
            [
              -123.31426589334983,
              40.191981076139356
            ],
            [
              -123.31632227333999,
              40.19287191881025
            ],
            [
              -123.31744296132695,
              40.19354455624538
            ],
            [
              -123.31863336608222,
              40.194442246687224
            ],
            [
              -123.31923276637794,
              40.194800967751256
            ],
            [
              -123.32053985956995,
              40.195283892562166
            ],
            [
              -123.32199835645842,
              40.19571229486861
            ],
            [
              -123.32269206112481,
              40.19574640512987
            ],
            [
              -123.32352287118613,
              40.19573957625286
            ],
            [
              -123.32503315893979,
              40.195861482101286
            ],
            [
              -123.32572865468508,
              40.19565230183308
            ],
            [
              -123.32658268715343,
              40.19528051546767
            ],
            [
              -123.32732027310202,
              40.19513428882009
            ],
            [
              -123.32789375747956,
              40.19505607113155
            ],
            [
              -123.3285524307551,
              40.19498664609403
            ],
            [
              -123.32928274459157,
              40.19499807359551
            ],
            [
              -123.330083419188,
              40.19521202742588
            ],
            [
              -123.3305604758983,
              40.195692678757865
            ],
            [
              -123.33077869655887,
              40.196403803687815
            ],
            [
              -123.3313367542063,
              40.1976770596058
            ],
            [
              -123.33188458641742,
              40.198436794323555
            ],
            [
              -123.33208810200473,
              40.199134440774436
            ],
            [
              -123.33223396811253,
              40.19990884312385
            ],
            [
              -123.33279619220313,
              40.20060545783554
            ],
            [
              -123.33340364480507,
              40.200860485593005
            ],
            [
              -123.33414013177538,
              40.20107007627209
            ],
            [
              -123.33486179299281,
              40.201324767034585
            ],
            [
              -123.33498151781902,
              40.20150504280107
            ],
            [
              -123.33523798989961,
              40.201891260334556
            ],
            [
              -123.3352604423836,
              40.20308946773164
            ],
            [
              -123.33534311044671,
              40.20369736460503
            ],
            [
              -123.3355195188573,
              40.20425092558296
            ],
            [
              -123.33580967086394,
              40.20478617883915
            ],
            [
              -123.3361859290707,
              40.20528060354476
            ],
            [
              -123.33667770974564,
              40.20574766721632
            ],
            [
              -123.33736097406747,
              40.206543011873364
            ],
            [
              -123.3379293118045,
              40.207478337344924
            ],
            [
              -123.33815454863625,
              40.20809932447267
            ],
            [
              -123.33852426852457,
              40.208751430006075
            ],
            [
              -123.3393063101589,
              40.20960504171535
            ],
            [
              -123.33956871124313,
              40.21009078050542
            ],
            [
              -123.339653815637,
              40.21043289289534
            ],
            [
              -123.33997815388099,
              40.211256314090946
            ],
            [
              -123.340933829532,
              40.21326711660723
            ],
            [
              -123.34083869413368,
              40.21377644174337
            ],
            [
              -123.34056480364065,
              40.21408356428715
            ],
            [
              -123.33983252498717,
              40.21452267784983
            ],
            [
              -123.33869035583393,
              40.215107132991065
            ],
            [
              -123.33821502160158,
              40.21552745576231
            ],
            [
              -123.3383979773609,
              40.216207134569785
            ],
            [
              -123.33935512568303,
              40.21805577612786
            ],
            [
              -123.33937971062593,
              40.21871338358925
            ],
            [
              -123.33885742259609,
              40.21996273362906
            ],
            [
              -123.33882010008969,
              40.22042682664747
            ],
            [
              -123.33965754698366,
              40.221762277979614
            ],
            [
              -123.33978259975825,
              40.2223835582171
            ],
            [
              -123.3398233557887,
              40.222969051469065
            ],
            [
              -123.33981006152462,
              40.224131306799485
            ],
            [
              -123.3395732014286,
              40.225681615189046
            ],
            [
              -123.33966585536523,
              40.226879610940934
            ],
            [
              -123.3399909470471,
              40.22775708394874
            ],
            [
              -123.34061617744686,
              40.22915138745231
            ],
            [
              -123.34069161301548,
              40.22933618017405
            ],
            [
              -123.34071917223801,
              40.22962889122987
            ],
            [
              -123.34282370971421,
              40.2297983745508
            ],
            [
              -123.3439468589212,
              40.230056310242624
            ],
            [
              -123.34493158873184,
              40.230693041401764
            ],
            [
              -123.34598824082221,
              40.23145119924315
            ],
            [
              -123.34786062731645,
              40.23239610097962
            ],
            [
              -123.34902593865277,
              40.23277097249574
            ],
            [
              -123.35010491247444,
              40.23321368958018
            ],
            [
              -123.35132538713657,
              40.23402534149491
            ],
            [
              -123.35180481655728,
              40.23424461030719
            ],
            [
              -123.35274055061555,
              40.23482738932962
            ],
            [
              -123.35373717235706,
              40.23587845028903
            ],
            [
              -123.35495040927168,
              40.23682973550186
            ],
            [
              -123.35557744979121,
              40.23752153326748
            ],
            [
              -123.35624147445066,
              40.23804654545716
            ],
            [
              -123.35669584942977,
              40.2386623005129
            ],
            [
              -123.35721858946512,
              40.24032741319283
            ],
            [
              -123.35785807981519,
              40.241280441668565
            ],
            [
              -123.35877087348528,
              40.24215154490578
            ],
            [
              -123.35940478239839,
              40.24280725505132
            ],
            [
              -123.36005952036476,
              40.24364310445749
            ],
            [
              -123.3606075668009,
              40.2445198209738
            ],
            [
              -123.36098919211842,
              40.24539253225359
            ],
            [
              -123.36132207329682,
              40.2462924354747
            ],
            [
              -123.36203417717871,
              40.24850651579561
            ],
            [
              -123.36205270869435,
              40.2490875669915
            ],
            [
              -123.36181463878465,
              40.24950274165053
            ],
            [
              -123.36149871653119,
              40.24979653868802
            ],
            [
              -123.36087871359769,
              40.25025345284075
            ],
            [
              -123.36141254927804,
              40.250936490728215
            ],
            [
              -123.36211797567968,
              40.25161001242426
            ],
            [
              -123.36233750930523,
              40.25219041945983
            ],
            [
              -123.362284272379,
              40.25281674526545
            ],
            [
              -123.36206502328653,
              40.25346160448383
            ],
            [
              -123.36158842900294,
              40.254219879771135
            ],
            [
              -123.36187190450615,
              40.25473253425268
            ],
            [
              -123.36258565205104,
              40.255302393894745
            ],
            [
              -123.36321279472864,
              40.25603918688813
            ],
            [
              -123.36345327100177,
              40.25661505840779
            ],
            [
              -123.3649063491892,
              40.25834027278943
            ],
            [
              -123.36590309915118,
              40.25938222386706
            ],
            [
              -123.36616845714858,
              40.25952553065336
            ],
            [
              -123.36650383674778,
              40.259704664719045
            ],
            [
              -123.36785555335881,
              40.26025896951008
            ],
            [
              -123.37082206906051,
              40.26169099852512
            ],
            [
              -123.37264462373889,
              40.26277978372918
            ],
            [
              -123.37358884463364,
              40.2632001811693
            ],
            [
              -123.37475526704456,
              40.26358833088226
            ],
            [
              -123.37532748950753,
              40.263919831028595
            ],
            [
              -123.37677095950305,
              40.26395859729754
            ],
            [
              -123.37681562992202,
              40.26432769502576
            ],
            [
              -123.37676969881069,
              40.26441982059809
            ],
            [
              -123.37675217408567,
              40.26473142374089
            ],
            [
              -123.376593500081,
              40.26515463319276
            ],
            [
              -123.37655242907819,
              40.26548483191884
            ],
            [
              -123.37648376482576,
              40.26563219337033
            ],
            [
              -123.3764408183697,
              40.26587083277436
            ],
            [
              -123.37639377547177,
              40.26590802227803
            ],
            [
              -123.3763504584552,
              40.26612834968567
            ],
            [
              -123.37638900275378,
              40.26684226673161
            ],
            [
              -123.37636698463002,
              40.26693409051387
            ],
            [
              -123.37642419088208,
              40.2673913396461
            ],
            [
              -123.37660657914341,
              40.26812183270154
            ],
            [
              -123.37665589263314,
              40.268194514003596
            ],
            [
              -123.37671083147369,
              40.2685418740341
            ],
            [
              -123.37671497593993,
              40.26874330462486
            ],
            [
              -123.3766679081106,
              40.26878051340028
            ],
            [
              -123.37664586654135,
              40.26887235645514
            ],
            [
              -123.37666128602602,
              40.26962316276747
            ],
            [
              -123.37659256994355,
              40.269770526066836
            ],
            [
              -123.37659299450273,
              40.27030217108137
            ],
            [
              -123.37665390017656,
              40.27042920761787
            ],
            [
              -123.37662884408344,
              40.27136304931129
            ],
            [
              -123.37670187275816,
              40.2716009061828
            ],
            [
              -123.37668133615507,
              40.27176601559703
            ],
            [
              -123.3767814725044,
              40.27198460784561
            ],
            [
              -123.37676434030995,
              40.272314524270655
            ],
            [
              -123.37669900287979,
              40.27262671401083
            ],
            [
              -123.37662877828153,
              40.272700811466144
            ],
            [
              -123.37651673942369,
              40.27306852218499
            ],
            [
              -123.37626202722078,
              40.27347455481049
            ],
            [
              -123.3761104705025,
              40.27366895919943
            ],
            [
              -123.37596925550078,
              40.27378056678632
            ],
            [
              -123.37566818602319,
              40.27426052412857
            ],
            [
              -123.37552694512075,
              40.27437213191899
            ],
            [
              -123.3753181159479,
              40.2746860753304
            ],
            [
              -123.37540637094487,
              40.27549110173285
            ],
            [
              -123.37553119313783,
              40.275746072934055
            ],
            [
              -123.37568518973364,
              40.27625718437444
            ],
            [
              -123.37569606809498,
              40.27678832540488
            ],
            [
              -123.37580225420137,
              40.27730002139601
            ],
            [
              -123.37590279137034,
              40.27753696367918
            ],
            [
              -123.37607244735473,
              40.27764483512909
            ],
            [
              -123.37618258084476,
              40.27776167347278
            ],
            [
              -123.37620800496062,
              40.27783463819372
            ],
            [
              -123.37647223364633,
              40.278153228413835
            ],
            [
              -123.37668029404794,
              40.27870818201168
            ],
            [
              -123.37675916093329,
              40.279055261417206
            ],
            [
              -123.3767898421962,
              40.27938459495649
            ],
            [
              -123.37676668673744,
              40.279421502177286
            ],
            [
              -123.37681637835193,
              40.27951249626196
            ],
            [
              -123.37681864822177,
              40.279622368188946
            ],
            [
              -123.37707164737901,
              40.28029704553991
            ],
            [
              -123.37717594396095,
              40.280717089814104
            ],
            [
              -123.37767070134514,
              40.28151708091171
            ],
            [
              -123.3777719898189,
              40.281790610073955
            ],
            [
              -123.37792973893801,
              40.28204366737553
            ],
            [
              -123.37816885356607,
              40.28248187940903
            ],
            [
              -123.37959078651704,
              40.284334684179356
            ],
            [
              -123.37992836147765,
              40.28455928634896
            ],
            [
              -123.38041613208867,
              40.28476273733368
            ],
            [
              -123.38053210308567,
              40.28486376661679
            ],
            [
              -123.38075393344727,
              40.28490520331967
            ],
            [
              -123.38210280014916,
              40.285365150992355
            ],
            [
              -123.38246599259662,
              40.28558057763906
            ],
            [
              -123.38275860837265,
              40.285851792014626
            ],
            [
              -123.38303483987474,
              40.286489570355265
            ],
            [
              -123.38342575445928,
              40.28688781221165
            ],
            [
              -123.38375589233183,
              40.28708061317935
            ],
            [
              -123.38441598273045,
              40.28735207596521
            ],
            [
              -123.38470332825197,
              40.28736691593017
            ],
            [
              -123.38542448588663,
              40.28754134591991
            ],
            [
              -123.38566587463058,
              40.28764833317663
            ],
            [
              -123.38578732649171,
              40.287738450896256
            ],
            [
              -123.38614905015218,
              40.287880599516875
            ],
            [
              -123.38647975756177,
              40.288130781227316
            ],
            [
              -123.38668082023959,
              40.288148917857846
            ],
            [
              -123.38672887444541,
              40.288186886902785
            ],
            [
              -123.38718351795914,
              40.28825914217704
            ],
            [
              -123.3874722182524,
              40.28824921354246
            ],
            [
              -123.38790076978833,
              40.28815244321803
            ],
            [
              -123.38813723968175,
              40.288021349403984
            ],
            [
              -123.38835132785593,
              40.28796380713807
            ],
            [
              -123.38894723830043,
              40.28786499894089
            ],
            [
              -123.38923458677904,
              40.287879828399305
            ],
            [
              -123.38966462806933,
              40.28785630115104
            ],
            [
              -123.39009621109005,
              40.28790600180729
            ],
            [
              -123.39174694484447,
              40.287922565184864
            ],
            [
              -123.39277862514403,
              40.288074865069554
            ],
            [
              -123.39296993422971,
              40.28807253755798
            ],
            [
              -123.39337872229973,
              40.288177468652144
            ],
            [
              -123.3936182270904,
              40.28819286128834
            ],
            [
              -123.39431172070385,
              40.28818442264056
            ],
            [
              -123.39459714844124,
              40.28810766116704
            ],
            [
              -123.39476453553547,
              40.28810563622132
            ],
            [
              -123.39502606456493,
              40.288029178474154
            ],
            [
              -123.39526479516977,
              40.28800794403817
            ],
            [
              -123.39584496866908,
              40.28788877579644
            ],
            [
              -123.39619804894478,
              40.287882393380926
            ],
            [
              -123.39648319343934,
              40.28793813709684
            ],
            [
              -123.3966282058736,
              40.28800962623047
            ],
            [
              -123.39682026541996,
              40.288043917308585
            ],
            [
              -123.3970863464132,
              40.28818721954457
            ],
            [
              -123.39735360228573,
              40.28838543828868
            ],
            [
              -123.39742839951958,
              40.288531073451104
            ],
            [
              -123.3977210831053,
              40.28880225310054
            ],
            [
              -123.3988618051216,
              40.28959425916218
            ],
            [
              -123.39905386991705,
              40.28962854681936
            ],
            [
              -123.39974697555321,
              40.28960174767823
            ],
            [
              -123.39993866461323,
              40.28961772168163
            ],
            [
              -123.40037217063215,
              40.28975894735118
            ],
            [
              -123.40051794404079,
              40.289867075027345
            ],
            [
              -123.40069015990858,
              40.28994070947466
            ],
            [
              -123.40107561085566,
              40.29022658627034
            ],
            [
              -123.40112496300705,
              40.29029924065294
            ],
            [
              -123.40156306754444,
              40.29066022616669
            ],
            [
              -123.40156382072215,
              40.290696850749825
            ],
            [
              -123.40193055998508,
              40.291077029894915
            ],
            [
              -123.40207864684231,
              40.29129502831446
            ],
            [
              -123.4029125473406,
              40.29199584702196
            ],
            [
              -123.40305650124817,
              40.29214208826682
            ],
            [
              -123.40305396935906,
              40.292180611478095
            ],
            [
              -123.40346647412463,
              40.29255864333282
            ],
            [
              -123.40385731901512,
              40.292848479229654
            ],
            [
              -123.4041473791868,
              40.29299145904279
            ],
            [
              -123.40436604516985,
              40.29315363536033
            ],
            [
              -123.40477683676568,
              40.29335007044336
            ],
            [
              -123.40550041582694,
              40.29363425697245
            ],
            [
              -123.4060296064717,
              40.29377429006857
            ],
            [
              -123.40674665061029,
              40.29374718163696
            ],
            [
              -123.40717364780542,
              40.29357707783543
            ],
            [
              -123.40724426266038,
              40.2935212550748
            ],
            [
              -123.40731598836133,
              40.29352038831076
            ],
            [
              -123.40771948463562,
              40.29336888301315
            ],
            [
              -123.40805428061869,
              40.29336476055385
            ],
            [
              -123.40831888920502,
              40.29343477158092
            ],
            [
              -123.40904671863206,
              40.29392037090257
            ],
            [
              -123.4092642386377,
              40.29402760240205
            ],
            [
              -123.409386132268,
              40.2941359906565
            ],
            [
              -123.40960329886137,
              40.29422490859686
            ],
            [
              -123.41006345144122,
              40.2944939966275
            ],
            [
              -123.41047658735222,
              40.294800285633556
            ],
            [
              -123.41104729211787,
              40.29528494359681
            ],
            [
              -123.41152997371574,
              40.29597792995512
            ],
            [
              -123.41175909594305,
              40.29663452156682
            ],
            [
              -123.41180808394351,
              40.29668885971128
            ],
            [
              -123.41178494164211,
              40.2967257924065
            ],
            [
              -123.41185861383451,
              40.29681646499566
            ],
            [
              -123.41205919227664,
              40.29725360044339
            ],
            [
              -123.4121613909355,
              40.29756372955919
            ],
            [
              -123.41219072346557,
              40.2978198096392
            ],
            [
              -123.41239893514742,
              40.29823717555272
            ],
            [
              -123.41248042138511,
              40.299080104898
            ],
            [
              -123.41255872282987,
              40.29939054226365
            ],
            [
              -123.41256567261028,
              40.29972016189355
            ],
            [
              -123.41264089149068,
              40.29988410155683
            ],
            [
              -123.41264281273207,
              40.299975662849015
            ],
            [
              -123.41279287050413,
              40.300285192871286
            ],
            [
              -123.41286887267995,
              40.300485738174366
            ],
            [
              -123.4128711737189,
              40.30059561190642
            ],
            [
              -123.41294601468327,
              40.300741239095345
            ],
            [
              -123.41321646901477,
              40.30108592282242
            ],
            [
              -123.41363001137859,
              40.301410515976556
            ],
            [
              -123.41367938370713,
              40.30148316599608
            ],
            [
              -123.41409214757756,
              40.30177115197141
            ],
            [
              -123.41471980654525,
              40.302038153897584
            ],
            [
              -123.41606616274714,
              40.302351201621086
            ],
            [
              -123.41647354299751,
              40.3023828080001
            ],
            [
              -123.4168099502199,
              40.30245191017824
            ],
            [
              -123.41762392650006,
              40.30247847412094
            ],
            [
              -123.41784034169221,
              40.30253073561322
            ],
            [
              -123.41807992398886,
              40.30254609888364
            ],
            [
              -123.41812851580379,
              40.30258212303349
            ],
            [
              -123.41829633971113,
              40.30259835958208
            ],
            [
              -123.41856137279233,
              40.30268666165103
            ],
            [
              -123.41889971262465,
              40.3028473195785
            ],
            [
              -123.41929832761444,
              40.30311942365142
            ],
            [
              -123.4193869794644,
              40.303262581211584
            ],
            [
              -123.41982720673847,
              40.303715048168044
            ],
            [
              -123.42024000683655,
              40.30400299573769
            ],
            [
              -123.42081987646564,
              40.30427056871801
            ],
            [
              -123.42176861875404,
              40.30500978758467
            ],
            [
              -123.42191562329681,
              40.30517280959599
            ],
            [
              -123.4221833914267,
              40.3053892898495
            ],
            [
              -123.42273380764827,
              40.30600971758142
            ],
            [
              -123.42272554702372,
              40.306133557014
            ],
            [
              -123.42285137463459,
              40.30642507401119
            ],
            [
              -123.4228567955021,
              40.30668144639279
            ],
            [
              -123.42290136881837,
              40.306698629612974
            ],
            [
              -123.42286961985322,
              40.30728575164202
            ],
            [
              -123.4229071378416,
              40.30792638974682
            ],
            [
              -123.42287678574701,
              40.30875104594727
            ],
            [
              -123.42292402418872,
              40.30984947420248
            ],
            [
              -123.42287735954584,
              40.309905013578316
            ],
            [
              -123.42288512135748,
              40.31027126038573
            ],
            [
              -123.42284077199302,
              40.310436655738656
            ],
            [
              -123.42282384017331,
              40.310766588468525
            ],
            [
              -123.4227544139412,
              40.310877338665904
            ],
            [
              -123.42267001312071,
              40.31140958298548
            ],
            [
              -123.42262372929251,
              40.31148343486201
            ],
            [
              -123.42263847735131,
              40.31226800473898
            ],
            [
              -123.42282185819197,
              40.31292804850476
            ],
            [
              -123.42317191179147,
              40.313638048948384
            ],
            [
              -123.42317504134371,
              40.313784547419274
            ],
            [
              -123.42329892488199,
              40.31398450424506
            ],
            [
              -123.42345491106543,
              40.31456870998135
            ],
            [
              -123.42348426625252,
              40.31482479149579
            ],
            [
              -123.42366416255236,
              40.315408687095605
            ],
            [
              -123.42367154662523,
              40.31575662286603
            ],
            [
              -123.42372328168742,
              40.31593916233545
            ],
            [
              -123.42372794171474,
              40.31615891142747
            ],
            [
              -123.42377728241502,
              40.31623761206586
            ],
            [
              -123.42377013208207,
              40.317019303021304
            ],
            [
              -123.42380226122206,
              40.31740355213344
            ],
            [
              -123.42373591368688,
              40.317660822130236
            ],
            [
              -123.42373863814049,
              40.31778900910464
            ],
            [
              -123.42381896699925,
              40.31819098729608
            ],
            [
              -123.42382828795108,
              40.3186304862978
            ],
            [
              -123.42396384505633,
              40.31937979852199
            ],
            [
              -123.42394808664217,
              40.31976465258577
            ],
            [
              -123.42405964485731,
              40.32010015131414
            ],
            [
              -123.42409029292902,
              40.32082527652825
            ],
            [
              -123.42414592938478,
              40.32119094119145
            ],
            [
              -123.42429725167375,
              40.32155539982245
            ],
            [
              -123.42469712058661,
              40.32212410039667
            ],
            [
              -123.42513364340789,
              40.32262570834032
            ],
            [
              -123.42566894560855,
              40.32304032927689
            ],
            [
              -123.42622742237188,
              40.323418029629046
            ],
            [
              -123.4270016257178,
              40.323811385416285
            ],
            [
              -123.42782092494309,
              40.32407592675984
            ],
            [
              -123.42791819618337,
              40.32414798572528
            ],
            [
              -123.42847355246313,
              40.32437917668479
            ],
            [
              -123.42900303495132,
              40.324519095940566
            ],
            [
              -123.42917208733444,
              40.32459025546661
            ],
            [
              -123.42929367917276,
              40.324680332480376
            ],
            [
              -123.42979923146255,
              40.32482056041596
            ],
            [
              -123.43055030059719,
              40.32525077674386
            ],
            [
              -123.43115861209932,
              40.32571944977424
            ],
            [
              -123.43145238776086,
              40.326027163339816
            ],
            [
              -123.4314535648025,
              40.32608210081083
            ],
            [
              -123.4315998410173,
              40.32620848929496
            ],
            [
              -123.43174888076348,
              40.326463064635284
            ],
            [
              -123.4318959512138,
              40.32662607758084
            ],
            [
              -123.43207087485871,
              40.32697192144385
            ],
            [
              -123.43212263818478,
              40.327154440607245
            ],
            [
              -123.43239525224298,
              40.32759063358057
            ],
            [
              -123.4325345824649,
              40.3280414436855
            ],
            [
              -123.43359110932569,
              40.32979206059113
            ],
            [
              -123.433893140402,
              40.33048433349448
            ],
            [
              -123.43396646545455,
              40.33055668325809
            ],
            [
              -123.43406649468432,
              40.33075692584383
            ],
            [
              -123.43409355885922,
              40.330903113727246
            ],
            [
              -123.43451600501194,
              40.33163050296452
            ],
            [
              -123.43454581624853,
              40.33190491588768
            ],
            [
              -123.4346964428068,
              40.332232739345585
            ],
            [
              -123.43482549274583,
              40.332670732854716
            ],
            [
              -123.43485450931854,
              40.33290848413732
            ],
            [
              -123.43560102478419,
              40.334236284596315
            ],
            [
              -123.43586620410352,
              40.334546149856926
            ],
            [
              -123.43629142481792,
              40.33518010709616
            ],
            [
              -123.43652694336687,
              40.3354197881203
            ],
            [
              -123.43663547628677,
              40.335597115517935
            ],
            [
              -123.43678139500659,
              40.335705186008866
            ],
            [
              -123.43749067414917,
              40.33641064282584
            ],
            [
              -123.43769117793528,
              40.33682941788985
            ],
            [
              -123.43769626757984,
              40.33706748297226
            ],
            [
              -123.4376523456403,
              40.33725119934685
            ],
            [
              -123.43723454339441,
              40.33786091951876
            ],
            [
              -123.43707487912924,
              40.338229256020476
            ],
            [
              -123.43705368864366,
              40.33835773993248
            ],
            [
              -123.43693797208408,
              40.33854237778504
            ],
            [
              -123.43694033488593,
              40.33865225372521
            ],
            [
              -123.43689443308999,
              40.338744406989825
            ],
            [
              -123.43690031586901,
              40.33901909757328
            ],
            [
              -123.43683247612735,
              40.33920312679768
            ],
            [
              -123.43681323772982,
              40.33942317455695
            ],
            [
              -123.4369183975531,
              40.339861462817865
            ],
            [
              -123.43760545077754,
              40.3406406305778
            ],
            [
              -123.43785289874216,
              40.3410220293252
            ],
            [
              -123.43826798563329,
              40.34140148795401
            ],
            [
              -123.43882510025932,
              40.34170588605549
            ],
            [
              -123.43887413898355,
              40.34176021544174
            ],
            [
              -123.43892201891734,
              40.341759606050374
            ],
            [
              -123.43918997377112,
              40.34197607428232
            ],
            [
              -123.43948109615792,
              40.34215558367527
            ],
            [
              -123.43952909155972,
              40.34215486013369
            ],
            [
              -123.43972359078478,
              40.342299075610526
            ],
            [
              -123.44010965609344,
              40.34244075802724
            ],
            [
              -123.44054553688363,
              40.342673393876886
            ],
            [
              -123.44158368195563,
              40.34308161490367
            ],
            [
              -123.44216711024454,
              40.34349556090998
            ],
            [
              -123.44233817967097,
              40.343658267569566
            ],
            [
              -123.44260214213809,
              40.344035140249254
            ],
            [
              -123.44258775138007,
              40.344131384345545
            ],
            [
              -123.44276789828496,
              40.344715265201565
            ],
            [
              -123.44287544968773,
              40.34526342735272
            ],
            [
              -123.44305473180628,
              40.34564564229513
            ],
            [
              -123.44312861226226,
              40.34590133924878
            ],
            [
              -123.44309913395257,
              40.346030387697795
            ],
            [
              -123.44315804873149,
              40.34615740408186
            ],
            [
              -123.4431635684542,
              40.346413783028495
            ],
            [
              -123.44329191993263,
              40.34681514674166
            ],
            [
              -123.44329743930327,
              40.34707150738946
            ],
            [
              -123.44357332036425,
              40.34765420442823
            ],
            [
              -123.44389275351864,
              40.348034830410384
            ],
            [
              -123.44441780380834,
              40.34842188179596
            ],
            [
              -123.44532461781891,
              40.34893263509354
            ],
            [
              -123.44592970473623,
              40.34923639121681
            ],
            [
              -123.44607568884642,
              40.349344451278334
            ],
            [
              -123.44626912197049,
              40.34943358727403
            ],
            [
              -123.44690170244935,
              40.349901839236495
            ],
            [
              -123.44699863979729,
              40.34995559012703
            ],
            [
              -123.44707044405591,
              40.34995468120381
            ],
            [
              -123.44716499229185,
              40.34986129892392
            ],
            [
              -123.44740156611523,
              40.34976732340614
            ],
            [
              -123.44773227381516,
              40.34956165241532
            ],
            [
              -123.44801754611073,
              40.34946644974616
            ],
            [
              -123.44865702770707,
              40.34914698250369
            ],
            [
              -123.44880063457953,
              40.349145162695486
            ],
            [
              -123.44944251518987,
              40.34893554900572
            ],
            [
              -123.44972853766915,
              40.34887698752924
            ],
            [
              -123.45022719651612,
              40.34868750369227
            ],
            [
              -123.45055775013626,
              40.34851585659446
            ],
            [
              -123.45101067997224,
              40.34841896694405
            ],
            [
              -123.45132302497102,
              40.34843549191477
            ],
            [
              -123.45229070330387,
              40.3488994748238
            ],
            [
              -123.4526516920762,
              40.348986478709556
            ],
            [
              -123.45306254081802,
              40.34916444937007
            ],
            [
              -123.45320656164272,
              40.34918093677062
            ],
            [
              -123.45366527358061,
              40.349358291201
            ],
            [
              -123.45426642553278,
              40.349478897287646
            ],
            [
              -123.45462544399103,
              40.349474331207205
            ],
            [
              -123.4552457587497,
              40.34937486247847
            ],
            [
              -123.45558083466155,
              40.349370610698415
            ],
            [
              -123.4557970506441,
              40.349404494177506
            ],
            [
              -123.45640018345459,
              40.349616635729866
            ],
            [
              -123.45657010192048,
              40.34972436684166
            ],
            [
              -123.45661798784212,
              40.34972376903883
            ],
            [
              -123.45722271273644,
              40.350009139484264
            ],
            [
              -123.45743893139004,
              40.35004302011684
            ],
            [
              -123.45791722754079,
              40.35001861905188
            ],
            [
              -123.4581541637234,
              40.34990569811731
            ],
            [
              -123.45877288874186,
              40.34973297889405
            ],
            [
              -123.45908404724337,
              40.34972901629021
            ],
            [
              -123.45944814570898,
              40.34992639254444
            ],
            [
              -123.45976379196537,
              40.35015997865861
            ],
            [
              -123.46017547142571,
              40.35037453277198
            ],
            [
              -123.46044312802313,
              40.35057260671132
            ],
            [
              -123.46071438491855,
              40.35093549495422
            ],
            [
              -123.46079138052622,
              40.35117264423902
            ],
            [
              -123.46083552537641,
              40.35214064258163
            ],
            [
              -123.46072868462404,
              40.35260083981467
            ],
            [
              -123.46073558486849,
              40.353005084354514
            ],
            [
              -123.46081576507873,
              40.35338871841952
            ],
            [
              -123.46101444266962,
              40.353715897662916
            ],
            [
              -123.46116085024497,
              40.35384225337589
            ],
            [
              -123.46157177059813,
              40.35402017742718
            ],
            [
              -123.46188733331262,
              40.354217649093535
            ],
            [
              -123.46217733615457,
              40.35434216918667
            ],
            [
              -123.46254240668758,
              40.35461225320439
            ],
            [
              -123.46256755231737,
              40.354666891583754
            ],
            [
              -123.46283564778618,
              40.354883273408745
            ],
            [
              -123.46313046096923,
              40.35522754514631
            ],
            [
              -123.4641805424702,
              40.356166634378155
            ],
            [
              -123.46461940438661,
              40.35652735908344
            ],
            [
              -123.46503273031105,
              40.35681514973663
            ],
            [
              -123.46515562292859,
              40.35696011396683
            ],
            [
              -123.4661543029095,
              40.357735008760024
            ],
            [
              -123.46642603172022,
              40.35811618057543
            ],
            [
              -123.46660161261373,
              40.35848027839968
            ],
            [
              -123.46663194793786,
              40.358772965742475
            ],
            [
              -123.46654982758473,
              40.35939680600359
            ],
            [
              -123.46634718847278,
              40.3599855427456
            ],
            [
              -123.46635080057841,
              40.36015035865872
            ],
            [
              -123.4662431565174,
              40.360701247742924
            ],
            [
              -123.46617623247971,
              40.36075144888683
            ],
            [
              -123.46617694494597,
              40.36095856713382
            ],
            [
              -123.46613148266994,
              40.36106902689605
            ],
            [
              -123.466122744991,
              40.361765218963654
            ],
            [
              -123.46615349712845,
              40.36207621966225
            ],
            [
              -123.4662840174612,
              40.36256911056027
            ],
            [
              -123.46628681883095,
              40.36269730120744
            ],
            [
              -123.46648674992612,
              40.36307939448583
            ],
            [
              -123.4667226844056,
              40.363364596921336
            ],
            [
              -123.46681040131413,
              40.363643076567044
            ],
            [
              -123.46693490708131,
              40.36386129179343
            ],
            [
              -123.46703268817305,
              40.36395163483802
            ],
            [
              -123.4672951579981,
              40.36440903893037
            ],
            [
              -123.46742853651325,
              40.3645327274356
            ],
            [
              -123.46742974144156,
              40.364587666262786
            ],
            [
              -123.46755265202668,
              40.36473262902918
            ],
            [
              -123.46770231410243,
              40.365005463069245
            ],
            [
              -123.4680478914122,
              40.36547729629635
            ],
            [
              -123.46817360868336,
              40.365750431047736
            ],
            [
              -123.4684190674938,
              40.36602204141391
            ],
            [
              -123.4685683183675,
              40.36627658060758
            ],
            [
              -123.46873991796225,
              40.36645754790349
            ],
            [
              -123.4689167367711,
              40.36687658382652
            ],
            [
              -123.46899015767835,
              40.366948914308225
            ],
            [
              -123.46921485250336,
              40.36736734803838
            ],
            [
              -123.4692168702039,
              40.36745889427988
            ],
            [
              -123.4693422020874,
              40.36771373350591
            ],
            [
              -123.46942044934843,
              40.36800580118262
            ],
            [
              -123.46941339037011,
              40.36877522983866
            ],
            [
              -123.4693576199853,
              40.369508635933066
            ],
            [
              -123.46949098192412,
              40.370129699350315
            ],
            [
              -123.46956561334008,
              40.37025696874252
            ],
            [
              -123.46956721416421,
              40.370330221050374
            ],
            [
              -123.46976558256486,
              40.37063905907815
            ],
            [
              -123.47020778784216,
              40.371146290689275
            ],
            [
              -123.47030516348232,
              40.37121830067589
            ],
            [
              -123.47030600042987,
              40.371254925840866
            ],
            [
              -123.47093932109674,
              40.37174137665506
            ],
            [
              -123.47145260034188,
              40.37221101740108
            ],
            [
              -123.47198576904192,
              40.372497243406556
            ],
            [
              -123.47217892592757,
              40.37256804511885
            ],
            [
              -123.47249499320755,
              40.37278380602435
            ],
            [
              -123.47293039347508,
              40.37297968802045
            ],
            [
              -123.47305211995608,
              40.373069707168334
            ],
            [
              -123.47346236490132,
              40.373210987123294
            ],
            [
              -123.47360804222524,
              40.373300685145814
            ],
            [
              -123.474018708102,
              40.373460257462185
            ],
            [
              -123.47464443825177,
              40.37359874121876
            ],
            [
              -123.47521908180806,
              40.37359135816379
            ],
            [
              -123.47629275993016,
              40.3733789635631
            ],
            [
              -123.47693813765017,
              40.37334941874037
            ],
            [
              -123.47696477254223,
              40.373317540382445
            ],
            [
              -123.4772250497127,
              40.37332740008861
            ],
            [
              -123.47728467203906,
              40.373361324211416
            ],
            [
              -123.47725975441918,
              40.37352303059975
            ],
            [
              -123.47706956701572,
              40.37387891023961
            ],
            [
              -123.47688325519233,
              40.374119438399525
            ],
            [
              -123.47670139460054,
              40.37456140975757
            ],
            [
              -123.4767066623291,
              40.374799460696046
            ],
            [
              -123.47680605184537,
              40.3750002155815
            ],
            [
              -123.47686325625962,
              40.37542081034085
            ],
            [
              -123.47677754615094,
              40.375879885607795
            ],
            [
              -123.47666347900966,
              40.37613781869882
            ],
            [
              -123.47667193978721,
              40.37652239421577
            ],
            [
              -123.47679973890043,
              40.376887124781604
            ],
            [
              -123.47682814372456,
              40.377088265809505
            ],
            [
              -123.47707567980744,
              40.3774514643658
            ],
            [
              -123.47734355575433,
              40.37764952255838
            ],
            [
              -123.4777794196336,
              40.377863719389765
            ],
            [
              -123.4779243198663,
              40.37791680444314
            ],
            [
              -123.47816458362911,
              40.377950346658054
            ],
            [
              -123.47843043387336,
              40.37805683726247
            ],
            [
              -123.47867352220933,
              40.37821857048469
            ],
            [
              -123.47877173296274,
              40.3783272002325
            ],
            [
              -123.47884762791452,
              40.3785094219779
            ],
            [
              -123.47879923177356,
              40.37957254812229
            ],
            [
              -123.47875293574522,
              40.379646388824874
            ],
            [
              -123.4787363630899,
              40.379863241604404
            ],
            [
              -123.47857711941634,
              40.38036311797474
            ],
            [
              -123.47858524253203,
              40.38072937996117
            ],
            [
              -123.47875932980956,
              40.381020232851
            ],
            [
              -123.47912462147745,
              40.38129029163438
            ],
            [
              -123.47972937559244,
              40.38155728102478
            ],
            [
              -123.47997289865735,
              40.381737306440336
            ],
            [
              -123.4801202146883,
              40.381900287156995
            ],
            [
              -123.48024441904612,
              40.38210017819282
            ],
            [
              -123.48024806473926,
              40.38226501509288
            ],
            [
              -123.48037668593042,
              40.3826663704737
            ],
            [
              -123.4806459652869,
              40.38316536402854
            ],
            [
              -123.4807748743826,
              40.38333901070153
            ],
            [
              -123.48126396575923,
              40.38434405123657
            ],
            [
              -123.48169375354387,
              40.384810947262714
            ],
            [
              -123.48204078269129,
              40.38533772421572
            ],
            [
              -123.48243329138431,
              40.38575397650868
            ],
            [
              -123.48274991660259,
              40.3859880250015
            ],
            [
              -123.48332957422878,
              40.386200343066285
            ],
            [
              -123.48347365141747,
              40.38621679647158
            ],
            [
              -123.48357066356334,
              40.386270501913664
            ],
            [
              -123.48425815469564,
              40.386310194926004
            ],
            [
              -123.48465163741714,
              40.38640304758279
            ],
            [
              -123.48487128306799,
              40.38658338549348
            ],
            [
              -123.48504744964254,
              40.38696581524688
            ],
            [
              -123.48531859266386,
              40.38731036466782
            ],
            [
              -123.48619827436832,
              40.38808665371102
            ],
            [
              -123.48675764000419,
              40.38846409898384
            ],
            [
              -123.48731297470705,
              40.388658390129756
            ],
            [
              -123.48778500363878,
              40.38892631008392
            ],
            [
              -123.48845287067347,
              40.38928476989141
            ],
            [
              -123.48935372283024,
              40.38993253973874
            ],
            [
              -123.48965049842609,
              40.39035000942475
            ],
            [
              -123.49007397093911,
              40.39107727762739
            ],
            [
              -123.49013001746042,
              40.391442914228726
            ],
            [
              -123.49014142117271,
              40.39195570454977
            ],
            [
              -123.49019462390581,
              40.392193148184155
            ],
            [
              -123.4903708554259,
              40.3925755530259
            ],
            [
              -123.49044392419995,
              40.39262955880506
            ],
            [
              -123.49044557072894,
              40.392702811501735
            ],
            [
              -123.49052026218632,
              40.392830070624655
            ],
            [
              -123.49083896694206,
              40.3931556667427
            ],
            [
              -123.49103384355024,
              40.39329967457472
            ],
            [
              -123.4910354915788,
              40.39337294573276
            ],
            [
              -123.49113454091089,
              40.39351819408381
            ],
            [
              -123.49113576517999,
              40.393573152407534
            ],
            [
              -123.49143216611405,
              40.39397230554611
            ],
            [
              -123.49143378956398,
              40.3940455589894
            ],
            [
              -123.49158402694661,
              40.39433670200529
            ],
            [
              -123.49165752240312,
              40.394409020004495
            ],
            [
              -123.49165874619557,
              40.39446395993429
            ],
            [
              -123.49205628007182,
              40.395099944022526
            ],
            [
              -123.49228206779547,
              40.395554970623266
            ],
            [
              -123.49235963918407,
              40.39581044020582
            ],
            [
              -123.49275838714838,
              40.3965013634414
            ],
            [
              -123.49274528601453,
              40.39694114120069
            ],
            [
              -123.49260539972433,
              40.397162821140746
            ],
            [
              -123.49261317135989,
              40.39751077434659
            ],
            [
              -123.4925468450497,
              40.39775948397752
            ],
            [
              -123.4925093226161,
              40.398226560815445
            ],
            [
              -123.49250045873762,
              40.39890447998542
            ],
            [
              -123.49253991251861,
              40.39960008301028
            ],
            [
              -123.492616687924,
              40.39981890762356
            ],
            [
              -123.49308651358295,
              40.40047226944762
            ],
            [
              -123.49351294521804,
              40.400795398924316
            ],
            [
              -123.49388238515729,
              40.40102808417528
            ],
            [
              -123.4948862762924,
              40.40138893158741
            ],
            [
              -123.49510337159188,
              40.40152243558992
            ],
            [
              -123.49525652539315,
              40.40168025588353
            ],
            [
              -123.49546198139976,
              40.40202881957879
            ],
            [
              -123.49570802611602,
              40.40280013007233
            ],
            [
              -123.49578092943686,
              40.40314106314684
            ],
            [
              -123.49582476013371,
              40.403673022890274
            ],
            [
              -123.49572348504381,
              40.40410748398269
            ],
            [
              -123.49493414651677,
              40.4051186760178
            ],
            [
              -123.49417541871178,
              40.40577285358506
            ],
            [
              -123.49397086082914,
              40.40602160412303
            ],
            [
              -123.49356763293197,
              40.40639697469248
            ],
            [
              -123.49324688446272,
              40.40658867108596
            ],
            [
              -123.49294115913493,
              40.40684909121095
            ],
            [
              -123.49284616381162,
              40.40688699628823
            ],
            [
              -123.49235286701777,
              40.40733306980663
            ],
            [
              -123.49196190753288,
              40.40807089882573
            ],
            [
              -123.4918048400779,
              40.40854922570753
            ],
            [
              -123.49166394049672,
              40.40867929100066
            ],
            [
              -123.49152591233353,
              40.408937550392494
            ],
            [
              -123.4915088944486,
              40.409249204293765
            ],
            [
              -123.49156006636905,
              40.40939508326643
            ],
            [
              -123.49165916276829,
              40.40954033243677
            ],
            [
              -123.4919519590707,
              40.4097746677007
            ],
            [
              -123.49209935816069,
              40.40993761951167
            ],
            [
              -123.49215136506176,
              40.41004669559802
            ],
            [
              -123.49214660816395,
              40.41098116698837
            ],
            [
              -123.49222134556516,
              40.41110842632442
            ],
            [
              -123.49228315031169,
              40.411599949028414
            ],
            [
              -123.49246365639956,
              40.41211686202482
            ],
            [
              -123.4924918618561,
              40.41277486614003
            ],
            [
              -123.49243356200809,
              40.41314275147687
            ],
            [
              -123.49222723261173,
              40.41361021445544
            ],
            [
              -123.4916766179324,
              40.41426936813082
            ],
            [
              -123.49152936521224,
              40.414577936179114
            ],
            [
              -123.49150957846108,
              40.414824673461005
            ],
            [
              -123.49155393942986,
              40.41507012134142
            ],
            [
              -123.49177684101143,
              40.415444538640244
            ],
            [
              -123.49207434636396,
              40.41577302588531
            ],
            [
              -123.49235387303803,
              40.415979519194316
            ],
            [
              -123.49238852220192,
              40.416063064119214
            ],
            [
              -123.49333057888983,
              40.416678296950515
            ],
            [
              -123.49398331590612,
              40.41703910707606
            ],
            [
              -123.49417621148949,
              40.417091544807924
            ],
            [
              -123.49427369770703,
              40.41716355643512
            ],
            [
              -123.49453931476602,
              40.41725170206262
            ],
            [
              -123.49475780378656,
              40.41737708746226
            ],
            [
              -123.49492443010679,
              40.41741358166072
            ],
            [
              -123.49548606758194,
              40.41774987937291
            ],
            [
              -123.49631624325944,
              40.418474191881025
            ],
            [
              -123.49641576373276,
              40.418637770659956
            ],
            [
              -123.49680818232507,
              40.4190356736204
            ],
            [
              -123.49703038962109,
              40.41932587753609
            ],
            [
              -123.49742153760197,
              40.4196688206919
            ],
            [
              -123.49744673211634,
              40.41972345490311
            ],
            [
              -123.49881275562214,
              40.42078641120617
            ],
            [
              -123.49891105516784,
              40.42089504723639
            ],
            [
              -123.49891228490844,
              40.420949988296414
            ],
            [
              -123.49901058393486,
              40.42105860583323
            ],
            [
              -123.49909920328042,
              40.42126377323259
            ],
            [
              -123.4992340362499,
              40.42140374736924
            ],
            [
              -123.49995011188635,
              40.422529875772206
            ],
            [
              -123.50003569971842,
              40.422766667120996
            ],
            [
              -123.50008278363933,
              40.423094732171485
            ],
            [
              -123.50010412843992,
              40.423464381951135
            ],
            [
              -123.50001361693354,
              40.42428847474428
            ],
            [
              -123.49958915585508,
              40.42558824483274
            ],
            [
              -123.49952562555751,
              40.42597531233487
            ],
            [
              -123.49953281502526,
              40.426181043419604
            ],
            [
              -123.4996596096696,
              40.42649080491663
            ],
            [
              -123.50007768983076,
              40.42696164822036
            ],
            [
              -123.50015243353191,
              40.42708890514624
            ],
            [
              -123.50015449288477,
              40.427180473805294
            ],
            [
              -123.5002544594638,
              40.427362345586
            ],
            [
              -123.50030772134897,
              40.427599791831184
            ],
            [
              -123.50031633778394,
              40.42798438135164
            ],
            [
              -123.50027126453445,
              40.42811319283736
            ],
            [
              -123.50027621224444,
              40.42833295767729
            ],
            [
              -123.500186918618,
              40.42862722581271
            ],
            [
              -123.5000728267655,
              40.42888517389609
            ],
            [
              -123.50002571828855,
              40.42892243433776
            ],
            [
              -123.50000421074205,
              40.42903262448073
            ],
            [
              -123.49993396160447,
              40.42910681958445
            ],
            [
              -123.4998294961002,
              40.42944503159668
            ],
            [
              -123.49983222215711,
              40.4299141806717
            ],
            [
              -123.49988096417545,
              40.42995017578159
            ],
            [
              -123.49991025736348,
              40.43018792998997
            ],
            [
              -123.50010813959591,
              40.43046012431598
            ],
            [
              -123.50048916878961,
              40.43086799508744
            ],
            [
              -123.5007679260719,
              40.431019390623625
            ],
            [
              -123.50138630497744,
              40.43123114147599
            ],
            [
              -123.50180080241313,
              40.43153720950526
            ],
            [
              -123.50261200503446,
              40.43242443089013
            ],
            [
              -123.50351542932931,
              40.433145516588986
            ],
            [
              -123.50361420496608,
              40.43327248116432
            ],
            [
              -123.50359063860306,
              40.43329112168306
            ],
            [
              -123.50369064903947,
              40.43347304622896
            ],
            [
              -123.5037691335242,
              40.43376518106329
            ],
            [
              -123.50377366761035,
              40.43396668867263
            ],
            [
              -123.50405094356252,
              40.434567712422
            ],
            [
              -123.50435443842447,
              40.4348614444007
            ],
            [
              -123.50493948859865,
              40.43569211355919
            ],
            [
              -123.50518542233976,
              40.435963737749944
            ],
            [
              -123.50543461270148,
              40.436381910709116
            ],
            [
              -123.50573093986026,
              40.43676280136809
            ],
            [
              -123.50570739702897,
              40.43678144166142
            ],
            [
              -123.50583096046579,
              40.43694472471665
            ],
            [
              -123.50593181317502,
              40.437163275607034
            ],
            [
              -123.50620334351085,
              40.43750786466096
            ],
            [
              -123.50681340347265,
              40.437976255530565
            ],
            [
              -123.50725112541171,
              40.43824535171686
            ],
            [
              -123.50795915566934,
              40.43880405336919
            ],
            [
              -123.50795996508526,
              40.43884070011347
            ],
            [
              -123.50817987781669,
              40.439021040057064
            ],
            [
              -123.50822986812145,
              40.43911199239032
            ],
            [
              -123.50842538149092,
              40.439274327354035
            ],
            [
              -123.50878022813768,
              40.43967732704005
            ],
            [
              -123.50916488224854,
              40.44016243705818
            ],
            [
              -123.5092657262676,
              40.440381004939304
            ],
            [
              -123.50948562280304,
              40.440561343484
            ],
            [
              -123.50968278674787,
              40.44079695113917
            ],
            [
              -123.51017138846281,
              40.4411936165541
            ],
            [
              -123.51063931299157,
              40.44173715700375
            ],
            [
              -123.51073684964253,
              40.441809175602145
            ],
            [
              -123.51121831345299,
              40.442444420912445
            ],
            [
              -123.51120893259893,
              40.44253590878079
            ],
            [
              -123.51148053141405,
              40.442880468724915
            ],
            [
              -123.5120675318532,
              40.44338577314485
            ],
            [
              -123.51294516030933,
              40.44401551756949
            ],
            [
              -123.51306794123873,
              40.4441421659613
            ],
            [
              -123.51365329179352,
              40.44457420786363
            ],
            [
              -123.51436642762015,
              40.44535269864105
            ],
            [
              -123.51471370269782,
              40.44586116661339
            ],
            [
              -123.51471535085986,
              40.445934422905594
            ],
            [
              -123.51508827944032,
              40.44651585399677
            ],
            [
              -123.51508952188829,
              40.446570796071036
            ],
            [
              -123.51516311884329,
              40.446643121021594
            ],
            [
              -123.51536364141222,
              40.447025269730055
            ],
            [
              -123.51534050389812,
              40.447062226270695
            ],
            [
              -123.51536572235452,
              40.44711687652111
            ],
            [
              -123.51571549879118,
              40.44773522669115
            ],
            [
              -123.51584285852628,
              40.44806336385359
            ],
            [
              -123.51587015842702,
              40.448209602484965
            ],
            [
              -123.51584742710176,
              40.44826487343323
            ],
            [
              -123.51597600829096,
              40.44864797188091
            ],
            [
              -123.51603103877153,
              40.44895874441379
            ],
            [
              -123.51618110937008,
              40.44923161122085
            ],
            [
              -123.51625470922403,
              40.44930391725615
            ],
            [
              -123.516282010424,
              40.44945015594932
            ],
            [
              -123.51645943206091,
              40.44986924147395
            ],
            [
              -123.51646192004954,
              40.449979144336695
            ],
            [
              -123.51663972731313,
              40.450416563211036
            ],
            [
              -123.51673895606194,
              40.450561833484095
            ],
            [
              -123.51671579399272,
              40.45059879107483
            ],
            [
              -123.51679147772509,
              40.450762685494254
            ],
            [
              -123.51687254747011,
              40.45116473698186
            ],
            [
              -123.51697385991531,
              40.45140159582446
            ],
            [
              -123.51700156997748,
              40.45156614894087
            ],
            [
              -123.51705076586133,
              40.45162045159856
            ],
            [
              -123.51710702494778,
              40.45198620427892
            ],
            [
              -123.5175056549724,
              40.45264055800388
            ],
            [
              -123.5176776806939,
              40.452821523011025
            ],
            [
              -123.51775293887668,
              40.452967121921255
            ],
            [
              -123.51805493935093,
              40.45327855101193
            ],
            [
              -123.51819618047794,
              40.4534743035414
            ],
            [
              -123.51873579140295,
              40.45399853466484
            ],
            [
              -123.51878582943272,
              40.45408948320448
            ],
            [
              -123.51895743053781,
              40.45425213298366
            ],
            [
              -123.51944533519975,
              40.454612138321984
            ],
            [
              -123.52003332525129,
              40.45515403810137
            ],
            [
              -123.52015903868663,
              40.455408898327484
            ],
            [
              -123.52030626083447,
              40.45555354325189
            ],
            [
              -123.52043809923896,
              40.45583246112168
            ],
            [
              -123.52051103207258,
              40.45611884532988
            ],
            [
              -123.52058629937892,
              40.45626444292642
            ],
            [
              -123.52058960895808,
              40.456410975070575
            ],
            [
              -123.52073973630672,
              40.45668383739208
            ],
            [
              -123.52098580150108,
              40.45695545348051
            ],
            [
              -123.52147414134726,
              40.45733374763377
            ],
            [
              -123.52159655106372,
              40.45744205617639
            ],
            [
              -123.52159739171896,
              40.45747870272023
            ],
            [
              -123.52230699386422,
              40.458092291818346
            ],
            [
              -123.52324161487157,
              40.45910598214961
            ],
            [
              -123.52346496776738,
              40.459432848266474
            ],
            [
              -123.52352210428695,
              40.45983519176072
            ],
            [
              -123.52372398086666,
              40.46027227314207
            ],
            [
              -123.52407389312239,
              40.46089062503306
            ],
            [
              -123.52410080511711,
              40.46101853055704
            ],
            [
              -123.52424970470037,
              40.46123642859934
            ],
            [
              -123.52432664308279,
              40.461455281678724
            ],
            [
              -123.52428786876094,
              40.46185891038314
            ],
            [
              -123.524033255351,
              40.462265439845304
            ],
            [
              -123.52396715719948,
              40.46252283010909
            ],
            [
              -123.5238518258437,
              40.46272592062569
            ],
            [
              -123.52371878693859,
              40.46320409133296
            ],
            [
              -123.52372128730121,
              40.46331401371497
            ],
            [
              -123.52367457696906,
              40.46336959869452
            ],
            [
              -123.5237027143235,
              40.46355244803198
            ],
            [
              -123.52375235769699,
              40.463625099244155
            ],
            [
              -123.5242403484591,
              40.46398507015126
            ],
            [
              -123.52470645675402,
              40.464436959309744
            ],
            [
              -123.52510190488843,
              40.46494476240082
            ],
            [
              -123.52534682607647,
              40.46538445955528
            ],
            [
              -123.52554904934512,
              40.46561678762129
            ],
            [
              -123.52557471496803,
              40.465689750479655
            ],
            [
              -123.52674933795879,
              40.46670022302799
            ],
            [
              -123.5272605272089,
              40.46702324145263
            ],
            [
              -123.52831025091315,
              40.467815492134015
            ],
            [
              -123.52862622761404,
              40.46799451220451
            ],
            [
              -123.52930996037688,
              40.46851678839295
            ],
            [
              -123.52962845123183,
              40.46880571036903
            ],
            [
              -123.53028734735656,
              40.46929164840047
            ],
            [
              -123.53033531173865,
              40.46929102205779
            ],
            [
              -123.53045691054713,
              40.46936269453298
            ],
            [
              -123.5313354706402,
              40.47001059901755
            ],
            [
              -123.531606423328,
              40.47031849444073
            ],
            [
              -123.532217382027,
              40.47080506811613
            ],
            [
              -123.53275178511693,
              40.471091103928416
            ],
            [
              -123.53309051249686,
              40.47121483801642
            ],
            [
              -123.53318856938289,
              40.47130513552816
            ],
            [
              -123.53357652118535,
              40.47148318389437
            ],
            [
              -123.53460283172734,
              40.47229403049384
            ],
            [
              -123.5348307554927,
              40.47235089603995
            ],
            [
              -123.53511201298197,
              40.4725254089928
            ],
            [
              -123.53572905410111,
              40.47267062579508
            ],
            [
              -123.53619683897874,
              40.472749112978576
            ],
            [
              -123.53670137800326,
              40.47277900956515
            ],
            [
              -123.53684655875317,
              40.472832010137196
            ],
            [
              -123.53718321701724,
              40.47286414255699
            ],
            [
              -123.53773742016183,
              40.472966662901655
            ],
            [
              -123.53819399457007,
              40.47299718263244
            ],
            [
              -123.53884541799196,
              40.47315336318044
            ],
            [
              -123.53908779597961,
              40.473260044899064
            ],
            [
              -123.53930747840441,
              40.47342202031311
            ],
            [
              -123.5401087305056,
              40.47383270490435
            ],
            [
              -123.54130181676443,
              40.47458627395148
            ],
            [
              -123.54215696720578,
              40.47525275305647
            ],
            [
              -123.54254919272408,
              40.475613954199176
            ],
            [
              -123.54255004329426,
              40.47565058273402
            ],
            [
              -123.54277141795278,
              40.47588581011955
            ],
            [
              -123.5430399352553,
              40.47608375823739
            ],
            [
              -123.54343260726206,
              40.476463270778304
            ],
            [
              -123.54382316647911,
              40.476751192019485
            ],
            [
              -123.5439725713643,
              40.47698738393215
            ],
            [
              -123.54451300528133,
              40.47752980822723
            ],
            [
              -123.5450012171256,
              40.47788970106837
            ],
            [
              -123.54551217697077,
              40.47819433206494
            ],
            [
              -123.54602479756834,
              40.47857221961963
            ],
            [
              -123.546172117595,
              40.478716818265724
            ],
            [
              -123.54624789740869,
              40.47888069861254
            ],
            [
              -123.54637123406613,
              40.47902563174036
            ],
            [
              -123.54637250081441,
              40.47908057500788
            ],
            [
              -123.54662041860925,
              40.479425384931446
            ],
            [
              -123.5467925807529,
              40.479606313679156
            ],
            [
              -123.54745134136287,
              40.480161956050374
            ],
            [
              -123.54763814570688,
              40.480388549223996
            ],
            [
              -123.54828600104761,
              40.480887139269015
            ],
            [
              -123.54852883360115,
              40.48101211793362
            ],
            [
              -123.54945613248945,
              40.48167758049211
            ],
            [
              -123.54957735509852,
              40.481730901878116
            ],
            [
              -123.55045753136095,
              40.482433638967606
            ],
            [
              -123.55080144870561,
              40.482777135672734
            ],
            [
              -123.55104854439323,
              40.48308529069862
            ],
            [
              -123.55125054121464,
              40.48357868459329
            ],
            [
              -123.55125788570066,
              40.48383371797815
            ],
            [
              -123.5513606752735,
              40.48412549736033
            ],
            [
              -123.55153366828986,
              40.484343068814724
            ],
            [
              -123.55195002442353,
              40.48470390596298
            ],
            [
              -123.55197613817388,
              40.48479516083618
            ],
            [
              -123.55222241431292,
              40.48506668460058
            ],
            [
              -123.55280881592726,
              40.48551683254047
            ],
            [
              -123.55312877240188,
              40.485860659651564
            ],
            [
              -123.55411730567982,
              40.48672041515004
            ],
            [
              -123.55652658974965,
              40.48852648307956
            ],
            [
              -123.55730414228972,
              40.48893737951859
            ],
            [
              -123.55778780854226,
              40.489095747398544
            ],
            [
              -123.55826933954933,
              40.489162485654774
            ],
            [
              -123.55831819970257,
              40.48919847664752
            ],
            [
              -123.55867848986198,
              40.48921190012822
            ],
            [
              -123.55903708524167,
              40.48915204575309
            ],
            [
              -123.55980355359222,
              40.48908665750378
            ],
            [
              -123.56013985575346,
              40.48910041404467
            ],
            [
              -123.56078679928632,
              40.489054965987926
            ],
            [
              -123.56160380006501,
              40.48909883410006
            ],
            [
              -123.56198938187563,
              40.48916687164047
            ],
            [
              -123.5624464569396,
              40.489176713070194
            ],
            [
              -123.56287918656163,
              40.489246384544046
            ],
            [
              -123.56356138476964,
              40.489424925160854
            ],
            [
              -123.56469488450298,
              40.48991792950082
            ],
            [
              -123.56604916044562,
              40.490357537135424
            ],
            [
              -123.56694031506728,
              40.490491963233204
            ],
            [
              -123.56718153390592,
              40.49054364738657
            ],
            [
              -123.56727877209941,
              40.490597291314124
            ],
            [
              -123.56788115418051,
              40.49069900044393
            ],
            [
              -123.56795400837228,
              40.490734648825494
            ],
            [
              -123.56894154602324,
              40.49088605667762
            ],
            [
              -123.5690388101211,
              40.49093969854858
            ],
            [
              -123.56961765350323,
              40.49106005244036
            ],
            [
              -123.56981129462429,
              40.491130706928836
            ],
            [
              -123.57043811849121,
              40.49125039696141
            ],
            [
              -123.57167206317848,
              40.49167325271652
            ],
            [
              -123.57184216426855,
              40.49176255774128
            ],
            [
              -123.57301450848082,
              40.49262602216972
            ],
            [
              -123.57349996570771,
              40.4928575686416
            ],
            [
              -123.57371718314666,
              40.492909562417516
            ],
            [
              -123.57376602845909,
              40.49294552971203
            ],
            [
              -123.57417607750963,
              40.49303152214453
            ],
            [
              -123.57490319626362,
              40.4933330482128
            ],
            [
              -123.57608706594098,
              40.49366495031857
            ],
            [
              -123.57625720129985,
              40.49375424875241
            ],
            [
              -123.5765956862322,
              40.493859533303656
            ],
            [
              -123.57666896985229,
              40.49391349145137
            ],
            [
              -123.57678936488381,
              40.49393015795462
            ],
            [
              -123.57739439423617,
              40.49414172627966
            ],
            [
              -123.57746765550775,
              40.4941957030947
            ],
            [
              -123.57756406095154,
              40.49421269113617
            ],
            [
              -123.57787943014618,
              40.49435496027016
            ],
            [
              -123.57800156365388,
              40.494444883357886
            ],
            [
              -123.57826853163186,
              40.49456948151564
            ],
            [
              -123.57892242070155,
              40.4948170265039
            ],
            [
              -123.57957412651021,
              40.494972959380135
            ],
            [
              -123.57971646390492,
              40.49497326571354
            ],
            [
              -123.57979939233924,
              40.49500758349759
            ],
            [
              -123.58007973133908,
              40.495039290002694
            ],
            [
              -123.58044181869023,
              40.49512590747574
            ],
            [
              -123.58090158541594,
              40.495284490593455
            ],
            [
              -123.5814115245784,
              40.495534016237414
            ],
            [
              -123.58175350973848,
              40.49578583932188
            ],
            [
              -123.58260459709541,
              40.49625051596304
            ],
            [
              -123.58296796513072,
              40.496392088993076
            ],
            [
              -123.58340248342043,
              40.49649604196587
            ],
            [
              -123.5835464265094,
              40.49649404598514
            ],
            [
              -123.58437928794203,
              40.49618937264165
            ],
            [
              -123.58545206953848,
              40.4958813628738
            ],
            [
              -123.58600132597536,
              40.495763839869205
            ],
            [
              -123.58664591252128,
              40.49568252107983
            ],
            [
              -123.5873192644456,
              40.49567232848716
            ],
            [
              -123.58758111319906,
              40.49562111193259
            ],
            [
              -123.58894957087665,
              40.49559480546568
            ],
            [
              -123.58930859799169,
              40.495553178117476
            ],
            [
              -123.59005196683478,
              40.4955245569143
            ],
            [
              -123.5903891796561,
              40.49557486043635
            ],
            [
              -123.59043803505142,
              40.49561082125488
            ],
            [
              -123.59065487155425,
              40.49564447006501
            ],
            [
              -123.59091664762543,
              40.49574525432084
            ],
            [
              -123.59111336202785,
              40.495748053423135
            ],
            [
              -123.59149692836029,
              40.49585983814006
            ],
            [
              -123.59210281655501,
              40.49597253400105
            ],
            [
              -123.59258880742314,
              40.496222320578234
            ],
            [
              -123.59288197659039,
              40.496438134736046
            ],
            [
              -123.59327897753084,
              40.49698234406976
            ],
            [
              -123.59343254312913,
              40.49738332845788
            ],
            [
              -123.5936048640778,
              40.497564176619115
            ],
            [
              -123.59384918313145,
              40.497744029102286
            ],
            [
              -123.594116616951,
              40.497886908327935
            ],
            [
              -123.59452757024766,
              40.49800944506787
            ],
            [
              -123.59492056916297,
              40.49818321846653
            ],
            [
              -123.59550092887373,
              40.49856395967191
            ],
            [
              -123.59564881521052,
              40.4987268168554
            ],
            [
              -123.59587263964902,
              40.49905352604653
            ],
            [
              -123.59587394524338,
              40.49910848817123
            ],
            [
              -123.59627100655582,
              40.499652670056776
            ],
            [
              -123.59693213679459,
              40.50010048010479
            ],
            [
              -123.5973931374341,
              40.50027759154634
            ],
            [
              -123.5975617986447,
              40.50029359644974
            ],
            [
              -123.59761073596741,
              40.50032960778243
            ],
            [
              -123.59802149022099,
              40.500415651268
            ],
            [
              -123.59831361706823,
              40.50041735342297
            ],
            [
              -123.59835926709692,
              40.500466010114145
            ],
            [
              -123.59888798093662,
              40.50045863807637
            ],
            [
              -123.59931970045415,
              40.50041592672331
            ],
            [
              -123.59980124143374,
              40.50044592697406
            ],
            [
              -123.59987419633588,
              40.50048161011356
            ],
            [
              -123.6003561910306,
              40.500529940750965
            ],
            [
              -123.60069263297069,
              40.50052525809011
            ],
            [
              -123.60095788570776,
              40.500558260446596
            ],
            [
              -123.60129389767982,
              40.500535224493724
            ],
            [
              -123.60136644747155,
              40.50055255439672
            ],
            [
              -123.60150975610311,
              40.50051384639184
            ],
            [
              -123.60316758832742,
              40.50047234569047
            ],
            [
              -123.60372297362906,
              40.500574714511224
            ],
            [
              -123.6046209990329,
              40.50092919524859
            ],
            [
              -123.6050321951156,
              40.50103354882027
            ],
            [
              -123.60544207581151,
              40.501082865201305
            ],
            [
              -123.60580255974988,
              40.50107782116797
            ],
            [
              -123.60618842559258,
              40.50112748197959
            ],
            [
              -123.60655243147255,
              40.501269210048335
            ],
            [
              -123.6068941945315,
              40.501484634109765
            ],
            [
              -123.60718567453524,
              40.50160901454487
            ],
            [
              -123.6079439222401,
              40.502148961239364
            ],
            [
              -123.60796973676244,
              40.50222200005247
            ],
            [
              -123.60811657016288,
              40.502330058730685
            ],
            [
              -123.60841467594007,
              40.502729651930885
            ],
            [
              -123.60856244638101,
              40.50287439294139
            ],
            [
              -123.60891127630549,
              40.503383360686314
            ],
            [
              -123.6089104796263,
              40.503439602412605
            ],
            [
              -123.60933220993809,
              40.50389130198851
            ],
            [
              -123.60979811258431,
              40.50427016003628
            ],
            [
              -123.61057739925107,
              40.504681319186666
            ],
            [
              -123.6109405665366,
              40.50478633143322
            ],
            [
              -123.61163976367146,
              40.50486827859862
            ],
            [
              -123.61197845961863,
              40.50495528485556
            ],
            [
              -123.61241240920903,
              40.50500424803463
            ],
            [
              -123.6138308595417,
              40.505002647206574
            ],
            [
              -123.61397460362002,
              40.50498227635946
            ],
            [
              -123.61414154700014,
              40.50492487049139
            ],
            [
              -123.61442506417534,
              40.50471902016185
            ],
            [
              -123.61468059020471,
              40.50434837328476
            ],
            [
              -123.61527213793327,
              40.503954670592066
            ],
            [
              -123.61582091849709,
              40.503781770127794
            ],
            [
              -123.6162290643362,
              40.50375768193762
            ],
            [
              -123.61673551808379,
              40.50382395259595
            ],
            [
              -123.61695316624328,
              40.503875952827094
            ],
            [
              -123.61705063192358,
              40.503929627181876
            ],
            [
              -123.6175575701198,
              40.504014244752774
            ],
            [
              -123.61784775257544,
              40.50408356458328
            ],
            [
              -123.61789670255416,
              40.5041195680391
            ],
            [
              -123.61823451054033,
              40.50416987299026
            ],
            [
              -123.61835601923048,
              40.504223214759
            ],
            [
              -123.6191033017719,
              40.504304438237604
            ],
            [
              -123.6192955600637,
              40.50430173098247
            ],
            [
              -123.61944111053752,
              40.50435472148535
            ],
            [
              -123.62026049576481,
              40.504434924844496
            ],
            [
              -123.62047812322797,
              40.504486901200316
            ],
            [
              -123.62129618240921,
              40.504512061895454
            ],
            [
              -123.62184717664718,
              40.504430873148344
            ],
            [
              -123.62213381134518,
              40.50435340874973
            ],
            [
              -123.62275912741937,
              40.50436292121356
            ],
            [
              -123.62333815125898,
              40.504446500834575
            ],
            [
              -123.62384599525322,
              40.504567776938885
            ],
            [
              -123.62396794458198,
              40.50463946488343
            ],
            [
              -123.6241855994668,
              40.50469143404743
            ],
            [
              -123.6245456640849,
              40.50466798394989
            ],
            [
              -123.62487945992555,
              40.504553145722014
            ],
            [
              -123.62507128254757,
              40.504532077883184
            ],
            [
              -123.62538149556731,
              40.504435922148865
            ],
            [
              -123.62543001425142,
              40.50445358943643
            ],
            [
              -123.62566858691018,
              40.50437680052571
            ],
            [
              -123.62614837131589,
              40.50433329358512
            ],
            [
              -123.62618180356745,
              40.50429455471475
            ],
            [
              -123.6263495593375,
              40.50427381872057
            ],
            [
              -123.62675806762881,
              40.50426803124021
            ],
            [
              -123.62702375749996,
              40.50431931194021
            ],
            [
              -123.62716793315018,
              40.50431727746803
            ],
            [
              -123.6273138567821,
              40.50437951326273
            ],
            [
              -123.6276497641516,
              40.50437100849087
            ],
            [
              -123.6279160017939,
              40.504435117158636
            ],
            [
              -123.62863779961691,
              40.50446156607076
            ],
            [
              -123.62995456577072,
              40.504241051094304
            ],
            [
              -123.63084234422618,
              40.504173377190135
            ],
            [
              -123.63089130165498,
              40.50420939395673
            ],
            [
              -123.63139638640365,
              40.50422055212616
            ],
            [
              -123.63190327004841,
              40.50430509485437
            ],
            [
              -123.63207146209072,
              40.50430270274591
            ],
            [
              -123.6321204202187,
              40.50433871903205
            ],
            [
              -123.63224101527592,
              40.50435534540778
            ],
            [
              -123.63289030097812,
              40.504364456268654
            ],
            [
              -123.63353688763165,
              40.504263511491665
            ],
            [
              -123.63420970341892,
              40.50425393142949
            ],
            [
              -123.6343770192481,
              40.5042148514186
            ],
            [
              -123.63461731068442,
              40.50421143402658
            ],
            [
              -123.63495150290842,
              40.50411492108464
            ],
            [
              -123.63540629041786,
              40.50403504897901
            ],
            [
              -123.63550106780814,
              40.50397865668535
            ],
            [
              -123.63571734104958,
              40.503975571371555
            ],
            [
              -123.63579078018634,
              40.50402958440822
            ],
            [
              -123.63591091256814,
              40.50402785632698
            ],
            [
              -123.63627362608172,
              40.504114444255684
            ],
            [
              -123.63722295677464,
              40.5045963353744
            ],
            [
              -123.6378041680457,
              40.5047715325726
            ],
            [
              -123.6383627061407,
              40.50500209751015
            ],
            [
              -123.63908902715868,
              40.50521192448636
            ],
            [
              -123.63940727746002,
              40.505445910860686
            ],
            [
              -123.63953192790913,
              40.50562763651949
            ],
            [
              -123.63965926248883,
              40.505919396616626
            ],
            [
              -123.63981742493537,
              40.50648596051779
            ],
            [
              -123.64006538816723,
              40.50679435707288
            ],
            [
              -123.64021225368963,
              40.506902360503545
            ],
            [
              -123.64069693073561,
              40.50706057160115
            ],
            [
              -123.64125012190158,
              40.50707101787429
            ],
            [
              -123.64194387690456,
              40.5069326552012
            ],
            [
              -123.64234834149924,
              40.506761728412634
            ],
            [
              -123.64261133753847,
              40.5067029051656
            ],
            [
              -123.64292464341736,
              40.50673512916655
            ],
            [
              -123.64311959699786,
              40.50684243800945
            ],
            [
              -123.64329322284735,
              40.507060135267736
            ],
            [
              -123.64336938503571,
              40.50722419626733
            ],
            [
              -123.64359060866805,
              40.50742287008817
            ],
            [
              -123.64422627882988,
              40.507854135064626
            ],
            [
              -123.64464383678796,
              40.50821514908565
            ],
            [
              -123.64513169053315,
              40.50850174708289
            ],
            [
              -123.64549531827987,
              40.50862497482579
            ],
            [
              -123.64571476424415,
              40.50875027612317
            ],
            [
              -123.64629695984202,
              40.50896211763475
            ],
            [
              -123.64673225554994,
              40.509065979836514
            ],
            [
              -123.64690273620137,
              40.50915526840625
            ],
            [
              -123.64736295887545,
              40.50929545770921
            ],
            [
              -123.6479673927335,
              40.50943358598942
            ],
            [
              -123.64821039842538,
              40.50954019541175
            ],
            [
              -123.64852511593446,
              40.50962742129732
            ],
            [
              -123.64862123906065,
              40.509626036069406
            ],
            [
              -123.64939478914992,
              40.50979840839768
            ],
            [
              -123.65045492280493,
              40.50989328409
            ],
            [
              -123.65057643977322,
              40.509946576877404
            ],
            [
              -123.65149374068375,
              40.5100985042908
            ],
            [
              -123.65258471021565,
              40.5104681651464
            ],
            [
              -123.6533388094588,
              40.51082428970436
            ],
            [
              -123.65350974576837,
              40.51093192098381
            ],
            [
              -123.65384984796653,
              40.51107381315034
            ],
            [
              -123.65468103857805,
              40.511630669762056
            ],
            [
              -123.65514961804217,
              40.511842752297255
            ],
            [
              -123.65607409475822,
              40.51254639289397
            ],
            [
              -123.65644278699095,
              40.512871360887324
            ],
            [
              -123.6565924238869,
              40.51308939808206
            ],
            [
              -123.65659424695662,
              40.5131627664647
            ],
            [
              -123.6568205516831,
              40.513563189706616
            ],
            [
              -123.65744278695422,
              40.514416624940175
            ],
            [
              -123.65764051900832,
              40.5146339643935
            ],
            [
              -123.65769176365768,
              40.51476165421527
            ],
            [
              -123.65816434898844,
              40.51539706951249
            ],
            [
              -123.6582958943622,
              40.51585390099873
            ],
            [
              -123.6584469233851,
              40.516126953359496
            ],
            [
              -123.65864604366078,
              40.5163993083833
            ],
            [
              -123.65894129865366,
              40.51667028835904
            ],
            [
              -123.65904152702123,
              40.51683398392939
            ],
            [
              -123.65907238321863,
              40.5171087869457
            ],
            [
              -123.65889514306868,
              40.517716893351825
            ],
            [
              -123.65893809052201,
              40.518140824584506
            ],
            [
              -123.65934689504883,
              40.51848103155565
            ],
            [
              -123.66049207178037,
              40.51908834843731
            ],
            [
              -123.66112883492367,
              40.519556216321455
            ],
            [
              -123.66125267346933,
              40.51970121887931
            ],
            [
              -123.661354763481,
              40.519938281043444
            ],
            [
              -123.6616790812584,
              40.5204106713783
            ],
            [
              -123.6624130770633,
              40.52083151679398
            ],
            [
              -123.66279887728969,
              40.52096329095908
            ],
            [
              -123.66311638274591,
              40.521160534641695
            ],
            [
              -123.66317906149553,
              40.52124438237766
            ],
            [
              -123.6632656109925,
              40.521360213585105
            ],
            [
              -123.66326880196569,
              40.521488618574544
            ],
            [
              -123.66317723825323,
              40.5216734372065
            ],
            [
              -123.66296546350786,
              40.52185999318767
            ],
            [
              -123.6627985681113,
              40.52191746408671
            ],
            [
              -123.66251425392376,
              40.52208672357808
            ],
            [
              -123.66220497645881,
              40.52221963809651
            ],
            [
              -123.66170749663715,
              40.52252043312062
            ],
            [
              -123.661508871801,
              40.52256748671927
            ],
            [
              -123.66111342689828,
              40.52280426941318
            ],
            [
              -123.66004042613214,
              40.52316842640873
            ],
            [
              -123.65951160191152,
              40.52317607592731
            ],
            [
              -123.65936830266754,
              40.52321483246755
            ],
            [
              -123.65910343436502,
              40.523200323046424
            ],
            [
              -123.65896011070453,
              40.52323907982829
            ],
            [
              -123.65843131093557,
              40.52324674246702
            ],
            [
              -123.65804534055745,
              40.523197260035346
            ],
            [
              -123.6578512330717,
              40.523126657604806
            ],
            [
              -123.65775509218643,
              40.523128049991634
            ],
            [
              -123.65770610951733,
              40.52309206165747
            ],
            [
              -123.65715096960288,
              40.52300831952772
            ],
            [
              -123.6568870133772,
              40.5230304714547
            ],
            [
              -123.65676820596103,
              40.52308725618094
            ],
            [
              -123.65672149151366,
              40.52314298829568
            ],
            [
              -123.65670064728597,
              40.52327173196638
            ],
            [
              -123.6567755009147,
              40.523380750694535
            ],
            [
              -123.6568743775742,
              40.52348941261377
            ],
            [
              -123.65721725720041,
              40.52374135138301
            ],
            [
              -123.65763181379498,
              40.5239739021148
            ],
            [
              -123.65775654100635,
              40.52415559395637
            ],
            [
              -123.65780915036548,
              40.52433833958751
            ],
            [
              -123.65779242555587,
              40.52463217288482
            ],
            [
              -123.65742419842367,
              40.52529804761039
            ],
            [
              -123.65733806415051,
              40.52570298917303
            ],
            [
              -123.65735080908324,
              40.52621657418515
            ],
            [
              -123.65742973554174,
              40.52649068381117
            ],
            [
              -123.65743700843899,
              40.526784161433014
            ],
            [
              -123.65746334939809,
              40.52687552424171
            ],
            [
              -123.65756265220669,
              40.52700253853664
            ],
            [
              -123.65788290698879,
              40.52730985052396
            ],
            [
              -123.657958211171,
              40.5274372208095
            ],
            [
              -123.65827617558467,
              40.5276528114304
            ],
            [
              -123.65976168375968,
              40.528402021111326
            ],
            [
              -123.6602229673521,
              40.52857884975489
            ],
            [
              -123.66034363342031,
              40.52859544847956
            ],
            [
              -123.6605622519308,
              40.528684041048635
            ],
            [
              -123.6607795118041,
              40.52871759668451
            ],
            [
              -123.66126484862623,
              40.528894063260736
            ],
            [
              -123.6615342861845,
              40.5290920105817
            ],
            [
              -123.66168357472843,
              40.52929169137381
            ],
            [
              -123.66181333880674,
              40.529675155269445
            ],
            [
              -123.66179818528728,
              40.53012343252638
            ],
            [
              -123.66175626626544,
              40.530281519085854
            ],
            [
              -123.66176859872215,
              40.53077677218639
            ],
            [
              -123.66182033183985,
              40.530922813307455
            ],
            [
              -123.66201995118712,
              40.531213518347734
            ],
            [
              -123.66218592466277,
              40.53165464625038
            ],
            [
              -123.66254122626735,
              40.531866542578555
            ],
            [
              -123.6629526565837,
              40.531970689434644
            ],
            [
              -123.66310029332647,
              40.53197427141523
            ],
            [
              -123.66364616277738,
              40.53181385062799
            ],
            [
              -123.66404937763095,
              40.531587812125814
            ],
            [
              -123.66428839667911,
              40.53152930059485
            ],
            [
              -123.66457365963652,
              40.531396720369465
            ],
            [
              -123.66490793746125,
              40.53130012456061
            ],
            [
              -123.66519575401445,
              40.53124325353906
            ],
            [
              -123.66541140824543,
              40.53123777453757
            ],
            [
              -123.66591393752068,
              40.5311387384954
            ],
            [
              -123.66617838955048,
              40.531134881578396
            ],
            [
              -123.66641787629513,
              40.53109471717785
            ],
            [
              -123.66648905843812,
              40.53105645756524
            ],
            [
              -123.66681306689547,
              40.53103456149096
            ],
            [
              -123.66689637701616,
              40.53099601736646
            ],
            [
              -123.66718532576097,
              40.531010169217346
            ],
            [
              -123.66750149972032,
              40.531152385952
            ],
            [
              -123.66769747200922,
              40.53129632473675
            ],
            [
              -123.6678703613236,
              40.53147730611479
            ],
            [
              -123.66831130463686,
              40.53180118518324
            ],
            [
              -123.66910420621379,
              40.53222288072663
            ],
            [
              -123.66967312518162,
              40.53240530034683
            ],
            [
              -123.67015669433749,
              40.53250834418591
            ],
            [
              -123.67109474506708,
              40.5325130479106
            ],
            [
              -123.67116640030778,
              40.53249365352691
            ],
            [
              -123.67176970581458,
              40.53257663212245
            ],
            [
              -123.67264341366717,
              40.532894197942774
            ],
            [
              -123.67303633320144,
              40.5332187434295
            ],
            [
              -123.67350136234359,
              40.53354228080703
            ],
            [
              -123.67398862701023,
              40.5337920487179
            ],
            [
              -123.67427940568437,
              40.53387955426221
            ],
            [
              -123.6746404970225,
              40.533892662214534
            ],
            [
              -123.67485638399731,
              40.53387113902144
            ],
            [
              -123.67511898796677,
              40.533793118871344
            ],
            [
              -123.67523921004276,
              40.53379216361619
            ],
            [
              -123.67588415647128,
              40.5336176079817
            ],
            [
              -123.67605452068732,
              40.5336032811269
            ],
            [
              -123.67609914566123,
              40.5335594156506
            ],
            [
              -123.67631413450528,
              40.53350122295046
            ],
            [
              -123.67638489165088,
              40.53344514013367
            ],
            [
              -123.67669553732688,
              40.53336720790659
            ],
            [
              -123.6771518575296,
              40.53334219838321
            ],
            [
              -123.67727251220951,
              40.53335879987977
            ],
            [
              -123.67736961279192,
              40.53339407634271
            ],
            [
              -123.67756563494001,
              40.533537999127134
            ],
            [
              -123.67776716983892,
              40.53390204891515
            ],
            [
              -123.67801541202618,
              40.53421035785078
            ],
            [
              -123.67838478626216,
              40.53455359958996
            ],
            [
              -123.6786298154204,
              40.53473351981307
            ],
            [
              -123.67880316513543,
              40.5349328207368
            ],
            [
              -123.67892936166706,
              40.53516952899344
            ],
            [
              -123.6789584539814,
              40.535370943533756
            ],
            [
              -123.67906157149434,
              40.535644678390724
            ],
            [
              -123.67906524019814,
              40.53579141808007
            ],
            [
              -123.67921778673079,
              40.5361194858907
            ],
            [
              -123.67936756357527,
              40.53633748088977
            ],
            [
              -123.67956452209039,
              40.53651810408518
            ],
            [
              -123.67971524851725,
              40.536772782798025
            ],
            [
              -123.67972168929504,
              40.53702957694826
            ],
            [
              -123.67965831949884,
              40.53737914013949
            ],
            [
              -123.67961116331016,
              40.53741652958182
            ],
            [
              -123.67958943220371,
              40.537508593887864
            ],
            [
              -123.67957276866588,
              40.537802434186894
            ],
            [
              -123.67950572774848,
              40.538005257559675
            ],
            [
              -123.67951032094516,
              40.538188682355965
            ],
            [
              -123.6794405091754,
              40.538281451290445
            ],
            [
              -123.6793743666959,
              40.53852096022217
            ],
            [
              -123.67936648603232,
              40.53916329721328
            ],
            [
              -123.67947416432341,
              40.53943619633562
            ],
            [
              -123.67947740102518,
              40.53974888341533
            ],
            [
              -123.67952827602528,
              40.539858214282134
            ],
            [
              -123.67953104747649,
              40.53996828733411
            ],
            [
              -123.67963182716888,
              40.54015028403495
            ],
            [
              -123.67966002402163,
              40.540315013682424
            ],
            [
              -123.679864336177,
              40.5407891360606
            ],
            [
              -123.6799877742072,
              40.540915771303794
            ],
            [
              -123.68013898574941,
              40.541188801791236
            ],
            [
              -123.68050556323264,
              40.5416325517074
            ],
            [
              -123.68115293807882,
              40.542293273302036
            ],
            [
              -123.68114034086261,
              40.542373236197264
            ],
            [
              -123.68135681404412,
              40.54274902356513
            ],
            [
              -123.68146454962226,
              40.54320618371834
            ],
            [
              -123.68158939307668,
              40.54338783551957
            ],
            [
              -123.68220480103084,
              40.54394766969158
            ],
            [
              -123.68279388647788,
              40.54441612239585
            ],
            [
              -123.68294231494552,
              40.544579077589766
            ],
            [
              -123.68389903864119,
              40.545317384891526
            ],
            [
              -123.68437112591477,
              40.5459159954298
            ],
            [
              -123.68437252657965,
              40.545971013403204
            ],
            [
              -123.68452281496646,
              40.546207355437254
            ],
            [
              -123.68452651944294,
              40.54635409560029
            ],
            [
              -123.68472860074954,
              40.54673648954783
            ],
            [
              -123.68522663602778,
              40.54740810412111
            ],
            [
              -123.68563709312582,
              40.54779823187829
            ],
            [
              -123.68567196017872,
              40.547896998661194
            ],
            [
              -123.68617014057831,
              40.54825131638179
            ],
            [
              -123.6861630724109,
              40.54829348076068
            ],
            [
              -123.68645948687565,
              40.54860106950302
            ],
            [
              -123.68653533874053,
              40.548746757803
            ],
            [
              -123.68725399708032,
              40.54958026462843
            ],
            [
              -123.6874995504951,
              40.549778503428094
            ],
            [
              -123.68764845283522,
              40.54995980590638
            ],
            [
              -123.68818770231262,
              40.55035557223569
            ],
            [
              -123.68860622399166,
              40.55073476560165
            ],
            [
              -123.68888095869713,
              40.55113439705244
            ],
            [
              -123.68932540187076,
              40.5515865949155
            ],
            [
              -123.68947431345099,
              40.55176791392308
            ],
            [
              -123.68947569395212,
              40.55182293283812
            ],
            [
              -123.68982258529094,
              40.552221527153684
            ],
            [
              -123.69017410162324,
              40.55280354738321
            ],
            [
              -123.69074623503207,
              40.55354744116118
            ],
            [
              -123.69133781488937,
              40.554107578544965
            ],
            [
              -123.69138821729884,
              40.55419857359722
            ],
            [
              -123.692025536797,
              40.55466627752197
            ],
            [
              -123.6922716214077,
              40.554882840114026
            ],
            [
              -123.69244970827017,
              40.5552655518471
            ],
            [
              -123.69248633684577,
              40.55576044756857
            ],
            [
              -123.6925371953958,
              40.55586979450539
            ],
            [
              -123.69256683486734,
              40.556089541855954
            ],
            [
              -123.69287728996495,
              40.556947396390406
            ],
            [
              -123.69293327942408,
              40.55725850300803
            ],
            [
              -123.69298323331249,
              40.557331163854215
            ],
            [
              -123.6929638279923,
              40.55751495501835
            ],
            [
              -123.69324512831835,
              40.55817139511679
            ],
            [
              -123.69324885110593,
              40.558318136557205
            ],
            [
              -123.69342883735087,
              40.558774218074795
            ],
            [
              -123.69357872811338,
              40.558992199541215
            ],
            [
              -123.69363054565189,
              40.559138231008326
            ],
            [
              -123.69402742733007,
              40.55960947757462
            ],
            [
              -123.69454320111798,
              40.56002389906509
            ],
            [
              -123.69551826111137,
              40.560523297252836
            ],
            [
              -123.69638329383197,
              40.56114318959239
            ],
            [
              -123.69740834430377,
              40.562000041997756
            ],
            [
              -123.69765724478377,
              40.56232665241598
            ],
            [
              -123.69795426800121,
              40.56265254996609
            ],
            [
              -123.69822488825517,
              40.56288708986636
            ],
            [
              -123.69864638297526,
              40.56337629017996
            ],
            [
              -123.69929786204322,
              40.564394242498146
            ],
            [
              -123.69937607850402,
              40.56463162992127
            ],
            [
              -123.69948699045925,
              40.56475650095527
            ],
            [
              -123.69964287632543,
              40.565212501638186
            ],
            [
              -123.69963620428192,
              40.56539844515601
            ],
            [
              -123.69968851822665,
              40.56556282654931
            ],
            [
              -123.69990240077905,
              40.56603129462289
            ],
            [
              -123.70095877971139,
              40.566561514770065
            ],
            [
              -123.70170289546057,
              40.566691719233646
            ],
            [
              -123.70217161118129,
              40.566729860874034
            ],
            [
              -123.70331607334995,
              40.56667323371268
            ],
            [
              -123.7044687765151,
              40.566683925918554
            ],
            [
              -123.70595575940901,
              40.56692714153608
            ],
            [
              -123.70737465292649,
              40.566914675408874
            ],
            [
              -123.7079544106756,
              40.56669907675164
            ],
            [
              -123.70907957896252,
              40.5657416726865
            ],
            [
              -123.7097877834484,
              40.56538141232968
            ],
            [
              -123.71037707717255,
              40.56520721458421
            ],
            [
              -123.71103302700698,
              40.56532450965323
            ],
            [
              -123.71263822414554,
              40.56630119083204
            ],
            [
              -123.7133842984215,
              40.56658448988384
            ],
            [
              -123.71422156081752,
              40.56673719778607
            ],
            [
              -123.71637581249445,
              40.56730901821021
            ],
            [
              -123.71721093790102,
              40.56778595476347
            ],
            [
              -123.71847183030754,
              40.56888666349012
            ],
            [
              -123.71932101717367,
              40.569313587355246
            ],
            [
              -123.72019027900052,
              40.569699628510634
            ],
            [
              -123.72146220038552,
              40.56998035205396
            ],
            [
              -123.72209865413338,
              40.57024181864429
            ],
            [
              -123.72250321902715,
              40.57082540806793
            ],
            [
              -123.72320890798633,
              40.57131152059977
            ],
            [
              -123.72358453532846,
              40.57137686672549
            ],
            [
              -123.72402776733732,
              40.571149242917514
            ],
            [
              -123.72447646574528,
              40.57077696067486
            ],
            [
              -123.72507213108757,
              40.57008848859966
            ],
            [
              -123.72566927781735,
              40.56954446217737
            ],
            [
              -123.72633836422095,
              40.56943596239265
            ],
            [
              -123.72711064449405,
              40.56958038241989
            ],
            [
              -123.72781194947464,
              40.57028234320527
            ],
            [
              -123.72820630926473,
              40.5711898362261
            ],
            [
              -123.72847048333932,
              40.57209388919684
            ],
            [
              -123.72900696177412,
              40.57289262313027
            ],
            [
              -123.73021401300329,
              40.57360983278549
            ],
            [
              -123.73115484206744,
              40.57397814826246
            ],
            [
              -123.73202801513658,
              40.57409446203385
            ],
            [
              -123.73268375182789,
              40.57411249408091
            ],
            [
              -123.73325346303024,
              40.5741810074633
            ],
            [
              -123.73380895773468,
              40.57468171075674
            ],
            [
              -123.73425136429378,
              40.575466917136026
            ],
            [
              -123.73488256769406,
              40.57629600953043
            ],
            [
              -123.7356693779227,
              40.57692666111608
            ],
            [
              -123.73643303993444,
              40.57743095348334
            ],
            [
              -123.73748887434853,
              40.57830697999231
            ],
            [
              -123.73843172427293,
              40.57928275274051
            ],
            [
              -123.73931255118644,
              40.58043048370301
            ],
            [
              -123.73989996418263,
              40.581709829202154
            ],
            [
              -123.74036799507064,
              40.583265717665626
            ],
            [
              -123.7401952238413,
              40.5843299735465
            ],
            [
              -123.73934331159793,
              40.58673168720539
            ],
            [
              -123.73871450565042,
              40.58812765545046
            ],
            [
              -123.73764766456856,
              40.59012545016331
            ],
            [
              -123.7373050254417,
              40.590856814369495
            ],
            [
              -123.73703523595336,
              40.59169696236434
            ],
            [
              -123.73701081016426,
              40.592481001103216
            ],
            [
              -123.73724197772576,
              40.59306440355504
            ],
            [
              -123.73736769351311,
              40.59383041655274
            ],
            [
              -123.73678867638715,
              40.59422073462268
            ],
            [
              -123.73564223161135,
              40.59411099743523
            ],
            [
              -123.73462981218661,
              40.59382876632292
            ],
            [
              -123.73348798414906,
              40.593580004423316
            ],
            [
              -123.73216589566809,
              40.59334482287509
            ],
            [
              -123.73119098588741,
              40.59323805297155
            ],
            [
              -123.73078960723481,
              40.593362756980746
            ],
            [
              -123.73055993404317,
              40.593922273610964
            ],
            [
              -123.73057346217469,
              40.59441307746385
            ],
            [
              -123.73086117417975,
              40.595956393583336
            ],
            [
              -123.73107170775016,
              40.59813579860647
            ],
            [
              -123.73125300003333,
              40.59875591269251
            ],
            [
              -123.73159345151376,
              40.599353251175565
            ],
            [
              -123.73160452286685,
              40.60018211574681
            ],
            [
              -123.73132284730035,
              40.60118739585139
            ],
            [
              -123.73129386351229,
              40.60215634996576
            ],
            [
              -123.73158372096226,
              40.60282531702927
            ],
            [
              -123.73175156951321,
              40.603513452624796
            ],
            [
              -123.7322970064673,
              40.60436601891853
            ],
            [
              -123.7330166680305,
              40.604771403903385
            ],
            [
              -123.73375811046215,
              40.605248545962354
            ],
            [
              -123.73451996928253,
              40.60562673896135
            ],
            [
              -123.73522263872647,
              40.6058608237249
            ],
            [
              -123.73805552749093,
              40.60643277450179
            ],
            [
              -123.73886805235978,
              40.607346580871614
            ],
            [
              -123.73920141357046,
              40.60801169860698
            ],
            [
              -123.73935953839381,
              40.609009941615234
            ],
            [
              -123.73921149208178,
              40.609754332865755
            ],
            [
              -123.7387507799557,
              40.61031183290024
            ],
            [
              -123.73754052728215,
              40.61137291691245
            ],
            [
              -123.73750816349074,
              40.61166146651533
            ],
            [
              -123.73837169300158,
              40.61253880510935
            ],
            [
              -123.73897332921125,
              40.61326065144683
            ],
            [
              -123.73970426847984,
              40.61401749981056
            ],
            [
              -123.74138179064852,
              40.615447739975686
            ],
            [
              -123.74233537922512,
              40.61607166837925
            ],
            [
              -123.74359766648644,
              40.616676419272686
            ],
            [
              -123.74515861004336,
              40.61749553893617
            ],
            [
              -123.74745769739863,
              40.619007290259376
            ],
            [
              -123.74948395602217,
              40.62008893045307
            ],
            [
              -123.75033296867704,
              40.62042583003141
            ],
            [
              -123.75161169975526,
              40.62081791049134
            ],
            [
              -123.75211684048189,
              40.620824338139954
            ],
            [
              -123.75349533968345,
              40.62047711241965
            ],
            [
              -123.75446991416304,
              40.62052063760961
            ],
            [
              -123.7553466455577,
              40.620757502265
            ],
            [
              -123.75592760441657,
              40.62099233163991
            ],
            [
              -123.75686192585358,
              40.621220985384554
            ],
            [
              -123.75945892754784,
              40.620811484880356
            ],
            [
              -123.76022051859752,
              40.62065438128781
            ],
            [
              -123.76132605306815,
              40.620331364416614
            ],
            [
              -123.7624483675078,
              40.62017488889171
            ],
            [
              -123.76383195271782,
              40.62010340077892
            ],
            [
              -123.76472326657968,
              40.61993924068683
            ],
            [
              -123.76542788009083,
              40.61984494977829
            ],
            [
              -123.76640504809731,
              40.61962604725457
            ],
            [
              -123.76785033577839,
              40.619377758410046
            ],
            [
              -123.76877404552162,
              40.619381289450054
            ],
            [
              -123.76936228413531,
              40.61962034024366
            ],
            [
              -123.77008622627257,
              40.62016511835926
            ],
            [
              -123.77123578816195,
              40.620756681632784
            ],
            [
              -123.77180001895708,
              40.62089645400792
            ],
            [
              -123.772480063517,
              40.62098229643009
            ],
            [
              -123.77323495775046,
              40.62128387239674
            ],
            [
              -123.77398188141656,
              40.621503706510936
            ],
            [
              -123.77479769412466,
              40.62154286561871
            ],
            [
              -123.77532948275338,
              40.62147180084083
            ],
            [
              -123.77601073449463,
              40.62122012576926
            ],
            [
              -123.7769216057202,
              40.62095726265446
            ],
            [
              -123.77791163737312,
              40.62102716027205
            ],
            [
              -123.77899886924146,
              40.62133041704367
            ],
            [
              -123.78153376851208,
              40.62240340245769
            ],
            [
              -123.7822070222626,
              40.622542637131055
            ],
            [
              -123.78271801705361,
              40.622476382102064
            ],
            [
              -123.78414705963893,
              40.62210135734571
            ],
            [
              -123.78570998759643,
              40.62196079501467
            ],
            [
              -123.78651016022921,
              40.62196882457202
            ],
            [
              -123.7869078219798,
              40.621997268978404
            ],
            [
              -123.78756607772063,
              40.622145940006035
            ],
            [
              -123.78814755617437,
              40.6223670758361
            ],
            [
              -123.78857351265833,
              40.62286419697079
            ],
            [
              -123.78912401264225,
              40.622945737905866
            ],
            [
              -123.78980158375683,
              40.62294112763481
            ],
            [
              -123.79058361780913,
              40.622702082374445
            ],
            [
              -123.79155046837177,
              40.62233007848087
            ],
            [
              -123.79241602524701,
              40.621901439151564
            ],
            [
              -123.79324151738989,
              40.62122388523197
            ],
            [
              -123.79387973982539,
              40.620612053505894
            ],
            [
              -123.7945906075934,
              40.62005317769655
            ],
            [
              -123.79621224557981,
              40.619919735071626
            ],
            [
              -123.79683017635132,
              40.6202715388362
            ],
            [
              -123.79730819263564,
              40.620745368803924
            ],
            [
              -123.79836648977438,
              40.621107933965064
            ],
            [
              -123.79924104826632,
              40.62116034916296
            ],
            [
              -123.79996090937148,
              40.621110474624196
            ],
            [
              -123.80026623698618,
              40.62102733942286
            ],
            [
              -123.80085764425304,
              40.62165373240903
            ],
            [
              -123.80162649078875,
              40.622288210394714
            ],
            [
              -123.80248658253716,
              40.62280891264678
            ],
            [
              -123.80316098766565,
              40.6230389706961
            ],
            [
              -123.80377558290078,
              40.62307425665034
            ],
            [
              -123.8055114864491,
              40.62300393079355
            ],
            [
              -123.8062472175135,
              40.62303014333086
            ],
            [
              -123.80680161322817,
              40.62336018022326
            ],
            [
              -123.80711728264379,
              40.624096667080316
            ],
            [
              -123.80735628435772,
              40.62454988842221
            ],
            [
              -123.807751805834,
              40.6248036922572
            ],
            [
              -123.80840624134493,
              40.625550938678785
            ],
            [
              -123.8087027447964,
              40.626351107245185
            ],
            [
              -123.80869606526815,
              40.62705803634715
            ],
            [
              -123.80863915224205,
              40.62770257744083
            ],
            [
              -123.8086813310722,
              40.628635051271374
            ],
            [
              -123.80896021128619,
              40.62898875062432
            ],
            [
              -123.80947455384961,
              40.629462536554335
            ],
            [
              -123.80992534217215,
              40.629711817996565
            ],
            [
              -123.811670137368,
              40.63054167845235
            ],
            [
              -123.8122066560595,
              40.630916474544506
            ],
            [
              -123.81267146696558,
              40.63129151062774
            ],
            [
              -123.81309206267157,
              40.63186450194274
            ],
            [
              -123.81327347698404,
              40.63254849996908
            ],
            [
              -123.81335962440704,
              40.63330412874495
            ],
            [
              -123.8139918945145,
              40.634322145265315
            ],
            [
              -123.81438993354813,
              40.63504908331778
            ],
            [
              -123.81519787123273,
              40.6357462402852
            ],
            [
              -123.81668338204085,
              40.63636681102161
            ],
            [
              -123.81736632408003,
              40.6365593591128
            ],
            [
              -123.81825225908297,
              40.63671074387897
            ],
            [
              -123.81913001901789,
              40.636777566936566
            ],
            [
              -123.81969234440774,
              40.636723116115704
            ],
            [
              -123.82035776332599,
              40.63655676427836
            ],
            [
              -123.82135390657544,
              40.636360234888215
            ],
            [
              -123.82467016186769,
              40.635295739869775
            ],
            [
              -123.82555485683943,
              40.634803177681746
            ],
            [
              -123.82622696020044,
              40.63451940204275
            ],
            [
              -123.82653563352685,
              40.63465243569976
            ],
            [
              -123.82703021852923,
              40.63492366368774
            ],
            [
              -123.82794735199847,
              40.63560133870951
            ],
            [
              -123.82835462037941,
              40.63594117188358
            ],
            [
              -123.82871756611293,
              40.6357173339375
            ],
            [
              -123.82905949813934,
              40.635250760698106
            ],
            [
              -123.8294870190166,
              40.63496884943331
            ],
            [
              -123.83019635200839,
              40.634648701432035
            ],
            [
              -123.83088176067156,
              40.63465716067155
            ],
            [
              -123.83117472428985,
              40.634897995637765
            ],
            [
              -123.83180508475172,
              40.635276005696454
            ],
            [
              -123.83291910233936,
              40.63560139096797
            ],
            [
              -123.83309708328808,
              40.63592490582122
            ],
            [
              -123.83366240646811,
              40.636456472113764
            ],
            [
              -123.83430694891163,
              40.6368574229746
            ],
            [
              -123.83445411395822,
              40.63724780891664
            ],
            [
              -123.83479046035531,
              40.63765095062912
            ],
            [
              -123.83560857119635,
              40.63797838706575
            ],
            [
              -123.83640028916844,
              40.638144069905174
            ],
            [
              -123.83696050563996,
              40.63835580583
            ],
            [
              -123.83688215174853,
              40.6389962357452
            ],
            [
              -123.83633690392998,
              40.63968461320097
            ],
            [
              -123.83600722146207,
              40.640290540229
            ],
            [
              -123.83560730816193,
              40.641536941517955
            ],
            [
              -123.83534294936754,
              40.642106774438524
            ],
            [
              -123.83566847964838,
              40.64275728874339
            ],
            [
              -123.83624053901497,
              40.643303003381966
            ],
            [
              -123.83667422857086,
              40.64400624439422
            ],
            [
              -123.83682915796483,
              40.6445144097622
            ],
            [
              -123.83695836513675,
              40.64532449780981
            ],
            [
              -123.83718250016464,
              40.646070239114486
            ],
            [
              -123.83746905902527,
              40.646383940833154
            ],
            [
              -123.83832253332746,
              40.64676968051603
            ],
            [
              -123.84057828581062,
              40.64767607291349
            ],
            [
              -123.8416427646321,
              40.648740369012984
            ],
            [
              -123.84230234722523,
              40.64921293054925
            ],
            [
              -123.84351769173135,
              40.64959650299187
            ],
            [
              -123.84393422336785,
              40.649670081359474
            ],
            [
              -123.84439810070224,
              40.649445605079585
            ],
            [
              -123.84525578135836,
              40.649403029526134
            ],
            [
              -123.846439877578,
              40.649178797759326
            ],
            [
              -123.84700625964695,
              40.64779114395417
            ],
            [
              -123.8478249834702,
              40.647330327930256
            ],
            [
              -123.85079618362238,
              40.64629552101195
            ],
            [
              -123.85174617752843,
              40.64647258509594
            ],
            [
              -123.85287083087188,
              40.646424197806574
            ],
            [
              -123.85364585795922,
              40.64587287252441
            ],
            [
              -123.8542269505167,
              40.64538697790245
            ],
            [
              -123.85483581368209,
              40.64493625505858
            ],
            [
              -123.8557611080363,
              40.64461011283031
            ],
            [
              -123.85685758748559,
              40.64447073847256
            ],
            [
              -123.85763876620852,
              40.64507299261277
            ],
            [
              -123.8579413509159,
              40.64595430055521
            ],
            [
              -123.8589682653668,
              40.64646411588019
            ],
            [
              -123.86127820836319,
              40.646789011308776
            ],
            [
              -123.86222183621635,
              40.64699857440443
            ],
            [
              -123.86284555021261,
              40.64726848410946
            ],
            [
              -123.86440171725238,
              40.64827028407073
            ],
            [
              -123.86585383545288,
              40.64885443011848
            ],
            [
              -123.86724925915864,
              40.64910483347771
            ],
            [
              -123.86796263274604,
              40.64914940360138
            ],
            [
              -123.8692864912282,
              40.649499206969864
            ],
            [
              -123.87055129118258,
              40.649967452419524
            ],
            [
              -123.87205553850367,
              40.65023976341209
            ],
            [
              -123.87309521709365,
              40.65050202721934
            ],
            [
              -123.87406465694463,
              40.65130113719344
            ],
            [
              -123.87535944583573,
              40.651727825098654
            ],
            [
              -123.87586427653765,
              40.65180589422926
            ],
            [
              -123.87633892376458,
              40.652031667076464
            ],
            [
              -123.87693790489676,
              40.652058909681976
            ],
            [
              -123.87752894360719,
              40.65182864435414
            ],
            [
              -123.87832139571717,
              40.651053218716235
            ],
            [
              -123.87920879102886,
              40.65083425053452
            ],
            [
              -123.88014563395551,
              40.650984467349204
            ],
            [
              -123.88072170153036,
              40.65124593832584
            ],
            [
              -123.88134179540809,
              40.65129502324807
            ],
            [
              -123.88186762429525,
              40.65112451799019
            ],
            [
              -123.88237255211358,
              40.65088170489782
            ],
            [
              -123.88306428753121,
              40.650895056440675
            ],
            [
              -123.88489537357218,
              40.651213906665646
            ],
            [
              -123.88643722044647,
              40.65153078484347
            ],
            [
              -123.88704915051554,
              40.65194968760708
            ],
            [
              -123.88702080281841,
              40.652562688095394
            ],
            [
              -123.88668146445127,
              40.653051915440976
            ],
            [
              -123.88638577177933,
              40.654022019397225
            ],
            [
              -123.88682549851296,
              40.65500517951837
            ],
            [
              -123.88749615688761,
              40.655373786597046
            ],
            [
              -123.88835306397785,
              40.65530897057577
            ],
            [
              -123.88885082810452,
              40.65541342426744
            ],
            [
              -123.88926863522639,
              40.6557699159194
            ],
            [
              -123.89005437074078,
              40.656030144406046
            ],
            [
              -123.89101334462889,
              40.655869424300434
            ],
            [
              -123.89192852628388,
              40.65600670148953
            ],
            [
              -123.89254177504702,
              40.65620921144112
            ],
            [
              -123.8931995498315,
              40.65669536600274
            ],
            [
              -123.89326322902818,
              40.656888027888876
            ],
            [
              -123.89367296233864,
              40.65737550135673
            ],
            [
              -123.89386768688867,
              40.6577840633627
            ],
            [
              -123.89373742428815,
              40.658302803897655
            ],
            [
              -123.893514070979,
              40.65896697941431
            ],
            [
              -123.89347748814274,
              40.659783078698396
            ],
            [
              -123.89370354387013,
              40.66044306398378
            ],
            [
              -123.89285007049367,
              40.66080584688769
            ],
            [
              -123.89172570112298,
              40.66150809206143
            ],
            [
              -123.89038580899377,
              40.66252723589855
            ],
            [
              -123.88947640938372,
              40.66308835698633
            ],
            [
              -123.8891161561812,
              40.663978526650084
            ],
            [
              -123.88844600127042,
              40.66425837865161
            ],
            [
              -123.88733521594304,
              40.66426689976963
            ],
            [
              -123.88688139602003,
              40.664409811727985
            ],
            [
              -123.88566337986795,
              40.66431547910148
            ],
            [
              -123.8849274707245,
              40.66438437783702
            ],
            [
              -123.88448852422054,
              40.664693872550444
            ],
            [
              -123.88432902274282,
              40.665577776882415
            ],
            [
              -123.88427161771718,
              40.66633140600543
            ],
            [
              -123.88411968479441,
              40.667273652655375
            ],
            [
              -123.88407679692625,
              40.667795841243304
            ],
            [
              -123.88357928178193,
              40.6683361745069
            ],
            [
              -123.88267014011033,
              40.668725971010325
            ],
            [
              -123.88249019587911,
              40.66892088973575
            ],
            [
              -123.88213022550924,
              40.66896003734467
            ],
            [
              -123.88154542551003,
              40.6687791248822
            ],
            [
              -123.8805081205843,
              40.66877345643182
            ],
            [
              -123.87962058001959,
              40.6690555360333
            ],
            [
              -123.87851113150087,
              40.66957239595294
            ],
            [
              -123.8779983751909,
              40.67013995020566
            ],
            [
              -123.87765250344705,
              40.67070962984094
            ],
            [
              -123.87737842476396,
              40.67126634500293
            ],
            [
              -123.87685128242887,
              40.67259886460048
            ],
            [
              -123.87682324738735,
              40.67328849478373
            ],
            [
              -123.87642637730812,
              40.67460231480272
            ],
            [
              -123.87597152764918,
              40.675677665847516
            ],
            [
              -123.87580466593818,
              40.676165131537026
            ],
            [
              -123.87579791608998,
              40.676831558904816
            ],
            [
              -123.87610767585579,
              40.677901662451355
            ],
            [
              -123.87637382293401,
              40.678359577344295
            ],
            [
              -123.8768134751183,
              40.678770381209766
            ],
            [
              -123.87713073769913,
              40.678947823361696
            ],
            [
              -123.87745592481124,
              40.67922445131188
            ],
            [
              -123.8778591107185,
              40.68042882969758
            ],
            [
              -123.87853593584802,
              40.681748057101196
            ],
            [
              -123.87995575382284,
              40.68371849869934
            ],
            [
              -123.88051092658307,
              40.684597273590214
            ],
            [
              -123.88143373880226,
              40.685248227707746
            ],
            [
              -123.88296953948684,
              40.68618202497123
            ],
            [
              -123.8849736714857,
              40.68765726785148
            ],
            [
              -123.88699961796031,
              40.68871907147869
            ],
            [
              -123.88926335204462,
              40.69035460747825
            ],
            [
              -123.88970414869745,
              40.69059859247702
            ],
            [
              -123.89020148812945,
              40.691328716260465
            ],
            [
              -123.8905262945766,
              40.69208280580977
            ],
            [
              -123.8909657405476,
              40.692678674574026
            ],
            [
              -123.89136919345113,
              40.69313480418373
            ],
            [
              -123.89188826782048,
              40.69360873251073
            ],
            [
              -123.89158569782686,
              40.69528253064064
            ],
            [
              -123.89161364782166,
              40.696417467807635
            ],
            [
              -123.89128915653615,
              40.697685164932686
            ],
            [
              -123.8907627198835,
              40.69822081049424
            ],
            [
              -123.88958744896789,
              40.69849111064567
            ],
            [
              -123.88903955686199,
              40.69845048495386
            ],
            [
              -123.88837623399797,
              40.69901377053485
            ],
            [
              -123.88861399542394,
              40.69980048042558
            ],
            [
              -123.8894650907587,
              40.70065390845014
            ],
            [
              -123.89030044078653,
              40.70137235031778
            ],
            [
              -123.89083493775048,
              40.70226077590806
            ],
            [
              -123.89123892459122,
              40.70269885758653
            ],
            [
              -123.89154099026281,
              40.70312013093571
            ],
            [
              -123.89163536956802,
              40.703511288068384
            ],
            [
              -123.89207562594419,
              40.704380965006834
            ],
            [
              -123.89196700154857,
              40.70537767444445
            ],
            [
              -123.89209668863252,
              40.706156188048254
            ],
            [
              -123.89203095448457,
              40.70711099669485
            ],
            [
              -123.89205978843269,
              40.70808367413341
            ],
            [
              -123.89237697635177,
              40.70911324479371
            ],
            [
              -123.89221093083613,
              40.70980807106238
            ],
            [
              -123.89234090467318,
              40.71059080681248
            ],
            [
              -123.89255072264844,
              40.71142713409818
            ],
            [
              -123.8930048630169,
              40.712319754913445
            ],
            [
              -123.89360435690995,
              40.71306725734074
            ],
            [
              -123.89499604043036,
              40.71390825828571
            ],
            [
              -123.8972388617088,
              40.71458428013399
            ],
            [
              -123.89787402561987,
              40.71468242067096
            ],
            [
              -123.89827808452783,
              40.71468893070815
            ],
            [
              -123.90004586499013,
              40.71466139536663
            ],
            [
              -123.90151024386292,
              40.71471721272693
            ],
            [
              -123.90226786196338,
              40.71467090252696
            ],
            [
              -123.90446793383511,
              40.71420720459897
            ],
            [
              -123.90594684756707,
              40.713704712274804
            ],
            [
              -123.90773507488713,
              40.71346093332139
            ],
            [
              -123.90863743105608,
              40.713395676095686
            ],
            [
              -123.90939419247006,
              40.713245701500135
            ],
            [
              -123.91003684804434,
              40.71275843708398
            ],
            [
              -123.91101076047232,
              40.71235454962585
            ],
            [
              -123.91267624325637,
              40.7123185269502
            ],
            [
              -123.91414838165014,
              40.71234716163196
            ],
            [
              -123.9147039656939,
              40.71232968900566
            ],
            [
              -123.91520938448991,
              40.712082772602535
            ],
            [
              -123.91600151883779,
              40.71136483227033
            ],
            [
              -123.91755197884902,
              40.710437936067706
            ],
            [
              -123.9178555117905,
              40.70985396361959
            ],
            [
              -123.91833086550601,
              40.709490246395866
            ],
            [
              -123.9188578220564,
              40.70949082576048
            ],
            [
              -123.91976658146,
              40.70976222221945
            ],
            [
              -123.92077716016168,
              40.71023182918738
            ],
            [
              -123.92124540787002,
              40.710588374497775
            ],
            [
              -123.9216428917195,
              40.711017581887994
            ],
            [
              -123.92248790879152,
              40.71179043114498
            ],
            [
              -123.9230931283958,
              40.71262326738614
            ],
            [
              -123.92352602044414,
              40.71361475368871
            ],
            [
              -123.9240383359563,
              40.71430457038805
            ],
            [
              -123.9244937363253,
              40.7150085869992
            ],
            [
              -123.92540232675572,
              40.71538391412087
            ],
            [
              -123.92641275999146,
              40.71584868579477
            ],
            [
              -123.92689017701163,
              40.716719050005686
            ],
            [
              -123.92709907643125,
              40.71751028048401
            ],
            [
              -123.92725859654264,
              40.71878789575079
            ],
            [
              -123.92795886316716,
              40.719597132894215
            ],
            [
              -123.92869394913323,
              40.719551373809885
            ],
            [
              -123.92942227463199,
              40.71922526641957
            ],
            [
              -123.93015101580808,
              40.71875066550705
            ],
            [
              -123.93118289960566,
              40.7179988350152
            ],
            [
              -123.93234408026902,
              40.71753478598481
            ],
            [
              -123.93318746450831,
              40.71769012531091
            ],
            [
              -123.93401029155585,
              40.71820132904558
            ],
            [
              -123.93484805335444,
              40.718667302489685
            ],
            [
              -123.93558369998708,
              40.71886940065449
            ],
            [
              -123.93635561930131,
              40.71890809802852
            ],
            [
              -123.9375603941568,
              40.71919536089124
            ],
            [
              -123.93837553639455,
              40.71957157908622
            ],
            [
              -123.94081538634349,
              40.719880268068906
            ],
            [
              -123.94167322287441,
              40.720035094182805
            ],
            [
              -123.9426765634695,
              40.72038728800148
            ],
            [
              -123.94346273977911,
              40.72090326858624
            ],
            [
              -123.94451750416928,
              40.72206629081102
            ],
            [
              -123.94489330972141,
              40.72263021690393
            ],
            [
              -123.94581643789637,
              40.723226644480114
            ],
            [
              -123.9469001364293,
              40.72359176898762
            ]
          ]
        ]
      },
      "properties": {
        "SHAPE_Length": 702597.4486007453,
        "SHAPE_Area": 9537602944.850618,
        "OBJECTID": 23,
        "HRC": "NC",
        "HBPA": "NC",
        "RBU": 1111,
        "HR": 1,
        "RB": 1,
        "HU": 11,
        "HRNAME": "North Coast",
        "RBNAME": "North Coast",
        "HBPANAME": "North Coast",
        "HUNAME": "EEL RIVER",
        "IDNUM": "1111"
      }
    }
  ],
  "source": "https://gispublic.waterboards.ca.gov/arcgis/rest/services/Hydrography/CalWater_Boundaries/MapServer/5/query?geometry=-124.09974068101218%2C40.49149394275497&geometryType=esriGeometryPoint&inSR=4326&spatialRel=esriSpatialRelIntersects&outFields=%2A&returnGeometry=true&outSR=4326&f=geojson",
  "retrieval_time": "2026-10-04T20:27:51.119200+00:00"
}
